[
    {
        "client_msg_id": "7c3cffe7-52e1-406a-840c-5e831564372c",
        "type": "message",
        "text": "yet another RI30H <https:\/\/www.youtube.com\/watch?v=SuHZd8VabU8>",
        "user": "U0193D42LHJ",
        "ts": "1600806785.000300",
        "team": "TCR2U6UEM",
        "user_team": "TCR2U6UEM",
        "source_team": "TCR2U6UEM",
        "user_profile": {
            "avatar_hash": "ac92a4993882",
            "image_72": "https:\/\/avatars.slack-edge.com\/2020-09-18\/1380577414884_ac92a4993882a5db4876_72.png",
            "first_name": "Elliot",
            "real_name": "Elliot Schmidt",
            "display_name": "Elliot",
            "team": "TCR2U6UEM",
            "name": "elliotschmidt2002",
            "is_restricted": false,
            "is_ultra_restricted": false
        },
        "attachments": [
            {
                "service_name": "YouTube",
                "service_url": "https:\/\/www.youtube.com\/",
                "title": "FTC ULTIMATE GOAL Ri30H Team 12973 Robot Reveal",
                "title_link": "https:\/\/www.youtube.com\/watch?v=SuHZd8VabU8",
                "author_name": "Reicher Robotics",
                "author_link": "https:\/\/www.youtube.com\/channel\/UCX6rqZ5YmrXl1Sv294ouIdw",
                "thumb_url": "https:\/\/i.ytimg.com\/vi\/SuHZd8VabU8\/hqdefault.jpg",
                "thumb_width": 480,
                "thumb_height": 360,
                "fallback": "YouTube Video: FTC ULTIMATE GOAL Ri30H Team 12973 Robot Reveal",
                "video_html": "<iframe width=\"400\" height=\"225\" src=\"https:\/\/www.youtube.com\/embed\/SuHZd8VabU8?feature=oembed&autoplay=1&iv_load_policy=3\" frameborder=\"0\" allow=\"accelerometer; autoplay; clipboard-write; encrypted-media; gyroscope; picture-in-picture\" allowfullscreen><\/iframe>",
                "video_html_width": 400,
                "video_html_height": 225,
                "from_url": "https:\/\/www.youtube.com\/watch?v=SuHZd8VabU8",
                "service_icon": "https:\/\/a.slack-edge.com\/80588\/img\/unfurl_icons\/youtube.png",
                "id": 1,
                "original_url": "https:\/\/www.youtube.com\/watch?v=SuHZd8VabU8"
            }
        ],
        "blocks": [
            {
                "type": "rich_text",
                "block_id": "fKGX8",
                "elements": [
                    {
                        "type": "rich_text_section",
                        "elements": [
                            {
                                "type": "text",
                                "text": "yet another RI30H "
                            },
                            {
                                "type": "link",
                                "url": "https:\/\/www.youtube.com\/watch?v=SuHZd8VabU8"
                            }
                        ]
                    }
                ]
            }
        ]
    },
    {
        "client_msg_id": "db8b812f-7748-452d-b1da-282309a3adab",
        "type": "message",
        "text": "Have you seen the one with all the surgical tubing?",
        "user": "U016G7WR3KJ",
        "ts": "1600807071.000900",
        "team": "TCR2U6UEM",
        "user_team": "TCR2U6UEM",
        "source_team": "TCR2U6UEM",
        "user_profile": {
            "avatar_hash": "bbe6b64d1e6f",
            "image_72": "https:\/\/avatars.slack-edge.com\/2020-09-12\/1359637227778_bbe6b64d1e6f191982dd_72.jpg",
            "first_name": "Robbie",
            "real_name": "Robbie Thibodeau",
            "display_name": "Robbie Thibodeau",
            "team": "TCR2U6UEM",
            "name": "rgtthibodeau",
            "is_restricted": false,
            "is_ultra_restricted": false
        },
        "blocks": [
            {
                "type": "rich_text",
                "block_id": "8Uukd",
                "elements": [
                    {
                        "type": "rich_text_section",
                        "elements": [
                            {
                                "type": "text",
                                "text": "Have you seen the one with all the surgical tubing?"
                            }
                        ]
                    }
                ]
            }
        ]
    },
    {
        "client_msg_id": "1262bdb0-492a-4fa2-9da0-500d39071223",
        "type": "message",
        "text": "<https:\/\/youtu.be\/j5b6PV39Toc|https:\/\/youtu.be\/j5b6PV39Toc>",
        "user": "U016G7WR3KJ",
        "ts": "1600807150.001100",
        "team": "TCR2U6UEM",
        "user_team": "TCR2U6UEM",
        "source_team": "TCR2U6UEM",
        "user_profile": {
            "avatar_hash": "bbe6b64d1e6f",
            "image_72": "https:\/\/avatars.slack-edge.com\/2020-09-12\/1359637227778_bbe6b64d1e6f191982dd_72.jpg",
            "first_name": "Robbie",
            "real_name": "Robbie Thibodeau",
            "display_name": "Robbie Thibodeau",
            "team": "TCR2U6UEM",
            "name": "rgtthibodeau",
            "is_restricted": false,
            "is_ultra_restricted": false
        },
        "attachments": [
            {
                "service_name": "YouTube",
                "service_url": "https:\/\/www.youtube.com\/",
                "title": "The Bulldogs Robot in 30 Hours REVEAL \/ Ultimate Goal 2020",
                "title_link": "https:\/\/youtu.be\/j5b6PV39Toc",
                "author_name": "Kettering RI3D",
                "author_link": "https:\/\/www.youtube.com\/channel\/UCQ6GjN65GM_PlD7_7ogodfg",
                "thumb_url": "https:\/\/i.ytimg.com\/vi\/j5b6PV39Toc\/hqdefault.jpg",
                "thumb_width": 480,
                "thumb_height": 360,
                "fallback": "YouTube Video: The Bulldogs Robot in 30 Hours REVEAL \/ Ultimate Goal 2020",
                "video_html": "<iframe width=\"400\" height=\"225\" src=\"https:\/\/www.youtube.com\/embed\/j5b6PV39Toc?feature=oembed&autoplay=1&iv_load_policy=3\" frameborder=\"0\" allow=\"accelerometer; autoplay; clipboard-write; encrypted-media; gyroscope; picture-in-picture\" allowfullscreen><\/iframe>",
                "video_html_width": 400,
                "video_html_height": 225,
                "from_url": "https:\/\/youtu.be\/j5b6PV39Toc",
                "service_icon": "https:\/\/a.slack-edge.com\/80588\/img\/unfurl_icons\/youtube.png",
                "id": 1,
                "original_url": "https:\/\/youtu.be\/j5b6PV39Toc"
            }
        ],
        "blocks": [
            {
                "type": "rich_text",
                "block_id": "PxB",
                "elements": [
                    {
                        "type": "rich_text_section",
                        "elements": [
                            {
                                "type": "link",
                                "url": "https:\/\/youtu.be\/j5b6PV39Toc",
                                "text": "https:\/\/youtu.be\/j5b6PV39Toc"
                            }
                        ]
                    }
                ]
            }
        ]
    },
    {
        "client_msg_id": "f8d0a483-85c1-4519-943e-df9e13162081",
        "type": "message",
        "text": "Tis very interesting",
        "user": "U016G7WR3KJ",
        "ts": "1600807177.001500",
        "team": "TCR2U6UEM",
        "user_team": "TCR2U6UEM",
        "source_team": "TCR2U6UEM",
        "user_profile": {
            "avatar_hash": "bbe6b64d1e6f",
            "image_72": "https:\/\/avatars.slack-edge.com\/2020-09-12\/1359637227778_bbe6b64d1e6f191982dd_72.jpg",
            "first_name": "Robbie",
            "real_name": "Robbie Thibodeau",
            "display_name": "Robbie Thibodeau",
            "team": "TCR2U6UEM",
            "name": "rgtthibodeau",
            "is_restricted": false,
            "is_ultra_restricted": false
        },
        "blocks": [
            {
                "type": "rich_text",
                "block_id": "oFC",
                "elements": [
                    {
                        "type": "rich_text_section",
                        "elements": [
                            {
                                "type": "text",
                                "text": "Tis very interesting"
                            }
                        ]
                    }
                ]
            }
        ]
    },
    {
        "client_msg_id": "68077375-789b-403a-b060-2f8012ce343a",
        "type": "message",
        "text": "that one was already shared so yes",
        "user": "U0193D42LHJ",
        "ts": "1600807279.001800",
        "team": "TCR2U6UEM",
        "user_team": "TCR2U6UEM",
        "source_team": "TCR2U6UEM",
        "user_profile": {
            "avatar_hash": "ac92a4993882",
            "image_72": "https:\/\/avatars.slack-edge.com\/2020-09-18\/1380577414884_ac92a4993882a5db4876_72.png",
            "first_name": "Elliot",
            "real_name": "Elliot Schmidt",
            "display_name": "Elliot",
            "team": "TCR2U6UEM",
            "name": "elliotschmidt2002",
            "is_restricted": false,
            "is_ultra_restricted": false
        },
        "blocks": [
            {
                "type": "rich_text",
                "block_id": "I=JD",
                "elements": [
                    {
                        "type": "rich_text_section",
                        "elements": [
                            {
                                "type": "text",
                                "text": "that one was already shared so yes"
                            }
                        ]
                    }
                ]
            }
        ]
    },
    {
        "client_msg_id": "5a69fa74-5b88-4f60-b471-aa5b0b3a8dca",
        "type": "message",
        "text": "Maybe I shared it last night",
        "user": "U016G7WR3KJ",
        "ts": "1600807849.002200",
        "team": "TCR2U6UEM",
        "user_team": "TCR2U6UEM",
        "source_team": "TCR2U6UEM",
        "user_profile": {
            "avatar_hash": "bbe6b64d1e6f",
            "image_72": "https:\/\/avatars.slack-edge.com\/2020-09-12\/1359637227778_bbe6b64d1e6f191982dd_72.jpg",
            "first_name": "Robbie",
            "real_name": "Robbie Thibodeau",
            "display_name": "Robbie Thibodeau",
            "team": "TCR2U6UEM",
            "name": "rgtthibodeau",
            "is_restricted": false,
            "is_ultra_restricted": false
        },
        "blocks": [
            {
                "type": "rich_text",
                "block_id": "Hu8lF",
                "elements": [
                    {
                        "type": "rich_text_section",
                        "elements": [
                            {
                                "type": "text",
                                "text": "Maybe I shared it last night"
                            }
                        ]
                    }
                ]
            }
        ]
    },
    {
        "client_msg_id": "5fd014fb-95f7-47ec-b972-c50d6a324196",
        "type": "message",
        "text": "luke shared it 4 days ago",
        "user": "U0193D42LHJ",
        "ts": "1600807864.002400",
        "team": "TCR2U6UEM",
        "user_team": "TCR2U6UEM",
        "source_team": "TCR2U6UEM",
        "user_profile": {
            "avatar_hash": "ac92a4993882",
            "image_72": "https:\/\/avatars.slack-edge.com\/2020-09-18\/1380577414884_ac92a4993882a5db4876_72.png",
            "first_name": "Elliot",
            "real_name": "Elliot Schmidt",
            "display_name": "Elliot",
            "team": "TCR2U6UEM",
            "name": "elliotschmidt2002",
            "is_restricted": false,
            "is_ultra_restricted": false
        },
        "blocks": [
            {
                "type": "rich_text",
                "block_id": "TM6W",
                "elements": [
                    {
                        "type": "rich_text_section",
                        "elements": [
                            {
                                "type": "text",
                                "text": "luke shared it 4 days ago"
                            }
                        ]
                    }
                ]
            }
        ]
    },
    {
        "client_msg_id": "5471c25d-94a2-4acf-89dd-588321c68bdb",
        "type": "message",
        "text": "<!everyone> meeting in 15 minutes",
        "user": "U0193D42LHJ",
        "ts": "1600808460.002800",
        "team": "TCR2U6UEM",
        "user_team": "TCR2U6UEM",
        "source_team": "TCR2U6UEM",
        "user_profile": {
            "avatar_hash": "ac92a4993882",
            "image_72": "https:\/\/avatars.slack-edge.com\/2020-09-18\/1380577414884_ac92a4993882a5db4876_72.png",
            "first_name": "Elliot",
            "real_name": "Elliot Schmidt",
            "display_name": "Elliot",
            "team": "TCR2U6UEM",
            "name": "elliotschmidt2002",
            "is_restricted": false,
            "is_ultra_restricted": false
        },
        "blocks": [
            {
                "type": "rich_text",
                "block_id": "ZBtZK",
                "elements": [
                    {
                        "type": "rich_text_section",
                        "elements": [
                            {
                                "type": "broadcast",
                                "range": "everyone"
                            },
                            {
                                "type": "text",
                                "text": " meeting in 15 minutes"
                            }
                        ]
                    }
                ]
            }
        ]
    },
    {
        "client_msg_id": "9d2c29f8-cd7c-4bf4-8dd1-5bd9a8aa251f",
        "type": "message",
        "text": "<@U016G7WR3KJ> the surgical tubing looks very jank, but honestly a curved intake design like that does kinda make sense..?",
        "user": "U018URES8KV",
        "ts": "1600808528.003300",
        "team": "TCR2U6UEM",
        "user_team": "TCR2U6UEM",
        "source_team": "TCR2U6UEM",
        "user_profile": {
            "avatar_hash": "1b6b64ea950d",
            "image_72": "https:\/\/avatars.slack-edge.com\/2020-09-18\/1380553169540_1b6b64ea950dd455ff25_72.jpg",
            "first_name": "Adam",
            "real_name": "Adam Holmes",
            "display_name": "Adam Holmes",
            "team": "TCR2U6UEM",
            "name": "adamup555",
            "is_restricted": false,
            "is_ultra_restricted": false
        },
        "blocks": [
            {
                "type": "rich_text",
                "block_id": "MckrG",
                "elements": [
                    {
                        "type": "rich_text_section",
                        "elements": [
                            {
                                "type": "user",
                                "user_id": "U016G7WR3KJ"
                            },
                            {
                                "type": "text",
                                "text": " the surgical tubing looks very jank, but honestly a curved intake design like that does kinda make sense..?"
                            }
                        ]
                    }
                ]
            }
        ]
    },
    {
        "client_msg_id": "1fb39996-7282-4ce1-8e0a-293a4bdee20d",
        "type": "message",
        "text": "it's on way to do it, can have the launch side facing forward at all times",
        "user": "U0193D42LHJ",
        "ts": "1600808626.003900",
        "team": "TCR2U6UEM",
        "user_team": "TCR2U6UEM",
        "source_team": "TCR2U6UEM",
        "user_profile": {
            "avatar_hash": "ac92a4993882",
            "image_72": "https:\/\/avatars.slack-edge.com\/2020-09-18\/1380577414884_ac92a4993882a5db4876_72.png",
            "first_name": "Elliot",
            "real_name": "Elliot Schmidt",
            "display_name": "Elliot",
            "team": "TCR2U6UEM",
            "name": "elliotschmidt2002",
            "is_restricted": false,
            "is_ultra_restricted": false
        },
        "blocks": [
            {
                "type": "rich_text",
                "block_id": "1vH",
                "elements": [
                    {
                        "type": "rich_text_section",
                        "elements": [
                            {
                                "type": "text",
                                "text": "it's on way to do it, can have the launch side facing forward at all times"
                            }
                        ]
                    }
                ]
            }
        ]
    },
    {
        "client_msg_id": "f0278bdf-0715-4036-ae60-860d46977c61",
        "type": "message",
        "text": "one*",
        "user": "U0193D42LHJ",
        "ts": "1600808659.004100",
        "team": "TCR2U6UEM",
        "user_team": "TCR2U6UEM",
        "source_team": "TCR2U6UEM",
        "user_profile": {
            "avatar_hash": "ac92a4993882",
            "image_72": "https:\/\/avatars.slack-edge.com\/2020-09-18\/1380577414884_ac92a4993882a5db4876_72.png",
            "first_name": "Elliot",
            "real_name": "Elliot Schmidt",
            "display_name": "Elliot",
            "team": "TCR2U6UEM",
            "name": "elliotschmidt2002",
            "is_restricted": false,
            "is_ultra_restricted": false
        },
        "blocks": [
            {
                "type": "rich_text",
                "block_id": "4ouj",
                "elements": [
                    {
                        "type": "rich_text_section",
                        "elements": [
                            {
                                "type": "text",
                                "text": "one*"
                            }
                        ]
                    }
                ]
            }
        ]
    },
    {
        "client_msg_id": "2AE3B337-85EC-437B-84C1-E302C5980479",
        "type": "message",
        "text": "I like that",
        "user": "U018X7N6MMG",
        "ts": "1600808695.004300",
        "team": "TCR2U6UEM",
        "user_team": "TCR2U6UEM",
        "source_team": "TCR2U6UEM",
        "user_profile": {
            "avatar_hash": "ba89825d3b7b",
            "image_72": "https:\/\/avatars.slack-edge.com\/2020-09-11\/1355949232709_ba89825d3b7bcf995dc9_72.png",
            "first_name": "Keith",
            "real_name": "Keith Friestad",
            "display_name": "",
            "team": "TCR2U6UEM",
            "name": "keith.friestad",
            "is_restricted": false,
            "is_ultra_restricted": false
        },
        "blocks": [
            {
                "type": "rich_text",
                "block_id": "wjA",
                "elements": [
                    {
                        "type": "rich_text_section",
                        "elements": [
                            {
                                "type": "text",
                                "text": "I like that"
                            }
                        ]
                    }
                ]
            }
        ]
    },
    {
        "client_msg_id": "7EEBF5F3-F12D-4E2A-8F9F-7DAA050DCD1E",
        "type": "message",
        "text": "And yeah also having an intake with wheels on the top like that is something worth looking into",
        "user": "U018X7N6MMG",
        "ts": "1600808733.005200",
        "team": "TCR2U6UEM",
        "user_team": "TCR2U6UEM",
        "source_team": "TCR2U6UEM",
        "user_profile": {
            "avatar_hash": "ba89825d3b7b",
            "image_72": "https:\/\/avatars.slack-edge.com\/2020-09-11\/1355949232709_ba89825d3b7bcf995dc9_72.png",
            "first_name": "Keith",
            "real_name": "Keith Friestad",
            "display_name": "",
            "team": "TCR2U6UEM",
            "name": "keith.friestad",
            "is_restricted": false,
            "is_ultra_restricted": false
        },
        "blocks": [
            {
                "type": "rich_text",
                "block_id": "BRkeo",
                "elements": [
                    {
                        "type": "rich_text_section",
                        "elements": [
                            {
                                "type": "text",
                                "text": "And yeah also having an intake with wheels on the top like that is something worth looking into"
                            }
                        ]
                    }
                ]
            }
        ]
    },
    {
        "client_msg_id": "e1ba953a-adf6-4458-a60c-021f197b2114",
        "type": "message",
        "text": "how do I join the meeting?",
        "user": "U01ALNAL79C",
        "ts": "1600809213.005600",
        "team": "TCR2U6UEM",
        "user_team": "TCR2U6UEM",
        "source_team": "TCR2U6UEM",
        "user_profile": {
            "avatar_hash": "8d3a0093398e",
            "image_72": "https:\/\/avatars.slack-edge.com\/2020-09-16\/1367697021763_8d3a0093398e950c95a2_72.jpg",
            "first_name": "Brian",
            "real_name": "Brian Morris",
            "display_name": "Brian Morris",
            "team": "TCR2U6UEM",
            "name": "brmor21",
            "is_restricted": false,
            "is_ultra_restricted": false
        },
        "blocks": [
            {
                "type": "rich_text",
                "block_id": "SQUBe",
                "elements": [
                    {
                        "type": "rich_text_section",
                        "elements": [
                            {
                                "type": "text",
                                "text": "how do I join the meeting?"
                            }
                        ]
                    }
                ]
            }
        ],
        "reactions": [
            {
                "name": "egg",
                "users": [
                    "U018GF7AFJB"
                ],
                "count": 1
            }
        ]
    },
    {
        "client_msg_id": "e4b1faa4-0790-453f-9972-029929914c8a",
        "type": "message",
        "text": "<https:\/\/iowacityschools-org.zoom.us\/j\/92666092070>",
        "user": "U01ADEF18N6",
        "ts": "1600809245.005800",
        "team": "TCR2U6UEM",
        "user_team": "TCR2U6UEM",
        "source_team": "TCR2U6UEM",
        "user_profile": {
            "avatar_hash": "e8086e8713de",
            "image_72": "https:\/\/avatars.slack-edge.com\/2020-09-18\/1371265029141_e8086e8713de3af22fe5_72.jpg",
            "first_name": "Ashley",
            "real_name": "Ashley Sheehan",
            "display_name": "Ashley Sheehan",
            "team": "TCR2U6UEM",
            "name": "asshe21",
            "is_restricted": false,
            "is_ultra_restricted": false
        },
        "blocks": [
            {
                "type": "rich_text",
                "block_id": "wmX",
                "elements": [
                    {
                        "type": "rich_text_section",
                        "elements": [
                            {
                                "type": "link",
                                "url": "https:\/\/iowacityschools-org.zoom.us\/j\/92666092070"
                            }
                        ]
                    }
                ]
            }
        ]
    },
    {
        "client_msg_id": "50632f24-280a-4196-ba96-e951fc78787a",
        "type": "message",
        "text": "@34 seconds in the video you can see there is a difference between the two launches",
        "user": "U018URES8KV",
        "ts": "1600813409.006500",
        "team": "TCR2U6UEM",
        "user_team": "TCR2U6UEM",
        "source_team": "TCR2U6UEM",
        "user_profile": {
            "avatar_hash": "1b6b64ea950d",
            "image_72": "https:\/\/avatars.slack-edge.com\/2020-09-18\/1380553169540_1b6b64ea950dd455ff25_72.jpg",
            "first_name": "Adam",
            "real_name": "Adam Holmes",
            "display_name": "Adam Holmes",
            "team": "TCR2U6UEM",
            "name": "adamup555",
            "is_restricted": false,
            "is_ultra_restricted": false
        },
        "blocks": [
            {
                "type": "rich_text",
                "block_id": "PYd",
                "elements": [
                    {
                        "type": "rich_text_section",
                        "elements": [
                            {
                                "type": "text",
                                "text": "@34 seconds in the video you can see there is a difference between the two launches"
                            }
                        ]
                    }
                ]
            }
        ]
    },
    {
        "client_msg_id": "bc4de29c-9ce6-4561-8d28-e187a16e7a0a",
        "type": "message",
        "text": "One goes straight, and one goes slightly to the right",
        "user": "U018URES8KV",
        "ts": "1600813416.006800",
        "team": "TCR2U6UEM",
        "user_team": "TCR2U6UEM",
        "source_team": "TCR2U6UEM",
        "user_profile": {
            "avatar_hash": "1b6b64ea950d",
            "image_72": "https:\/\/avatars.slack-edge.com\/2020-09-18\/1380553169540_1b6b64ea950dd455ff25_72.jpg",
            "first_name": "Adam",
            "real_name": "Adam Holmes",
            "display_name": "Adam Holmes",
            "team": "TCR2U6UEM",
            "name": "adamup555",
            "is_restricted": false,
            "is_ultra_restricted": false
        },
        "blocks": [
            {
                "type": "rich_text",
                "block_id": "hdc",
                "elements": [
                    {
                        "type": "rich_text_section",
                        "elements": [
                            {
                                "type": "text",
                                "text": "One goes straight, and one goes slightly to the right"
                            }
                        ]
                    }
                ]
            }
        ]
    },
    {
        "client_msg_id": "858e055a-a2ce-487c-96c4-73e8e6e78cf1",
        "type": "message",
        "text": "and the robot is at an angle",
        "user": "U018URES8KV",
        "ts": "1600813421.007000",
        "team": "TCR2U6UEM",
        "user_team": "TCR2U6UEM",
        "source_team": "TCR2U6UEM",
        "user_profile": {
            "avatar_hash": "1b6b64ea950d",
            "image_72": "https:\/\/avatars.slack-edge.com\/2020-09-18\/1380553169540_1b6b64ea950dd455ff25_72.jpg",
            "first_name": "Adam",
            "real_name": "Adam Holmes",
            "display_name": "Adam Holmes",
            "team": "TCR2U6UEM",
            "name": "adamup555",
            "is_restricted": false,
            "is_ultra_restricted": false
        },
        "blocks": [
            {
                "type": "rich_text",
                "block_id": "05NB",
                "elements": [
                    {
                        "type": "rich_text_section",
                        "elements": [
                            {
                                "type": "text",
                                "text": "and the robot is at an angle"
                            }
                        ]
                    }
                ]
            }
        ]
    },
    {
        "client_msg_id": "d2bfd258-7e4f-4788-b6b4-e4724ec63a33",
        "type": "message",
        "text": "You could have just said ?zoomcall",
        "user": "U016G7WR3KJ",
        "ts": "1600813463.007500",
        "team": "TCR2U6UEM",
        "user_team": "TCR2U6UEM",
        "source_team": "TCR2U6UEM",
        "user_profile": {
            "avatar_hash": "bbe6b64d1e6f",
            "image_72": "https:\/\/avatars.slack-edge.com\/2020-09-12\/1359637227778_bbe6b64d1e6f191982dd_72.jpg",
            "first_name": "Robbie",
            "real_name": "Robbie Thibodeau",
            "display_name": "Robbie Thibodeau",
            "team": "TCR2U6UEM",
            "name": "rgtthibodeau",
            "is_restricted": false,
            "is_ultra_restricted": false
        },
        "blocks": [
            {
                "type": "rich_text",
                "block_id": "c2G",
                "elements": [
                    {
                        "type": "rich_text_section",
                        "elements": [
                            {
                                "type": "text",
                                "text": "You could have just said ?zoomcall"
                            }
                        ]
                    }
                ]
            }
        ],
        "reactions": [
            {
                "name": "stonks",
                "users": [
                    "U018GF7AFJB",
                    "U018URES8KV",
                    "U010DDZ3FJR",
                    "U0193D42LHJ"
                ],
                "count": 4
            }
        ]
    },
    {
        "type": "message",
        "subtype": "slackbot_response",
        "text": "<https:\/\/iowacityschools-org.zoom.us\/j\/92666092070>",
        "user": "USLACKBOT",
        "ts": "1600813463.007600"
    }
]