[
    {
        "client_msg_id": "64f634fe-5005-4208-be49-051a23a83fc6",
        "type": "message",
        "text": "Pinging <@U018XDQ8DBM> about that\nPersonally I have no idea what the covid stuff looks like for junior high and if that would even be possible this year, because I'd assume most of the volunteering would have to be done in person unless we can just come in one day to get videoconferencing set up and then just call them every time. I'm also not even sure if they are allowed to have a season this year at all",
        "user": "U010DDZ3FJR",
        "ts": "1599145391.002100",
        "team": "TCR2U6UEM",
        "user_team": "TCR2U6UEM",
        "source_team": "TCR2U6UEM",
        "user_profile": {
            "avatar_hash": "fda0a36a8605",
            "image_72": "https:\/\/avatars.slack-edge.com\/2020-09-18\/1386993799393_fda0a36a86053c692b20_72.jpg",
            "first_name": "Luke",
            "real_name": "Luke Aschenbrenner",
            "display_name": "Luke Aschenbrenner",
            "team": "TCR2U6UEM",
            "name": "ashbren21",
            "is_restricted": false,
            "is_ultra_restricted": false
        },
        "blocks": [
            {
                "type": "rich_text",
                "block_id": "sZo+r",
                "elements": [
                    {
                        "type": "rich_text_section",
                        "elements": [
                            {
                                "type": "text",
                                "text": "Pinging "
                            },
                            {
                                "type": "user",
                                "user_id": "U018XDQ8DBM"
                            },
                            {
                                "type": "text",
                                "text": " about that\nPersonally I have no idea what the covid stuff looks like for junior high and if that would even be possible this year, because I'd assume most of the volunteering would have to be done in person unless we can just come in one day to get videoconferencing set up and then just call them every time. I'm also not even sure if they are allowed to have a season this year at all"
                            }
                        ]
                    }
                ]
            }
        ]
    }
]