[
    {
        "type": "message",
        "text": "",
        "files": [
            {
                "id": "F01D2PAEHCL",
                "created": 1603136740,
                "timestamp": 1603136740,
                "name": "Screenshot_20201019-144521_Drive.jpg",
                "title": "Screenshot_20201019-144521_Drive.jpg",
                "mimetype": "image\/jpeg",
                "filetype": "jpg",
                "pretty_type": "JPEG",
                "user": "U016G7WR3KJ",
                "editable": false,
                "size": 113486,
                "mode": "hosted",
                "is_external": false,
                "external_type": "",
                "is_public": true,
                "public_url_shared": false,
                "display_as_bot": false,
                "username": "",
                "url_private": "https:\/\/files.slack.com\/files-pri\/TCR2U6UEM-F01D2PAEHCL\/screenshot_20201019-144521_drive.jpg?t=xoxe-433096232497-1684125439971-1696548615153-cd1d3d402b441a7d6039d167da7d37bd",
                "url_private_download": "https:\/\/files.slack.com\/files-pri\/TCR2U6UEM-F01D2PAEHCL\/download\/screenshot_20201019-144521_drive.jpg?t=xoxe-433096232497-1684125439971-1696548615153-cd1d3d402b441a7d6039d167da7d37bd",
                "thumb_64": "https:\/\/files.slack.com\/files-tmb\/TCR2U6UEM-F01D2PAEHCL-06119d73f5\/screenshot_20201019-144521_drive_64.jpg?t=xoxe-433096232497-1684125439971-1696548615153-cd1d3d402b441a7d6039d167da7d37bd",
                "thumb_80": "https:\/\/files.slack.com\/files-tmb\/TCR2U6UEM-F01D2PAEHCL-06119d73f5\/screenshot_20201019-144521_drive_80.jpg?t=xoxe-433096232497-1684125439971-1696548615153-cd1d3d402b441a7d6039d167da7d37bd",
                "thumb_360": "https:\/\/files.slack.com\/files-tmb\/TCR2U6UEM-F01D2PAEHCL-06119d73f5\/screenshot_20201019-144521_drive_360.jpg?t=xoxe-433096232497-1684125439971-1696548615153-cd1d3d402b441a7d6039d167da7d37bd",
                "thumb_360_w": 166,
                "thumb_360_h": 360,
                "thumb_480": "https:\/\/files.slack.com\/files-tmb\/TCR2U6UEM-F01D2PAEHCL-06119d73f5\/screenshot_20201019-144521_drive_480.jpg?t=xoxe-433096232497-1684125439971-1696548615153-cd1d3d402b441a7d6039d167da7d37bd",
                "thumb_480_w": 222,
                "thumb_480_h": 480,
                "thumb_160": "https:\/\/files.slack.com\/files-tmb\/TCR2U6UEM-F01D2PAEHCL-06119d73f5\/screenshot_20201019-144521_drive_160.jpg?t=xoxe-433096232497-1684125439971-1696548615153-cd1d3d402b441a7d6039d167da7d37bd",
                "thumb_720": "https:\/\/files.slack.com\/files-tmb\/TCR2U6UEM-F01D2PAEHCL-06119d73f5\/screenshot_20201019-144521_drive_720.jpg?t=xoxe-433096232497-1684125439971-1696548615153-cd1d3d402b441a7d6039d167da7d37bd",
                "thumb_720_w": 332,
                "thumb_720_h": 720,
                "thumb_800": "https:\/\/files.slack.com\/files-tmb\/TCR2U6UEM-F01D2PAEHCL-06119d73f5\/screenshot_20201019-144521_drive_800.jpg?t=xoxe-433096232497-1684125439971-1696548615153-cd1d3d402b441a7d6039d167da7d37bd",
                "thumb_800_w": 369,
                "thumb_800_h": 800,
                "thumb_960": "https:\/\/files.slack.com\/files-tmb\/TCR2U6UEM-F01D2PAEHCL-06119d73f5\/screenshot_20201019-144521_drive_960.jpg?t=xoxe-433096232497-1684125439971-1696548615153-cd1d3d402b441a7d6039d167da7d37bd",
                "thumb_960_w": 443,
                "thumb_960_h": 960,
                "thumb_1024": "https:\/\/files.slack.com\/files-tmb\/TCR2U6UEM-F01D2PAEHCL-06119d73f5\/screenshot_20201019-144521_drive_1024.jpg?t=xoxe-433096232497-1684125439971-1696548615153-cd1d3d402b441a7d6039d167da7d37bd",
                "thumb_1024_w": 473,
                "thumb_1024_h": 1024,
                "original_w": 720,
                "original_h": 1560,
                "thumb_tiny": "AwAwABZbWItaoRjn\/GpBET2FR2kgFqgzzz\/OpBJg9RRcLFXUUKLHkjnPSqNXtRcOI8H1qjQBoWx\/cJ\/nvT2bY4AC4I6EVDBuES7VyMdamIYgZKqfQnOaRV7la8JO3Pb0qrVm7BCrnHU9KrUySeKUkKgBParbBgNvy8DHDf8A1qpRJJwVjYqe4BqxiQkEo3B9DQMiul2qi4HOTwc1Xqe63ZXcCBz1GKgoEf\/Z",
                "permalink": "https:\/\/rawbaconrobotics.slack.com\/files\/U016G7WR3KJ\/F01D2PAEHCL\/screenshot_20201019-144521_drive.jpg",
                "permalink_public": "https:\/\/slack-files.com\/TCR2U6UEM-F01D2PAEHCL-7ece405a96",
                "is_starred": false,
                "has_rich_preview": false
            }
        ],
        "upload": true,
        "user": "U016G7WR3KJ",
        "display_as_bot": false,
        "ts": "1603136745.005700",
        "client_msg_id": "a26d7bc7-ac39-421f-8583-fabafd092a87"
    },
    {
        "client_msg_id": "0d387b47-1651-44ca-bbd9-da5f83128248",
        "type": "message",
        "text": "Who wrote this...",
        "user": "U016G7WR3KJ",
        "ts": "1603136753.006200",
        "team": "TCR2U6UEM",
        "user_team": "TCR2U6UEM",
        "source_team": "TCR2U6UEM",
        "user_profile": {
            "avatar_hash": "bbe6b64d1e6f",
            "image_72": "https:\/\/avatars.slack-edge.com\/2020-09-12\/1359637227778_bbe6b64d1e6f191982dd_72.jpg",
            "first_name": "Robbie",
            "real_name": "Robbie Thibodeau",
            "display_name": "Robbie Thibodeau",
            "team": "TCR2U6UEM",
            "name": "rgtthibodeau",
            "is_restricted": false,
            "is_ultra_restricted": false
        },
        "blocks": [
            {
                "type": "rich_text",
                "block_id": "rCtL",
                "elements": [
                    {
                        "type": "rich_text_section",
                        "elements": [
                            {
                                "type": "text",
                                "text": "Who wrote this..."
                            }
                        ]
                    }
                ]
            }
        ],
        "reactions": [
            {
                "name": "watermelon",
                "users": [
                    "U018URES8KV",
                    "U0193D42LHJ",
                    "U010DDZ3FJR",
                    "U0103BWEQSD"
                ],
                "count": 4
            },
            {
                "name": "cl",
                "users": [
                    "U018URES8KV"
                ],
                "count": 1
            },
            {
                "name": "a",
                "users": [
                    "U018URES8KV"
                ],
                "count": 1
            },
            {
                "name": "b",
                "users": [
                    "U018URES8KV"
                ],
                "count": 1
            },
            {
                "name": "ice_hockey_stick_and_puck",
                "users": [
                    "U010FNPUQP8"
                ],
                "count": 1
            }
        ]
    },
    {
        "client_msg_id": "99764bd3-a0ac-48f5-9b13-0112e2cda336",
        "type": "message",
        "text": "That's",
        "user": "U0193D42LHJ",
        "ts": "1603138754.006800",
        "team": "TCR2U6UEM",
        "user_team": "TCR2U6UEM",
        "source_team": "TCR2U6UEM",
        "user_profile": {
            "avatar_hash": "ac92a4993882",
            "image_72": "https:\/\/avatars.slack-edge.com\/2020-09-18\/1380577414884_ac92a4993882a5db4876_72.png",
            "first_name": "Elliot",
            "real_name": "Elliot Schmidt",
            "display_name": "Elliot",
            "team": "TCR2U6UEM",
            "name": "elliotschmidt2002",
            "is_restricted": false,
            "is_ultra_restricted": false
        },
        "blocks": [
            {
                "type": "rich_text",
                "block_id": "ERR",
                "elements": [
                    {
                        "type": "rich_text_section",
                        "elements": [
                            {
                                "type": "text",
                                "text": "That's"
                            }
                        ]
                    }
                ]
            }
        ]
    },
    {
        "client_msg_id": "E74922D1-31FA-4909-AC03-B4F8067046E3",
        "type": "message",
        "text": "<@U016G7WR3KJ> <@U010FNPUQP8> inventorying tomorrow morning!",
        "user": "U018X7N6MMG",
        "ts": "1603163343.007900",
        "team": "TCR2U6UEM",
        "user_team": "TCR2U6UEM",
        "source_team": "TCR2U6UEM",
        "user_profile": {
            "avatar_hash": "ba89825d3b7b",
            "image_72": "https:\/\/avatars.slack-edge.com\/2020-09-11\/1355949232709_ba89825d3b7bcf995dc9_72.png",
            "first_name": "Keith",
            "real_name": "Keith Friestad",
            "display_name": "",
            "team": "TCR2U6UEM",
            "name": "keith.friestad",
            "is_restricted": false,
            "is_ultra_restricted": false
        },
        "blocks": [
            {
                "type": "rich_text",
                "block_id": "z+k2",
                "elements": [
                    {
                        "type": "rich_text_section",
                        "elements": [
                            {
                                "type": "user",
                                "user_id": "U016G7WR3KJ"
                            },
                            {
                                "type": "text",
                                "text": " "
                            },
                            {
                                "type": "user",
                                "user_id": "U010FNPUQP8"
                            },
                            {
                                "type": "text",
                                "text": " inventorying tomorrow morning!"
                            }
                        ]
                    }
                ]
            }
        ]
    },
    {
        "client_msg_id": "8b2cd2be-aae9-4719-a922-a8c87ecf20ea",
        "type": "message",
        "text": "I'd love to but I dont think I can",
        "user": "U016G7WR3KJ",
        "ts": "1603163511.008300",
        "team": "TCR2U6UEM",
        "user_team": "TCR2U6UEM",
        "source_team": "TCR2U6UEM",
        "user_profile": {
            "avatar_hash": "bbe6b64d1e6f",
            "image_72": "https:\/\/avatars.slack-edge.com\/2020-09-12\/1359637227778_bbe6b64d1e6f191982dd_72.jpg",
            "first_name": "Robbie",
            "real_name": "Robbie Thibodeau",
            "display_name": "Robbie Thibodeau",
            "team": "TCR2U6UEM",
            "name": "rgtthibodeau",
            "is_restricted": false,
            "is_ultra_restricted": false
        },
        "blocks": [
            {
                "type": "rich_text",
                "block_id": "Vkf",
                "elements": [
                    {
                        "type": "rich_text_section",
                        "elements": [
                            {
                                "type": "text",
                                "text": "I'd love to but I dont think I can"
                            }
                        ]
                    }
                ]
            }
        ]
    },
    {
        "client_msg_id": "ab7af2d2-8b76-494d-b8f2-488a19ecf58a",
        "type": "message",
        "text": "I'll go in at 4",
        "user": "U016G7WR3KJ",
        "ts": "1603163526.008700",
        "team": "TCR2U6UEM",
        "user_team": "TCR2U6UEM",
        "source_team": "TCR2U6UEM",
        "user_profile": {
            "avatar_hash": "bbe6b64d1e6f",
            "image_72": "https:\/\/avatars.slack-edge.com\/2020-09-12\/1359637227778_bbe6b64d1e6f191982dd_72.jpg",
            "first_name": "Robbie",
            "real_name": "Robbie Thibodeau",
            "display_name": "Robbie Thibodeau",
            "team": "TCR2U6UEM",
            "name": "rgtthibodeau",
            "is_restricted": false,
            "is_ultra_restricted": false
        },
        "blocks": [
            {
                "type": "rich_text",
                "block_id": "egCm",
                "elements": [
                    {
                        "type": "rich_text_section",
                        "elements": [
                            {
                                "type": "text",
                                "text": "I'll go in at 4"
                            }
                        ]
                    }
                ]
            }
        ]
    },
    {
        "client_msg_id": "badcf23c-f9a2-4636-8caa-059a7f73dc51",
        "type": "message",
        "text": "I can't tomorrow either",
        "user": "U010FNPUQP8",
        "ts": "1603166038.009000",
        "team": "TCR2U6UEM",
        "user_team": "TCR2U6UEM",
        "source_team": "TCR2U6UEM",
        "user_profile": {
            "avatar_hash": "09e03a757dfc",
            "image_72": "https:\/\/avatars.slack-edge.com\/2020-10-16\/1427166742294_09e03a757dfcc5429a42_72.jpg",
            "first_name": "Fergie",
            "real_name": "Fergie",
            "display_name": "Fergie",
            "team": "TCR2U6UEM",
            "name": "fergusonward314",
            "is_restricted": false,
            "is_ultra_restricted": false
        },
        "blocks": [
            {
                "type": "rich_text",
                "block_id": "bG0VD",
                "elements": [
                    {
                        "type": "rich_text_section",
                        "elements": [
                            {
                                "type": "text",
                                "text": "I can't tomorrow either"
                            }
                        ]
                    }
                ]
            }
        ]
    }
]