[
    {
        "client_msg_id": "9b703061-c7c3-4119-b082-61f55eea5438",
        "type": "message",
        "text": "reminder that we're gonna be having a meeting at 4 today for the CAD people and anyone else who feels like dropping by <!everyone>",
        "user": "U0193D42LHJ",
        "ts": "1600716653.000400",
        "team": "TCR2U6UEM",
        "user_team": "TCR2U6UEM",
        "source_team": "TCR2U6UEM",
        "user_profile": {
            "avatar_hash": "ac92a4993882",
            "image_72": "https:\/\/avatars.slack-edge.com\/2020-09-18\/1380577414884_ac92a4993882a5db4876_72.png",
            "first_name": "Elliot",
            "real_name": "Elliot Schmidt",
            "display_name": "Elliot",
            "team": "TCR2U6UEM",
            "name": "elliotschmidt2002",
            "is_restricted": false,
            "is_ultra_restricted": false
        },
        "blocks": [
            {
                "type": "rich_text",
                "block_id": "0zu2s",
                "elements": [
                    {
                        "type": "rich_text_section",
                        "elements": [
                            {
                                "type": "text",
                                "text": "reminder that we're gonna be having a meeting at 4 today for the CAD people and anyone else who feels like dropping by "
                            },
                            {
                                "type": "broadcast",
                                "range": "everyone"
                            }
                        ]
                    }
                ]
            }
        ]
    },
    {
        "type": "message",
        "text": "",
        "files": [
            {
                "id": "F01B3RTB8MQ",
                "created": 1600718424,
                "timestamp": 1600718424,
                "name": "Image from iOS.jpg",
                "title": "Image from iOS",
                "mimetype": "image\/jpeg",
                "filetype": "jpg",
                "pretty_type": "JPEG",
                "user": "U018X7N3K42",
                "editable": false,
                "size": 1252881,
                "mode": "hosted",
                "is_external": false,
                "external_type": "",
                "is_public": true,
                "public_url_shared": false,
                "display_as_bot": false,
                "username": "",
                "url_private": "https:\/\/files.slack.com\/files-pri\/TCR2U6UEM-F01B3RTB8MQ\/image_from_ios.jpg?t=xoxe-433096232497-1684125439971-1696548615153-cd1d3d402b441a7d6039d167da7d37bd",
                "url_private_download": "https:\/\/files.slack.com\/files-pri\/TCR2U6UEM-F01B3RTB8MQ\/download\/image_from_ios.jpg?t=xoxe-433096232497-1684125439971-1696548615153-cd1d3d402b441a7d6039d167da7d37bd",
                "thumb_64": "https:\/\/files.slack.com\/files-tmb\/TCR2U6UEM-F01B3RTB8MQ-171cb50e52\/image_from_ios_64.jpg?t=xoxe-433096232497-1684125439971-1696548615153-cd1d3d402b441a7d6039d167da7d37bd",
                "thumb_80": "https:\/\/files.slack.com\/files-tmb\/TCR2U6UEM-F01B3RTB8MQ-171cb50e52\/image_from_ios_80.jpg?t=xoxe-433096232497-1684125439971-1696548615153-cd1d3d402b441a7d6039d167da7d37bd",
                "thumb_360": "https:\/\/files.slack.com\/files-tmb\/TCR2U6UEM-F01B3RTB8MQ-171cb50e52\/image_from_ios_360.jpg?t=xoxe-433096232497-1684125439971-1696548615153-cd1d3d402b441a7d6039d167da7d37bd",
                "thumb_360_w": 270,
                "thumb_360_h": 360,
                "thumb_480": "https:\/\/files.slack.com\/files-tmb\/TCR2U6UEM-F01B3RTB8MQ-171cb50e52\/image_from_ios_480.jpg?t=xoxe-433096232497-1684125439971-1696548615153-cd1d3d402b441a7d6039d167da7d37bd",
                "thumb_480_w": 360,
                "thumb_480_h": 480,
                "thumb_160": "https:\/\/files.slack.com\/files-tmb\/TCR2U6UEM-F01B3RTB8MQ-171cb50e52\/image_from_ios_160.jpg?t=xoxe-433096232497-1684125439971-1696548615153-cd1d3d402b441a7d6039d167da7d37bd",
                "thumb_720": "https:\/\/files.slack.com\/files-tmb\/TCR2U6UEM-F01B3RTB8MQ-171cb50e52\/image_from_ios_720.jpg?t=xoxe-433096232497-1684125439971-1696548615153-cd1d3d402b441a7d6039d167da7d37bd",
                "thumb_720_w": 540,
                "thumb_720_h": 720,
                "thumb_800": "https:\/\/files.slack.com\/files-tmb\/TCR2U6UEM-F01B3RTB8MQ-171cb50e52\/image_from_ios_800.jpg?t=xoxe-433096232497-1684125439971-1696548615153-cd1d3d402b441a7d6039d167da7d37bd",
                "thumb_800_w": 800,
                "thumb_800_h": 1067,
                "thumb_960": "https:\/\/files.slack.com\/files-tmb\/TCR2U6UEM-F01B3RTB8MQ-171cb50e52\/image_from_ios_960.jpg?t=xoxe-433096232497-1684125439971-1696548615153-cd1d3d402b441a7d6039d167da7d37bd",
                "thumb_960_w": 720,
                "thumb_960_h": 960,
                "thumb_1024": "https:\/\/files.slack.com\/files-tmb\/TCR2U6UEM-F01B3RTB8MQ-171cb50e52\/image_from_ios_1024.jpg?t=xoxe-433096232497-1684125439971-1696548615153-cd1d3d402b441a7d6039d167da7d37bd",
                "thumb_1024_w": 768,
                "thumb_1024_h": 1024,
                "original_w": 3024,
                "original_h": 4032,
                "thumb_tiny": "AwAwACSvSn7ue4pmaAfmA9aoRIw9BTgeBSrGSCGzml8se9TctQZEetFDcMRSZpktWH2saSlt4PGKlcWsT7WVt30zVFXZc7WIz1wasXgYzhlBPyjoKbjruCLIaIno4P0qOR0BwjN75psc8jXBVmOA3SmSj94+WUcnvUpBdkhhiOCZ8EjOMUnkQ\/8APx+lV5JGZuBwBjjmm7m9D+VVYBgGa0llkKL+5J4qgBgYq2LrCgBBwO9RJ3KSsOKu0yv5QX1OajnjA\/ebRycEUv2p+wUfhUckzyABmyOuMUgGecw4AP50ee\/ofzpKKdxWP\/\/Z",
                "permalink": "https:\/\/rawbaconrobotics.slack.com\/files\/U018X7N3K42\/F01B3RTB8MQ\/image_from_ios.jpg",
                "permalink_public": "https:\/\/slack-files.com\/TCR2U6UEM-F01B3RTB8MQ-399f39e98a",
                "is_starred": false,
                "has_rich_preview": false
            }
        ],
        "upload": true,
        "blocks": [
            {
                "type": "rich_text",
                "block_id": "yUz",
                "elements": []
            }
        ],
        "user": "U018X7N3K42",
        "display_as_bot": false,
        "ts": "1600718448.000800",
        "client_msg_id": "C54269B5-0FE6-41E1-BCC4-755CD7069E57",
        "reactions": [
            {
                "name": "kamen_pog",
                "users": [
                    "U0193D42LHJ",
                    "U018X7N3K42",
                    "U018URES8KV",
                    "U018GF7AFJB",
                    "U0103BWEQSD"
                ],
                "count": 5
            },
            {
                "name": "watermelon",
                "users": [
                    "U018URES8KV",
                    "U016G7WR3KJ",
                    "U0193D42LHJ",
                    "U0103BWEQSD"
                ],
                "count": 4
            },
            {
                "name": "ice_hockey_stick_and_puck",
                "users": [
                    "U018GF7AFJB",
                    "U0103BWEQSD"
                ],
                "count": 2
            }
        ]
    },
    {
        "client_msg_id": "7C9B99CA-417E-4ECD-BDC0-C5DC6616BD2A",
        "type": "message",
        "text": "And I’ll be there for a bit <@U0193D42LHJ> ",
        "user": "U018X7N3K42",
        "ts": "1600718456.001100",
        "team": "TCR2U6UEM",
        "user_team": "TCR2U6UEM",
        "source_team": "TCR2U6UEM",
        "user_profile": {
            "avatar_hash": "g50b311404ea",
            "image_72": "https:\/\/secure.gravatar.com\/avatar\/50b311404eaf5a4cbd50a42846f515df.jpg?s=72&d=https%3A%2F%2Fa.slack-edge.com%2Fdf10d%2Fimg%2Favatars%2Fava_0016-72.png",
            "first_name": "",
            "real_name": "Nathan Bradford",
            "display_name": "Nathan Bradford",
            "team": "TCR2U6UEM",
            "name": "nabra22",
            "is_restricted": false,
            "is_ultra_restricted": false
        },
        "blocks": [
            {
                "type": "rich_text",
                "block_id": "pcZB",
                "elements": [
                    {
                        "type": "rich_text_section",
                        "elements": [
                            {
                                "type": "text",
                                "text": "And I’ll be there for a bit "
                            },
                            {
                                "type": "user",
                                "user_id": "U0193D42LHJ"
                            },
                            {
                                "type": "text",
                                "text": " "
                            }
                        ]
                    }
                ]
            }
        ]
    },
    {
        "client_msg_id": "6443f951-8262-4fa1-bed5-46288eaae7f5",
        "type": "message",
        "text": "I appreciate the tensegrity power armor stand thing",
        "user": "U0193D42LHJ",
        "ts": "1600718541.001500",
        "team": "TCR2U6UEM",
        "user_team": "TCR2U6UEM",
        "source_team": "TCR2U6UEM",
        "user_profile": {
            "avatar_hash": "ac92a4993882",
            "image_72": "https:\/\/avatars.slack-edge.com\/2020-09-18\/1380577414884_ac92a4993882a5db4876_72.png",
            "first_name": "Elliot",
            "real_name": "Elliot Schmidt",
            "display_name": "Elliot",
            "team": "TCR2U6UEM",
            "name": "elliotschmidt2002",
            "is_restricted": false,
            "is_ultra_restricted": false
        },
        "blocks": [
            {
                "type": "rich_text",
                "block_id": "Jp9vz",
                "elements": [
                    {
                        "type": "rich_text_section",
                        "elements": [
                            {
                                "type": "text",
                                "text": "I appreciate the tensegrity power armor stand thing"
                            }
                        ]
                    }
                ]
            }
        ]
    },
    {
        "client_msg_id": "74e8e416-6302-4d67-b6b9-09904c7276d3",
        "type": "message",
        "text": "and sounds good nathan",
        "user": "U0193D42LHJ",
        "ts": "1600718554.001900",
        "team": "TCR2U6UEM",
        "user_team": "TCR2U6UEM",
        "source_team": "TCR2U6UEM",
        "user_profile": {
            "avatar_hash": "ac92a4993882",
            "image_72": "https:\/\/avatars.slack-edge.com\/2020-09-18\/1380577414884_ac92a4993882a5db4876_72.png",
            "first_name": "Elliot",
            "real_name": "Elliot Schmidt",
            "display_name": "Elliot",
            "team": "TCR2U6UEM",
            "name": "elliotschmidt2002",
            "is_restricted": false,
            "is_ultra_restricted": false
        },
        "blocks": [
            {
                "type": "rich_text",
                "block_id": "J98Vr",
                "elements": [
                    {
                        "type": "rich_text_section",
                        "elements": [
                            {
                                "type": "text",
                                "text": "and sounds good nathan"
                            }
                        ]
                    }
                ]
            }
        ]
    },
    {
        "client_msg_id": "20fefe67-10fc-4d53-92a4-cdd9c03252f6",
        "type": "message",
        "text": "<!everyone> meeting starting",
        "user": "U0193D42LHJ",
        "ts": "1600722344.002900",
        "team": "TCR2U6UEM",
        "user_team": "TCR2U6UEM",
        "source_team": "TCR2U6UEM",
        "user_profile": {
            "avatar_hash": "ac92a4993882",
            "image_72": "https:\/\/avatars.slack-edge.com\/2020-09-18\/1380577414884_ac92a4993882a5db4876_72.png",
            "first_name": "Elliot",
            "real_name": "Elliot Schmidt",
            "display_name": "Elliot",
            "team": "TCR2U6UEM",
            "name": "elliotschmidt2002",
            "is_restricted": false,
            "is_ultra_restricted": false
        },
        "blocks": [
            {
                "type": "rich_text",
                "block_id": "Y1Ts",
                "elements": [
                    {
                        "type": "rich_text_section",
                        "elements": [
                            {
                                "type": "broadcast",
                                "range": "everyone"
                            },
                            {
                                "type": "text",
                                "text": " meeting starting"
                            }
                        ]
                    }
                ]
            }
        ]
    },
    {
        "client_msg_id": "5d43c545-235f-4fd8-b48f-8bb347f2744a",
        "type": "message",
        "text": "<@U018X7N3K42>",
        "user": "U0193D42LHJ",
        "ts": "1600722644.003200",
        "team": "TCR2U6UEM",
        "user_team": "TCR2U6UEM",
        "source_team": "TCR2U6UEM",
        "user_profile": {
            "avatar_hash": "ac92a4993882",
            "image_72": "https:\/\/avatars.slack-edge.com\/2020-09-18\/1380577414884_ac92a4993882a5db4876_72.png",
            "first_name": "Elliot",
            "real_name": "Elliot Schmidt",
            "display_name": "Elliot",
            "team": "TCR2U6UEM",
            "name": "elliotschmidt2002",
            "is_restricted": false,
            "is_ultra_restricted": false
        },
        "blocks": [
            {
                "type": "rich_text",
                "block_id": "WAH31",
                "elements": [
                    {
                        "type": "rich_text_section",
                        "elements": [
                            {
                                "type": "user",
                                "user_id": "U018X7N3K42"
                            }
                        ]
                    }
                ]
            }
        ]
    },
    {
        "client_msg_id": "0c882975-cedd-475a-8c9c-9c1e0817e5ea",
        "type": "message",
        "text": "<@U018QFK9G94>",
        "user": "U0193D42LHJ",
        "ts": "1600722694.003800",
        "team": "TCR2U6UEM",
        "user_team": "TCR2U6UEM",
        "source_team": "TCR2U6UEM",
        "user_profile": {
            "avatar_hash": "ac92a4993882",
            "image_72": "https:\/\/avatars.slack-edge.com\/2020-09-18\/1380577414884_ac92a4993882a5db4876_72.png",
            "first_name": "Elliot",
            "real_name": "Elliot Schmidt",
            "display_name": "Elliot",
            "team": "TCR2U6UEM",
            "name": "elliotschmidt2002",
            "is_restricted": false,
            "is_ultra_restricted": false
        },
        "blocks": [
            {
                "type": "rich_text",
                "block_id": "PZc",
                "elements": [
                    {
                        "type": "rich_text_section",
                        "elements": [
                            {
                                "type": "user",
                                "user_id": "U018QFK9G94"
                            }
                        ]
                    }
                ]
            }
        ]
    },
    {
        "client_msg_id": "1422490D-08BD-486F-9800-724F14AA14EF",
        "type": "message",
        "text": "Grandparents just came back from a funeral so I will not be there sadly",
        "user": "U018X7N3K42",
        "ts": "1600722704.004100",
        "team": "TCR2U6UEM",
        "user_team": "TCR2U6UEM",
        "source_team": "TCR2U6UEM",
        "user_profile": {
            "avatar_hash": "g50b311404ea",
            "image_72": "https:\/\/secure.gravatar.com\/avatar\/50b311404eaf5a4cbd50a42846f515df.jpg?s=72&d=https%3A%2F%2Fa.slack-edge.com%2Fdf10d%2Fimg%2Favatars%2Fava_0016-72.png",
            "first_name": "",
            "real_name": "Nathan Bradford",
            "display_name": "Nathan Bradford",
            "team": "TCR2U6UEM",
            "name": "nabra22",
            "is_restricted": false,
            "is_ultra_restricted": false
        },
        "blocks": [
            {
                "type": "rich_text",
                "block_id": "TCz",
                "elements": [
                    {
                        "type": "rich_text_section",
                        "elements": [
                            {
                                "type": "text",
                                "text": "Grandparents just came back from a funeral so I will not be there sadly"
                            }
                        ]
                    }
                ]
            }
        ]
    },
    {
        "client_msg_id": "D77024FE-6662-4CB7-9D3B-5F1921BC2670",
        "type": "message",
        "text": "I gotta visit with them",
        "user": "U018X7N3K42",
        "ts": "1600722718.004400",
        "team": "TCR2U6UEM",
        "user_team": "TCR2U6UEM",
        "source_team": "TCR2U6UEM",
        "user_profile": {
            "avatar_hash": "g50b311404ea",
            "image_72": "https:\/\/secure.gravatar.com\/avatar\/50b311404eaf5a4cbd50a42846f515df.jpg?s=72&d=https%3A%2F%2Fa.slack-edge.com%2Fdf10d%2Fimg%2Favatars%2Fava_0016-72.png",
            "first_name": "",
            "real_name": "Nathan Bradford",
            "display_name": "Nathan Bradford",
            "team": "TCR2U6UEM",
            "name": "nabra22",
            "is_restricted": false,
            "is_ultra_restricted": false
        },
        "blocks": [
            {
                "type": "rich_text",
                "block_id": "oohaq",
                "elements": [
                    {
                        "type": "rich_text_section",
                        "elements": [
                            {
                                "type": "text",
                                "text": "I gotta visit with them"
                            }
                        ]
                    }
                ]
            }
        ]
    },
    {
        "client_msg_id": "abb9e25b-5a92-4300-95d8-f31616aa087c",
        "type": "message",
        "text": "damn, well hope they're okay",
        "user": "U0193D42LHJ",
        "ts": "1600722729.004700",
        "team": "TCR2U6UEM",
        "user_team": "TCR2U6UEM",
        "source_team": "TCR2U6UEM",
        "user_profile": {
            "avatar_hash": "ac92a4993882",
            "image_72": "https:\/\/avatars.slack-edge.com\/2020-09-18\/1380577414884_ac92a4993882a5db4876_72.png",
            "first_name": "Elliot",
            "real_name": "Elliot Schmidt",
            "display_name": "Elliot",
            "team": "TCR2U6UEM",
            "name": "elliotschmidt2002",
            "is_restricted": false,
            "is_ultra_restricted": false
        },
        "blocks": [
            {
                "type": "rich_text",
                "block_id": "voxs",
                "elements": [
                    {
                        "type": "rich_text_section",
                        "elements": [
                            {
                                "type": "text",
                                "text": "damn, well hope they're okay"
                            }
                        ]
                    }
                ]
            }
        ]
    },
    {
        "client_msg_id": "A1ECC9F8-51D2-417D-B6C8-3B1FD62110B0",
        "type": "message",
        "text": "Thanks man",
        "user": "U018X7N3K42",
        "ts": "1600722753.004900",
        "team": "TCR2U6UEM",
        "user_team": "TCR2U6UEM",
        "source_team": "TCR2U6UEM",
        "user_profile": {
            "avatar_hash": "g50b311404ea",
            "image_72": "https:\/\/secure.gravatar.com\/avatar\/50b311404eaf5a4cbd50a42846f515df.jpg?s=72&d=https%3A%2F%2Fa.slack-edge.com%2Fdf10d%2Fimg%2Favatars%2Fava_0016-72.png",
            "first_name": "",
            "real_name": "Nathan Bradford",
            "display_name": "Nathan Bradford",
            "team": "TCR2U6UEM",
            "name": "nabra22",
            "is_restricted": false,
            "is_ultra_restricted": false
        },
        "blocks": [
            {
                "type": "rich_text",
                "block_id": "zJ=\/",
                "elements": [
                    {
                        "type": "rich_text_section",
                        "elements": [
                            {
                                "type": "text",
                                "text": "Thanks man"
                            }
                        ]
                    }
                ]
            }
        ]
    },
    {
        "client_msg_id": "AD77484F-7437-4C3A-B174-E24F535F9D53",
        "type": "message",
        "text": "I’ll be at the meeting tomorrow tho so we can go over anything",
        "user": "U018X7N3K42",
        "ts": "1600722770.005600",
        "team": "TCR2U6UEM",
        "user_team": "TCR2U6UEM",
        "source_team": "TCR2U6UEM",
        "user_profile": {
            "avatar_hash": "g50b311404ea",
            "image_72": "https:\/\/secure.gravatar.com\/avatar\/50b311404eaf5a4cbd50a42846f515df.jpg?s=72&d=https%3A%2F%2Fa.slack-edge.com%2Fdf10d%2Fimg%2Favatars%2Fava_0016-72.png",
            "first_name": "",
            "real_name": "Nathan Bradford",
            "display_name": "Nathan Bradford",
            "team": "TCR2U6UEM",
            "name": "nabra22",
            "is_restricted": false,
            "is_ultra_restricted": false
        },
        "blocks": [
            {
                "type": "rich_text",
                "block_id": "t2Oc",
                "elements": [
                    {
                        "type": "rich_text_section",
                        "elements": [
                            {
                                "type": "text",
                                "text": "I’ll be at the meeting tomorrow tho so we can go over anything"
                            }
                        ]
                    }
                ]
            }
        ]
    },
    {
        "client_msg_id": "44dbd5f2-a2b6-49f9-ae3c-c04f011b9643",
        "type": "message",
        "text": "<@U018X7N6MMG> <@U018QFK9G94> <@U010FNPUQP8> CAD Meeting",
        "user": "U0193D42LHJ",
        "ts": "1600722789.005900",
        "team": "TCR2U6UEM",
        "user_team": "TCR2U6UEM",
        "source_team": "TCR2U6UEM",
        "user_profile": {
            "avatar_hash": "ac92a4993882",
            "image_72": "https:\/\/avatars.slack-edge.com\/2020-09-18\/1380577414884_ac92a4993882a5db4876_72.png",
            "first_name": "Elliot",
            "real_name": "Elliot Schmidt",
            "display_name": "Elliot",
            "team": "TCR2U6UEM",
            "name": "elliotschmidt2002",
            "is_restricted": false,
            "is_ultra_restricted": false
        },
        "blocks": [
            {
                "type": "rich_text",
                "block_id": "+BVVU",
                "elements": [
                    {
                        "type": "rich_text_section",
                        "elements": [
                            {
                                "type": "user",
                                "user_id": "U018X7N6MMG"
                            },
                            {
                                "type": "text",
                                "text": " "
                            },
                            {
                                "type": "user",
                                "user_id": "U018QFK9G94"
                            },
                            {
                                "type": "text",
                                "text": " "
                            },
                            {
                                "type": "user",
                                "user_id": "U010FNPUQP8"
                            },
                            {
                                "type": "text",
                                "text": " CAD Meeting"
                            }
                        ]
                    }
                ]
            }
        ]
    },
    {
        "client_msg_id": "64679279-efe8-4dd0-86b7-1c57b5d68f86",
        "type": "message",
        "text": "okay cool, see you than nathan",
        "user": "U0193D42LHJ",
        "ts": "1600722803.006300",
        "team": "TCR2U6UEM",
        "user_team": "TCR2U6UEM",
        "source_team": "TCR2U6UEM",
        "user_profile": {
            "avatar_hash": "ac92a4993882",
            "image_72": "https:\/\/avatars.slack-edge.com\/2020-09-18\/1380577414884_ac92a4993882a5db4876_72.png",
            "first_name": "Elliot",
            "real_name": "Elliot Schmidt",
            "display_name": "Elliot",
            "team": "TCR2U6UEM",
            "name": "elliotschmidt2002",
            "is_restricted": false,
            "is_ultra_restricted": false
        },
        "blocks": [
            {
                "type": "rich_text",
                "block_id": "+9B",
                "elements": [
                    {
                        "type": "rich_text_section",
                        "elements": [
                            {
                                "type": "text",
                                "text": "okay cool, see you than nathan"
                            }
                        ]
                    }
                ]
            }
        ]
    },
    {
        "client_msg_id": "9102d780-35cd-4f61-b425-c831eac6e1a8",
        "type": "message",
        "text": "Hey the calendar actually works",
        "user": "U010DDZ3FJR",
        "ts": "1600723125.006600",
        "team": "TCR2U6UEM",
        "user_team": "TCR2U6UEM",
        "source_team": "TCR2U6UEM",
        "user_profile": {
            "avatar_hash": "fda0a36a8605",
            "image_72": "https:\/\/avatars.slack-edge.com\/2020-09-18\/1386993799393_fda0a36a86053c692b20_72.jpg",
            "first_name": "Luke",
            "real_name": "Luke Aschenbrenner",
            "display_name": "Luke Aschenbrenner",
            "team": "TCR2U6UEM",
            "name": "ashbren21",
            "is_restricted": false,
            "is_ultra_restricted": false
        },
        "blocks": [
            {
                "type": "rich_text",
                "block_id": "tX\/",
                "elements": [
                    {
                        "type": "rich_text_section",
                        "elements": [
                            {
                                "type": "text",
                                "text": "Hey the calendar actually works"
                            }
                        ]
                    }
                ]
            }
        ]
    },
    {
        "client_msg_id": "15f04c5f-bc7a-45f9-9e6d-9fec8a96bb16",
        "type": "message",
        "text": "I propose we name the robot Duncan",
        "user": "U018URES8KV",
        "ts": "1600724282.006800",
        "team": "TCR2U6UEM",
        "user_team": "TCR2U6UEM",
        "source_team": "TCR2U6UEM",
        "user_profile": {
            "avatar_hash": "1b6b64ea950d",
            "image_72": "https:\/\/avatars.slack-edge.com\/2020-09-18\/1380553169540_1b6b64ea950dd455ff25_72.jpg",
            "first_name": "Adam",
            "real_name": "Adam Holmes",
            "display_name": "Adam Holmes",
            "team": "TCR2U6UEM",
            "name": "adamup555",
            "is_restricted": false,
            "is_ultra_restricted": false
        },
        "blocks": [
            {
                "type": "rich_text",
                "block_id": "BNY",
                "elements": [
                    {
                        "type": "rich_text_section",
                        "elements": [
                            {
                                "type": "text",
                                "text": "I propose we name the robot Duncan"
                            }
                        ]
                    }
                ]
            }
        ]
    },
    {
        "client_msg_id": "ad82a8f9-cf7b-4602-bbcc-c33c017de5f0",
        "type": "message",
        "text": "for Dunkin Donuts",
        "user": "U018URES8KV",
        "ts": "1600724287.007000",
        "team": "TCR2U6UEM",
        "user_team": "TCR2U6UEM",
        "source_team": "TCR2U6UEM",
        "user_profile": {
            "avatar_hash": "1b6b64ea950d",
            "image_72": "https:\/\/avatars.slack-edge.com\/2020-09-18\/1380553169540_1b6b64ea950dd455ff25_72.jpg",
            "first_name": "Adam",
            "real_name": "Adam Holmes",
            "display_name": "Adam Holmes",
            "team": "TCR2U6UEM",
            "name": "adamup555",
            "is_restricted": false,
            "is_ultra_restricted": false
        },
        "blocks": [
            {
                "type": "rich_text",
                "block_id": "O4n",
                "elements": [
                    {
                        "type": "rich_text_section",
                        "elements": [
                            {
                                "type": "text",
                                "text": "for Dunkin Donuts"
                            }
                        ]
                    }
                ]
            }
        ]
    },
    {
        "client_msg_id": "ed23a6c6-8f57-4d27-a354-23496b4f0295",
        "type": "message",
        "text": "Because we are launching donuts",
        "user": "U018URES8KV",
        "ts": "1600729138.007300",
        "team": "TCR2U6UEM",
        "user_team": "TCR2U6UEM",
        "source_team": "TCR2U6UEM",
        "user_profile": {
            "avatar_hash": "1b6b64ea950d",
            "image_72": "https:\/\/avatars.slack-edge.com\/2020-09-18\/1380553169540_1b6b64ea950dd455ff25_72.jpg",
            "first_name": "Adam",
            "real_name": "Adam Holmes",
            "display_name": "Adam Holmes",
            "team": "TCR2U6UEM",
            "name": "adamup555",
            "is_restricted": false,
            "is_ultra_restricted": false
        },
        "blocks": [
            {
                "type": "rich_text",
                "block_id": "UESJ",
                "elements": [
                    {
                        "type": "rich_text_section",
                        "elements": [
                            {
                                "type": "text",
                                "text": "Because we are launching donuts"
                            }
                        ]
                    }
                ]
            }
        ],
        "reactions": [
            {
                "name": "stonks",
                "users": [
                    "U0193D42LHJ",
                    "U010DDZ3FJR",
                    "U018URES8KV",
                    "U018GF7AFJB"
                ],
                "count": 4
            }
        ]
    }
]