[
    {
        "client_msg_id": "296f7755-90f1-4695-a04e-74c81a987ec6",
        "type": "message",
        "text": "Oh it might be a good idea for whoever's inventorying to jibble in so we can keep track of when people work outside of normal meetings",
        "user": "U010DDZ3FJR",
        "ts": "1603208754.010800",
        "team": "TCR2U6UEM",
        "user_team": "TCR2U6UEM",
        "source_team": "TCR2U6UEM",
        "user_profile": {
            "avatar_hash": "fda0a36a8605",
            "image_72": "https:\/\/avatars.slack-edge.com\/2020-09-18\/1386993799393_fda0a36a86053c692b20_72.jpg",
            "first_name": "Luke",
            "real_name": "Luke Aschenbrenner",
            "display_name": "Luke Aschenbrenner",
            "team": "TCR2U6UEM",
            "name": "ashbren21",
            "is_restricted": false,
            "is_ultra_restricted": false
        },
        "blocks": [
            {
                "type": "rich_text",
                "block_id": "E3g=",
                "elements": [
                    {
                        "type": "rich_text_section",
                        "elements": [
                            {
                                "type": "text",
                                "text": "Oh it might be a good idea for whoever's inventorying to jibble in so we can keep track of when people work outside of normal meetings"
                            }
                        ]
                    }
                ]
            }
        ]
    },
    {
        "client_msg_id": "60AA1847-A558-41C2-9580-86FBB61A6F76",
        "type": "message",
        "text": "Nobody signed up so we’re just doing after school",
        "user": "U018X7N6MMG",
        "ts": "1603208811.011300",
        "team": "TCR2U6UEM",
        "user_team": "TCR2U6UEM",
        "source_team": "TCR2U6UEM",
        "user_profile": {
            "avatar_hash": "ba89825d3b7b",
            "image_72": "https:\/\/avatars.slack-edge.com\/2020-09-11\/1355949232709_ba89825d3b7bcf995dc9_72.png",
            "first_name": "Keith",
            "real_name": "Keith Friestad",
            "display_name": "",
            "team": "TCR2U6UEM",
            "name": "keith.friestad",
            "is_restricted": false,
            "is_ultra_restricted": false
        },
        "blocks": [
            {
                "type": "rich_text",
                "block_id": "+vpXh",
                "elements": [
                    {
                        "type": "rich_text_section",
                        "elements": [
                            {
                                "type": "text",
                                "text": "Nobody signed up so we’re just doing after school"
                            }
                        ]
                    }
                ]
            }
        ]
    },
    {
        "client_msg_id": "16d41402-9018-4518-b384-c882351bce0f",
        "type": "message",
        "text": "Alright sounds good",
        "user": "U010DDZ3FJR",
        "ts": "1603211627.011600",
        "team": "TCR2U6UEM",
        "user_team": "TCR2U6UEM",
        "source_team": "TCR2U6UEM",
        "user_profile": {
            "avatar_hash": "fda0a36a8605",
            "image_72": "https:\/\/avatars.slack-edge.com\/2020-09-18\/1386993799393_fda0a36a86053c692b20_72.jpg",
            "first_name": "Luke",
            "real_name": "Luke Aschenbrenner",
            "display_name": "Luke Aschenbrenner",
            "team": "TCR2U6UEM",
            "name": "ashbren21",
            "is_restricted": false,
            "is_ultra_restricted": false
        },
        "blocks": [
            {
                "type": "rich_text",
                "block_id": "N\/x",
                "elements": [
                    {
                        "type": "rich_text_section",
                        "elements": [
                            {
                                "type": "text",
                                "text": "Alright sounds good"
                            }
                        ]
                    }
                ]
            }
        ]
    },
    {
        "client_msg_id": "97c0f960-df47-4dc0-b2d1-5983d86cbee6",
        "type": "message",
        "text": "Can you guys see if we can get tank functional today, I was going to work with the coders on trying remote code upload. Also if we get tank working and can test with getting remote robot driving working, then maybe it can be like a fundraising thing",
        "user": "U010DDZ3FJR",
        "ts": "1603211689.013600",
        "team": "TCR2U6UEM",
        "user_team": "TCR2U6UEM",
        "source_team": "TCR2U6UEM",
        "user_profile": {
            "avatar_hash": "fda0a36a8605",
            "image_72": "https:\/\/avatars.slack-edge.com\/2020-09-18\/1386993799393_fda0a36a86053c692b20_72.jpg",
            "first_name": "Luke",
            "real_name": "Luke Aschenbrenner",
            "display_name": "Luke Aschenbrenner",
            "team": "TCR2U6UEM",
            "name": "ashbren21",
            "is_restricted": false,
            "is_ultra_restricted": false
        },
        "blocks": [
            {
                "type": "rich_text",
                "block_id": "EN0",
                "elements": [
                    {
                        "type": "rich_text_section",
                        "elements": [
                            {
                                "type": "text",
                                "text": "Can you guys see if we can get tank functional today, I was going to work with the coders on trying remote code upload. Also if we get tank working and can test with getting remote robot driving working, then maybe it can be like a fundraising thing"
                            }
                        ]
                    }
                ]
            }
        ]
    },
    {
        "client_msg_id": "1354cb4b-fd7b-4b5a-a090-8cac74ec7a91",
        "type": "message",
        "text": "I'll see what I can do",
        "user": "U018X7N6MMG",
        "ts": "1603218083.013900",
        "team": "TCR2U6UEM",
        "user_team": "TCR2U6UEM",
        "source_team": "TCR2U6UEM",
        "user_profile": {
            "avatar_hash": "ba89825d3b7b",
            "image_72": "https:\/\/avatars.slack-edge.com\/2020-09-11\/1355949232709_ba89825d3b7bcf995dc9_72.png",
            "first_name": "Keith",
            "real_name": "Keith Friestad",
            "display_name": "",
            "team": "TCR2U6UEM",
            "name": "keith.friestad",
            "is_restricted": false,
            "is_ultra_restricted": false
        },
        "blocks": [
            {
                "type": "rich_text",
                "block_id": "iyQWE",
                "elements": [
                    {
                        "type": "rich_text_section",
                        "elements": [
                            {
                                "type": "text",
                                "text": "I'll see what I can do"
                            }
                        ]
                    }
                ]
            }
        ]
    },
    {
        "client_msg_id": "9a8dc458-2298-49e5-86ce-ea2dce073b99",
        "type": "message",
        "text": "Do you want us to disconnect everything but the drivetrain?",
        "user": "U018X7N6MMG",
        "ts": "1603218110.014500",
        "team": "TCR2U6UEM",
        "user_team": "TCR2U6UEM",
        "source_team": "TCR2U6UEM",
        "user_profile": {
            "avatar_hash": "ba89825d3b7b",
            "image_72": "https:\/\/avatars.slack-edge.com\/2020-09-11\/1355949232709_ba89825d3b7bcf995dc9_72.png",
            "first_name": "Keith",
            "real_name": "Keith Friestad",
            "display_name": "",
            "team": "TCR2U6UEM",
            "name": "keith.friestad",
            "is_restricted": false,
            "is_ultra_restricted": false
        },
        "blocks": [
            {
                "type": "rich_text",
                "block_id": "KlU",
                "elements": [
                    {
                        "type": "rich_text_section",
                        "elements": [
                            {
                                "type": "text",
                                "text": "Do you want us to disconnect everything but the drivetrain?"
                            }
                        ]
                    }
                ]
            }
        ]
    },
    {
        "client_msg_id": "a5b64c09-d207-4e39-9095-1bf27a4cee24",
        "type": "message",
        "text": "We are going in at 4 right?",
        "user": "U016G7WR3KJ",
        "ts": "1603218115.014800",
        "team": "TCR2U6UEM",
        "user_team": "TCR2U6UEM",
        "source_team": "TCR2U6UEM",
        "user_profile": {
            "avatar_hash": "bbe6b64d1e6f",
            "image_72": "https:\/\/avatars.slack-edge.com\/2020-09-12\/1359637227778_bbe6b64d1e6f191982dd_72.jpg",
            "first_name": "Robbie",
            "real_name": "Robbie Thibodeau",
            "display_name": "Robbie Thibodeau",
            "team": "TCR2U6UEM",
            "name": "rgtthibodeau",
            "is_restricted": false,
            "is_ultra_restricted": false
        },
        "blocks": [
            {
                "type": "rich_text",
                "block_id": "XxR",
                "elements": [
                    {
                        "type": "rich_text_section",
                        "elements": [
                            {
                                "type": "text",
                                "text": "We are going in at 4 right?"
                            }
                        ]
                    }
                ]
            }
        ]
    },
    {
        "client_msg_id": "b07672e8-af1f-4155-8e0c-d9156532d4c2",
        "type": "message",
        "text": "after school yeah",
        "user": "U018X7N6MMG",
        "ts": "1603218123.015400",
        "team": "TCR2U6UEM",
        "user_team": "TCR2U6UEM",
        "source_team": "TCR2U6UEM",
        "user_profile": {
            "avatar_hash": "ba89825d3b7b",
            "image_72": "https:\/\/avatars.slack-edge.com\/2020-09-11\/1355949232709_ba89825d3b7bcf995dc9_72.png",
            "first_name": "Keith",
            "real_name": "Keith Friestad",
            "display_name": "",
            "team": "TCR2U6UEM",
            "name": "keith.friestad",
            "is_restricted": false,
            "is_ultra_restricted": false
        },
        "blocks": [
            {
                "type": "rich_text",
                "block_id": "8G=l",
                "elements": [
                    {
                        "type": "rich_text_section",
                        "elements": [
                            {
                                "type": "text",
                                "text": "after school yeah"
                            }
                        ]
                    }
                ]
            }
        ]
    },
    {
        "client_msg_id": "07989746-8dc2-4315-9026-1a21fddbfadc",
        "type": "message",
        "text": "Do you need a ride?",
        "user": "U016G7WR3KJ",
        "ts": "1603218125.015500",
        "team": "TCR2U6UEM",
        "user_team": "TCR2U6UEM",
        "source_team": "TCR2U6UEM",
        "user_profile": {
            "avatar_hash": "bbe6b64d1e6f",
            "image_72": "https:\/\/avatars.slack-edge.com\/2020-09-12\/1359637227778_bbe6b64d1e6f191982dd_72.jpg",
            "first_name": "Robbie",
            "real_name": "Robbie Thibodeau",
            "display_name": "Robbie Thibodeau",
            "team": "TCR2U6UEM",
            "name": "rgtthibodeau",
            "is_restricted": false,
            "is_ultra_restricted": false
        },
        "blocks": [
            {
                "type": "rich_text",
                "block_id": "UnT",
                "elements": [
                    {
                        "type": "rich_text_section",
                        "elements": [
                            {
                                "type": "text",
                                "text": "Do you need a ride?"
                            }
                        ]
                    }
                ]
            }
        ]
    },
    {
        "client_msg_id": "923418cd-aff7-4109-924f-70c535f8ba12",
        "type": "message",
        "text": "yes",
        "user": "U018X7N6MMG",
        "ts": "1603218127.015700",
        "team": "TCR2U6UEM",
        "user_team": "TCR2U6UEM",
        "source_team": "TCR2U6UEM",
        "user_profile": {
            "avatar_hash": "ba89825d3b7b",
            "image_72": "https:\/\/avatars.slack-edge.com\/2020-09-11\/1355949232709_ba89825d3b7bcf995dc9_72.png",
            "first_name": "Keith",
            "real_name": "Keith Friestad",
            "display_name": "",
            "team": "TCR2U6UEM",
            "name": "keith.friestad",
            "is_restricted": false,
            "is_ultra_restricted": false
        },
        "blocks": [
            {
                "type": "rich_text",
                "block_id": "N\/Q8Y",
                "elements": [
                    {
                        "type": "rich_text_section",
                        "elements": [
                            {
                                "type": "text",
                                "text": "yes"
                            }
                        ]
                    }
                ]
            }
        ]
    },
    {
        "client_msg_id": "17350c87-3053-4885-9190-f032418f42b5",
        "type": "message",
        "text": "I gotchu fam",
        "user": "U016G7WR3KJ",
        "ts": "1603218135.016200",
        "team": "TCR2U6UEM",
        "user_team": "TCR2U6UEM",
        "source_team": "TCR2U6UEM",
        "user_profile": {
            "avatar_hash": "bbe6b64d1e6f",
            "image_72": "https:\/\/avatars.slack-edge.com\/2020-09-12\/1359637227778_bbe6b64d1e6f191982dd_72.jpg",
            "first_name": "Robbie",
            "real_name": "Robbie Thibodeau",
            "display_name": "Robbie Thibodeau",
            "team": "TCR2U6UEM",
            "name": "rgtthibodeau",
            "is_restricted": false,
            "is_ultra_restricted": false
        },
        "blocks": [
            {
                "type": "rich_text",
                "block_id": "Xw3e",
                "elements": [
                    {
                        "type": "rich_text_section",
                        "elements": [
                            {
                                "type": "text",
                                "text": "I gotchu fam"
                            }
                        ]
                    }
                ]
            }
        ]
    },
    {
        "client_msg_id": "e323d782-01e0-4f54-bc10-514e53e6d418",
        "type": "message",
        "text": "<@U010DDZ3FJR> I think for the remote driving we should just have the pusher with adam's grabber",
        "user": "U018X7N6MMG",
        "ts": "1603218155.016600",
        "team": "TCR2U6UEM",
        "user_team": "TCR2U6UEM",
        "source_team": "TCR2U6UEM",
        "user_profile": {
            "avatar_hash": "ba89825d3b7b",
            "image_72": "https:\/\/avatars.slack-edge.com\/2020-09-11\/1355949232709_ba89825d3b7bcf995dc9_72.png",
            "first_name": "Keith",
            "real_name": "Keith Friestad",
            "display_name": "",
            "team": "TCR2U6UEM",
            "name": "keith.friestad",
            "is_restricted": false,
            "is_ultra_restricted": false
        },
        "blocks": [
            {
                "type": "rich_text",
                "block_id": "kBUJ",
                "elements": [
                    {
                        "type": "rich_text_section",
                        "elements": [
                            {
                                "type": "user",
                                "user_id": "U010DDZ3FJR"
                            },
                            {
                                "type": "text",
                                "text": " I think for the remote driving we should just have the pusher with adam's grabber"
                            }
                        ]
                    }
                ]
            }
        ]
    },
    {
        "client_msg_id": "3263e37b-d20c-4248-83e5-69436113f4eb",
        "type": "message",
        "text": "Yeah",
        "user": "U016G7WR3KJ",
        "ts": "1603218167.016800",
        "team": "TCR2U6UEM",
        "user_team": "TCR2U6UEM",
        "source_team": "TCR2U6UEM",
        "user_profile": {
            "avatar_hash": "bbe6b64d1e6f",
            "image_72": "https:\/\/avatars.slack-edge.com\/2020-09-12\/1359637227778_bbe6b64d1e6f191982dd_72.jpg",
            "first_name": "Robbie",
            "real_name": "Robbie Thibodeau",
            "display_name": "Robbie Thibodeau",
            "team": "TCR2U6UEM",
            "name": "rgtthibodeau",
            "is_restricted": false,
            "is_ultra_restricted": false
        },
        "blocks": [
            {
                "type": "rich_text",
                "block_id": "eKGLp",
                "elements": [
                    {
                        "type": "rich_text_section",
                        "elements": [
                            {
                                "type": "text",
                                "text": "Yeah"
                            }
                        ]
                    }
                ]
            }
        ]
    },
    {
        "client_msg_id": "619317f5-ab05-4ab7-8db1-1a6ae6ea74cc",
        "type": "message",
        "text": "But there isn't really much else",
        "user": "U016G7WR3KJ",
        "ts": "1603218174.017100",
        "team": "TCR2U6UEM",
        "user_team": "TCR2U6UEM",
        "source_team": "TCR2U6UEM",
        "user_profile": {
            "avatar_hash": "bbe6b64d1e6f",
            "image_72": "https:\/\/avatars.slack-edge.com\/2020-09-12\/1359637227778_bbe6b64d1e6f191982dd_72.jpg",
            "first_name": "Robbie",
            "real_name": "Robbie Thibodeau",
            "display_name": "Robbie Thibodeau",
            "team": "TCR2U6UEM",
            "name": "rgtthibodeau",
            "is_restricted": false,
            "is_ultra_restricted": false
        },
        "blocks": [
            {
                "type": "rich_text",
                "block_id": "KmE",
                "elements": [
                    {
                        "type": "rich_text_section",
                        "elements": [
                            {
                                "type": "text",
                                "text": "But there isn't really much else"
                            }
                        ]
                    }
                ]
            }
        ]
    },
    {
        "client_msg_id": "6278bbe1-b1e7-4b0c-b0f5-95c3cf2e6edf",
        "type": "message",
        "text": "Other than the latch",
        "user": "U016G7WR3KJ",
        "ts": "1603218195.017800",
        "team": "TCR2U6UEM",
        "user_team": "TCR2U6UEM",
        "source_team": "TCR2U6UEM",
        "user_profile": {
            "avatar_hash": "bbe6b64d1e6f",
            "image_72": "https:\/\/avatars.slack-edge.com\/2020-09-12\/1359637227778_bbe6b64d1e6f191982dd_72.jpg",
            "first_name": "Robbie",
            "real_name": "Robbie Thibodeau",
            "display_name": "Robbie Thibodeau",
            "team": "TCR2U6UEM",
            "name": "rgtthibodeau",
            "is_restricted": false,
            "is_ultra_restricted": false
        },
        "blocks": [
            {
                "type": "rich_text",
                "block_id": "L5O",
                "elements": [
                    {
                        "type": "rich_text_section",
                        "elements": [
                            {
                                "type": "text",
                                "text": "Other than the latch"
                            }
                        ]
                    }
                ]
            }
        ]
    },
    {
        "client_msg_id": "c458342e-f702-4740-b441-c80cd8884f0e",
        "type": "message",
        "text": "theres the latch, capstone dropper, tape measure, etc",
        "user": "U018X7N6MMG",
        "ts": "1603218196.017900",
        "team": "TCR2U6UEM",
        "user_team": "TCR2U6UEM",
        "source_team": "TCR2U6UEM",
        "user_profile": {
            "avatar_hash": "ba89825d3b7b",
            "image_72": "https:\/\/avatars.slack-edge.com\/2020-09-11\/1355949232709_ba89825d3b7bcf995dc9_72.png",
            "first_name": "Keith",
            "real_name": "Keith Friestad",
            "display_name": "",
            "team": "TCR2U6UEM",
            "name": "keith.friestad",
            "is_restricted": false,
            "is_ultra_restricted": false
        },
        "blocks": [
            {
                "type": "rich_text",
                "block_id": "dOBB",
                "elements": [
                    {
                        "type": "rich_text_section",
                        "elements": [
                            {
                                "type": "text",
                                "text": "theres the latch, capstone dropper, tape measure, etc"
                            }
                        ]
                    }
                ]
            }
        ]
    },
    {
        "client_msg_id": "e4cd39a5-9f64-46b0-9ed6-72147e121623",
        "type": "message",
        "text": "Capstone dropper is gone",
        "user": "U016G7WR3KJ",
        "ts": "1603218209.018500",
        "team": "TCR2U6UEM",
        "user_team": "TCR2U6UEM",
        "source_team": "TCR2U6UEM",
        "user_profile": {
            "avatar_hash": "bbe6b64d1e6f",
            "image_72": "https:\/\/avatars.slack-edge.com\/2020-09-12\/1359637227778_bbe6b64d1e6f191982dd_72.jpg",
            "first_name": "Robbie",
            "real_name": "Robbie Thibodeau",
            "display_name": "Robbie Thibodeau",
            "team": "TCR2U6UEM",
            "name": "rgtthibodeau",
            "is_restricted": false,
            "is_ultra_restricted": false
        },
        "blocks": [
            {
                "type": "rich_text",
                "block_id": "94q",
                "elements": [
                    {
                        "type": "rich_text_section",
                        "elements": [
                            {
                                "type": "text",
                                "text": "Capstone dropper is gone"
                            }
                        ]
                    }
                ]
            }
        ]
    },
    {
        "client_msg_id": "bf93ec00-594f-4770-b02b-1fdb9333bd49",
        "type": "message",
        "text": "its still in the code though",
        "user": "U018X7N6MMG",
        "ts": "1603218612.018800",
        "team": "TCR2U6UEM",
        "user_team": "TCR2U6UEM",
        "source_team": "TCR2U6UEM",
        "user_profile": {
            "avatar_hash": "ba89825d3b7b",
            "image_72": "https:\/\/avatars.slack-edge.com\/2020-09-11\/1355949232709_ba89825d3b7bcf995dc9_72.png",
            "first_name": "Keith",
            "real_name": "Keith Friestad",
            "display_name": "",
            "team": "TCR2U6UEM",
            "name": "keith.friestad",
            "is_restricted": false,
            "is_ultra_restricted": false
        },
        "blocks": [
            {
                "type": "rich_text",
                "block_id": "WkP",
                "elements": [
                    {
                        "type": "rich_text_section",
                        "elements": [
                            {
                                "type": "text",
                                "text": "its still in the code though"
                            }
                        ]
                    }
                ]
            }
        ]
    },
    {
        "client_msg_id": "ab5d34de-6cc3-4fcd-922c-a86fe1e2581f",
        "type": "message",
        "text": "Tru",
        "user": "U016G7WR3KJ",
        "ts": "1603218627.019000",
        "team": "TCR2U6UEM",
        "user_team": "TCR2U6UEM",
        "source_team": "TCR2U6UEM",
        "user_profile": {
            "avatar_hash": "bbe6b64d1e6f",
            "image_72": "https:\/\/avatars.slack-edge.com\/2020-09-12\/1359637227778_bbe6b64d1e6f191982dd_72.jpg",
            "first_name": "Robbie",
            "real_name": "Robbie Thibodeau",
            "display_name": "Robbie Thibodeau",
            "team": "TCR2U6UEM",
            "name": "rgtthibodeau",
            "is_restricted": false,
            "is_ultra_restricted": false
        },
        "blocks": [
            {
                "type": "rich_text",
                "block_id": "0B0PE",
                "elements": [
                    {
                        "type": "rich_text_section",
                        "elements": [
                            {
                                "type": "text",
                                "text": "Tru"
                            }
                        ]
                    }
                ]
            }
        ]
    },
    {
        "client_msg_id": "69d413f1-9ac2-48e7-b96c-912d86091393",
        "type": "message",
        "text": "<@U018X7N6MMG> yeah just the drivetrain is fine",
        "user": "U010DDZ3FJR",
        "ts": "1603219604.019900",
        "team": "TCR2U6UEM",
        "user_team": "TCR2U6UEM",
        "source_team": "TCR2U6UEM",
        "user_profile": {
            "avatar_hash": "fda0a36a8605",
            "image_72": "https:\/\/avatars.slack-edge.com\/2020-09-18\/1386993799393_fda0a36a86053c692b20_72.jpg",
            "first_name": "Luke",
            "real_name": "Luke Aschenbrenner",
            "display_name": "Luke Aschenbrenner",
            "team": "TCR2U6UEM",
            "name": "ashbren21",
            "is_restricted": false,
            "is_ultra_restricted": false
        },
        "blocks": [
            {
                "type": "rich_text",
                "block_id": "cWk",
                "elements": [
                    {
                        "type": "rich_text_section",
                        "elements": [
                            {
                                "type": "user",
                                "user_id": "U018X7N6MMG"
                            },
                            {
                                "type": "text",
                                "text": " yeah just the drivetrain is fine"
                            }
                        ]
                    }
                ]
            }
        ]
    },
    {
        "client_msg_id": "b48c75fa-2090-4ded-a106-e0b81f92cf67",
        "type": "message",
        "text": "We actually are going to be using the new codebase",
        "user": "U010DDZ3FJR",
        "ts": "1603219628.020500",
        "team": "TCR2U6UEM",
        "user_team": "TCR2U6UEM",
        "source_team": "TCR2U6UEM",
        "user_profile": {
            "avatar_hash": "fda0a36a8605",
            "image_72": "https:\/\/avatars.slack-edge.com\/2020-09-18\/1386993799393_fda0a36a86053c692b20_72.jpg",
            "first_name": "Luke",
            "real_name": "Luke Aschenbrenner",
            "display_name": "Luke Aschenbrenner",
            "team": "TCR2U6UEM",
            "name": "ashbren21",
            "is_restricted": false,
            "is_ultra_restricted": false
        },
        "blocks": [
            {
                "type": "rich_text",
                "block_id": "M3J",
                "elements": [
                    {
                        "type": "rich_text_section",
                        "elements": [
                            {
                                "type": "text",
                                "text": "We actually are going to be using the new codebase"
                            }
                        ]
                    }
                ]
            }
        ]
    },
    {
        "client_msg_id": "83b6a711-67ca-441a-8fc5-18c69faebe70",
        "type": "message",
        "text": "So we don't have anything coded yet",
        "user": "U010DDZ3FJR",
        "ts": "1603219639.021000",
        "team": "TCR2U6UEM",
        "user_team": "TCR2U6UEM",
        "source_team": "TCR2U6UEM",
        "user_profile": {
            "avatar_hash": "fda0a36a8605",
            "image_72": "https:\/\/avatars.slack-edge.com\/2020-09-18\/1386993799393_fda0a36a86053c692b20_72.jpg",
            "first_name": "Luke",
            "real_name": "Luke Aschenbrenner",
            "display_name": "Luke Aschenbrenner",
            "team": "TCR2U6UEM",
            "name": "ashbren21",
            "is_restricted": false,
            "is_ultra_restricted": false
        },
        "blocks": [
            {
                "type": "rich_text",
                "block_id": "xd69d",
                "elements": [
                    {
                        "type": "rich_text_section",
                        "elements": [
                            {
                                "type": "text",
                                "text": "So we don't have anything coded yet"
                            }
                        ]
                    }
                ]
            }
        ]
    },
    {
        "client_msg_id": "e36f1a33-7764-4d63-b735-131ac6b076a2",
        "type": "message",
        "text": "I'll keep the grabber on and just unplug it since we're keeping it anyway",
        "user": "U018X7N6MMG",
        "ts": "1603219649.021300",
        "team": "TCR2U6UEM",
        "user_team": "TCR2U6UEM",
        "source_team": "TCR2U6UEM",
        "user_profile": {
            "avatar_hash": "ba89825d3b7b",
            "image_72": "https:\/\/avatars.slack-edge.com\/2020-09-11\/1355949232709_ba89825d3b7bcf995dc9_72.png",
            "first_name": "Keith",
            "real_name": "Keith Friestad",
            "display_name": "",
            "team": "TCR2U6UEM",
            "name": "keith.friestad",
            "is_restricted": false,
            "is_ultra_restricted": false
        },
        "blocks": [
            {
                "type": "rich_text",
                "block_id": "q2aP",
                "elements": [
                    {
                        "type": "rich_text_section",
                        "elements": [
                            {
                                "type": "text",
                                "text": "I'll keep the grabber on and just unplug it since we're keeping it anyway"
                            }
                        ]
                    }
                ]
            }
        ]
    },
    {
        "client_msg_id": "c0f4c068-13d1-40b4-b114-d791a4ae0c95",
        "type": "message",
        "text": "<@U0193D42LHJ> would you be able to come in to take apart overhaul today?",
        "user": "U018X7N6MMG",
        "ts": "1603219668.021700",
        "team": "TCR2U6UEM",
        "user_team": "TCR2U6UEM",
        "source_team": "TCR2U6UEM",
        "user_profile": {
            "avatar_hash": "ba89825d3b7b",
            "image_72": "https:\/\/avatars.slack-edge.com\/2020-09-11\/1355949232709_ba89825d3b7bcf995dc9_72.png",
            "first_name": "Keith",
            "real_name": "Keith Friestad",
            "display_name": "",
            "team": "TCR2U6UEM",
            "name": "keith.friestad",
            "is_restricted": false,
            "is_ultra_restricted": false
        },
        "blocks": [
            {
                "type": "rich_text",
                "block_id": "7nSf",
                "elements": [
                    {
                        "type": "rich_text_section",
                        "elements": [
                            {
                                "type": "user",
                                "user_id": "U0193D42LHJ"
                            },
                            {
                                "type": "text",
                                "text": " would you be able to come in to take apart overhaul today?"
                            }
                        ]
                    }
                ]
            }
        ]
    },
    {
        "client_msg_id": "3b2e0421-53c6-4a26-acd1-83e53d5a0333",
        "type": "message",
        "text": "I have a doctor's appointment and depending on how long it is sure",
        "user": "U0193D42LHJ",
        "ts": "1603219966.022200",
        "team": "TCR2U6UEM",
        "user_team": "TCR2U6UEM",
        "source_team": "TCR2U6UEM",
        "user_profile": {
            "avatar_hash": "ac92a4993882",
            "image_72": "https:\/\/avatars.slack-edge.com\/2020-09-18\/1380577414884_ac92a4993882a5db4876_72.png",
            "first_name": "Elliot",
            "real_name": "Elliot Schmidt",
            "display_name": "Elliot",
            "team": "TCR2U6UEM",
            "name": "elliotschmidt2002",
            "is_restricted": false,
            "is_ultra_restricted": false
        },
        "blocks": [
            {
                "type": "rich_text",
                "block_id": "4Ge5",
                "elements": [
                    {
                        "type": "rich_text_section",
                        "elements": [
                            {
                                "type": "text",
                                "text": "I have a doctor's appointment and depending on how long it is sure"
                            }
                        ]
                    }
                ]
            }
        ]
    },
    {
        "client_msg_id": "3766ad68-e908-4875-99ba-d013e04119a1",
        "type": "message",
        "text": "We are keeping everything intact, just taking it off the chassis",
        "user": "U016G7WR3KJ",
        "ts": "1603220001.022800",
        "team": "TCR2U6UEM",
        "user_team": "TCR2U6UEM",
        "source_team": "TCR2U6UEM",
        "user_profile": {
            "avatar_hash": "bbe6b64d1e6f",
            "image_72": "https:\/\/avatars.slack-edge.com\/2020-09-12\/1359637227778_bbe6b64d1e6f191982dd_72.jpg",
            "first_name": "Robbie",
            "real_name": "Robbie Thibodeau",
            "display_name": "Robbie Thibodeau",
            "team": "TCR2U6UEM",
            "name": "rgtthibodeau",
            "is_restricted": false,
            "is_ultra_restricted": false
        },
        "blocks": [
            {
                "type": "rich_text",
                "block_id": "WDVrF",
                "elements": [
                    {
                        "type": "rich_text_section",
                        "elements": [
                            {
                                "type": "text",
                                "text": "We are keeping everything intact, just taking it off the chassis"
                            }
                        ]
                    }
                ]
            }
        ]
    },
    {
        "client_msg_id": "96600138-4d26-4741-9797-d25ba6aa0ad8",
        "type": "message",
        "text": "I know robbie",
        "user": "U0193D42LHJ",
        "ts": "1603220041.023100",
        "team": "TCR2U6UEM",
        "user_team": "TCR2U6UEM",
        "source_team": "TCR2U6UEM",
        "user_profile": {
            "avatar_hash": "ac92a4993882",
            "image_72": "https:\/\/avatars.slack-edge.com\/2020-09-18\/1380577414884_ac92a4993882a5db4876_72.png",
            "first_name": "Elliot",
            "real_name": "Elliot Schmidt",
            "display_name": "Elliot",
            "team": "TCR2U6UEM",
            "name": "elliotschmidt2002",
            "is_restricted": false,
            "is_ultra_restricted": false
        },
        "blocks": [
            {
                "type": "rich_text",
                "block_id": "e=o",
                "elements": [
                    {
                        "type": "rich_text_section",
                        "elements": [
                            {
                                "type": "text",
                                "text": "I know robbie"
                            }
                        ]
                    }
                ]
            }
        ]
    },
    {
        "client_msg_id": "8157fe3b-f8e4-4c4a-81a2-a0f7144e4c4f",
        "type": "message",
        "text": "Ok",
        "user": "U016G7WR3KJ",
        "ts": "1603220046.023300",
        "team": "TCR2U6UEM",
        "user_team": "TCR2U6UEM",
        "source_team": "TCR2U6UEM",
        "user_profile": {
            "avatar_hash": "bbe6b64d1e6f",
            "image_72": "https:\/\/avatars.slack-edge.com\/2020-09-12\/1359637227778_bbe6b64d1e6f191982dd_72.jpg",
            "first_name": "Robbie",
            "real_name": "Robbie Thibodeau",
            "display_name": "Robbie Thibodeau",
            "team": "TCR2U6UEM",
            "name": "rgtthibodeau",
            "is_restricted": false,
            "is_ultra_restricted": false
        },
        "blocks": [
            {
                "type": "rich_text",
                "block_id": "WdgN",
                "elements": [
                    {
                        "type": "rich_text_section",
                        "elements": [
                            {
                                "type": "text",
                                "text": "Ok"
                            }
                        ]
                    }
                ]
            }
        ]
    },
    {
        "client_msg_id": "45cc6133-b6ff-4a8d-9886-09be5b58924e",
        "type": "message",
        "text": "oh i thought we were saving tank and disassembling overhaul",
        "user": "U018X7N6MMG",
        "ts": "1603220074.024000",
        "team": "TCR2U6UEM",
        "user_team": "TCR2U6UEM",
        "source_team": "TCR2U6UEM",
        "user_profile": {
            "avatar_hash": "ba89825d3b7b",
            "image_72": "https:\/\/avatars.slack-edge.com\/2020-09-11\/1355949232709_ba89825d3b7bcf995dc9_72.png",
            "first_name": "Keith",
            "real_name": "Keith Friestad",
            "display_name": "",
            "team": "TCR2U6UEM",
            "name": "keith.friestad",
            "is_restricted": false,
            "is_ultra_restricted": false
        },
        "blocks": [
            {
                "type": "rich_text",
                "block_id": "M0IhC",
                "elements": [
                    {
                        "type": "rich_text_section",
                        "elements": [
                            {
                                "type": "text",
                                "text": "oh i thought we were saving tank and disassembling overhaul"
                            }
                        ]
                    }
                ]
            }
        ]
    },
    {
        "client_msg_id": "a13b2e97-86b2-4276-9ab4-ef8da7827fcf",
        "type": "message",
        "text": "Well most of the stuff on overhaul is custom",
        "user": "U016G7WR3KJ",
        "ts": "1603220090.024400",
        "team": "TCR2U6UEM",
        "user_team": "TCR2U6UEM",
        "source_team": "TCR2U6UEM",
        "user_profile": {
            "avatar_hash": "bbe6b64d1e6f",
            "image_72": "https:\/\/avatars.slack-edge.com\/2020-09-12\/1359637227778_bbe6b64d1e6f191982dd_72.jpg",
            "first_name": "Robbie",
            "real_name": "Robbie Thibodeau",
            "display_name": "Robbie Thibodeau",
            "team": "TCR2U6UEM",
            "name": "rgtthibodeau",
            "is_restricted": false,
            "is_ultra_restricted": false
        },
        "blocks": [
            {
                "type": "rich_text",
                "block_id": "ui3R",
                "elements": [
                    {
                        "type": "rich_text_section",
                        "elements": [
                            {
                                "type": "text",
                                "text": "Well most of the stuff on overhaul is custom"
                            }
                        ]
                    }
                ]
            }
        ]
    },
    {
        "client_msg_id": "eb57fcf3-5144-42ea-b739-3e45497ae57e",
        "type": "message",
        "text": "Maybe if we need a part we can take it off",
        "user": "U016G7WR3KJ",
        "ts": "1603220100.025000",
        "team": "TCR2U6UEM",
        "user_team": "TCR2U6UEM",
        "source_team": "TCR2U6UEM",
        "user_profile": {
            "avatar_hash": "bbe6b64d1e6f",
            "image_72": "https:\/\/avatars.slack-edge.com\/2020-09-12\/1359637227778_bbe6b64d1e6f191982dd_72.jpg",
            "first_name": "Robbie",
            "real_name": "Robbie Thibodeau",
            "display_name": "Robbie Thibodeau",
            "team": "TCR2U6UEM",
            "name": "rgtthibodeau",
            "is_restricted": false,
            "is_ultra_restricted": false
        },
        "blocks": [
            {
                "type": "rich_text",
                "block_id": "xEd",
                "elements": [
                    {
                        "type": "rich_text_section",
                        "elements": [
                            {
                                "type": "text",
                                "text": "Maybe if we need a part we can take it off"
                            }
                        ]
                    }
                ]
            }
        ]
    },
    {
        "client_msg_id": "5863ec4e-1f37-43e2-bc41-5ed97f3f347e",
        "type": "message",
        "text": "but the stuff that isn't is probably things we are going to need for our new bot",
        "user": "U018X7N6MMG",
        "ts": "1603220111.025500",
        "team": "TCR2U6UEM",
        "user_team": "TCR2U6UEM",
        "source_team": "TCR2U6UEM",
        "user_profile": {
            "avatar_hash": "ba89825d3b7b",
            "image_72": "https:\/\/avatars.slack-edge.com\/2020-09-11\/1355949232709_ba89825d3b7bcf995dc9_72.png",
            "first_name": "Keith",
            "real_name": "Keith Friestad",
            "display_name": "",
            "team": "TCR2U6UEM",
            "name": "keith.friestad",
            "is_restricted": false,
            "is_ultra_restricted": false
        },
        "blocks": [
            {
                "type": "rich_text",
                "block_id": "pa\/e",
                "elements": [
                    {
                        "type": "rich_text_section",
                        "elements": [
                            {
                                "type": "text",
                                "text": "but the stuff that isn't is probably things we are going to need for our new bot"
                            }
                        ]
                    }
                ]
            }
        ]
    },
    {
        "client_msg_id": "89f46386-56b0-45bf-b7ff-87157d1f395f",
        "type": "message",
        "text": "so keep the custom stuff assembled?",
        "user": "U018X7N6MMG",
        "ts": "1603220124.025900",
        "team": "TCR2U6UEM",
        "user_team": "TCR2U6UEM",
        "source_team": "TCR2U6UEM",
        "user_profile": {
            "avatar_hash": "ba89825d3b7b",
            "image_72": "https:\/\/avatars.slack-edge.com\/2020-09-11\/1355949232709_ba89825d3b7bcf995dc9_72.png",
            "first_name": "Keith",
            "real_name": "Keith Friestad",
            "display_name": "",
            "team": "TCR2U6UEM",
            "name": "keith.friestad",
            "is_restricted": false,
            "is_ultra_restricted": false
        },
        "blocks": [
            {
                "type": "rich_text",
                "block_id": "dil",
                "elements": [
                    {
                        "type": "rich_text_section",
                        "elements": [
                            {
                                "type": "text",
                                "text": "so keep the custom stuff assembled?"
                            }
                        ]
                    }
                ]
            }
        ]
    },
    {
        "client_msg_id": "a9ddd810-b031-48c0-a4fa-345dc593f3b1",
        "type": "message",
        "text": "Yes of course, it is cool",
        "user": "U016G7WR3KJ",
        "ts": "1603220132.026200",
        "team": "TCR2U6UEM",
        "user_team": "TCR2U6UEM",
        "source_team": "TCR2U6UEM",
        "user_profile": {
            "avatar_hash": "bbe6b64d1e6f",
            "image_72": "https:\/\/avatars.slack-edge.com\/2020-09-12\/1359637227778_bbe6b64d1e6f191982dd_72.jpg",
            "first_name": "Robbie",
            "real_name": "Robbie Thibodeau",
            "display_name": "Robbie Thibodeau",
            "team": "TCR2U6UEM",
            "name": "rgtthibodeau",
            "is_restricted": false,
            "is_ultra_restricted": false
        },
        "blocks": [
            {
                "type": "rich_text",
                "block_id": "sY5mN",
                "elements": [
                    {
                        "type": "rich_text_section",
                        "elements": [
                            {
                                "type": "text",
                                "text": "Yes of course, it is cool"
                            }
                        ]
                    }
                ]
            }
        ]
    },
    {
        "client_msg_id": "56aeca6b-8d7e-4ea6-a0c2-5f40dc65678b",
        "type": "message",
        "text": "Well we're using the the chassis and afaik most of the stuff on it isn't gonna be useful for much else",
        "user": "U0193D42LHJ",
        "ts": "1603220148.026900",
        "team": "TCR2U6UEM",
        "user_team": "TCR2U6UEM",
        "source_team": "TCR2U6UEM",
        "user_profile": {
            "avatar_hash": "ac92a4993882",
            "image_72": "https:\/\/avatars.slack-edge.com\/2020-09-18\/1380577414884_ac92a4993882a5db4876_72.png",
            "first_name": "Elliot",
            "real_name": "Elliot Schmidt",
            "display_name": "Elliot",
            "team": "TCR2U6UEM",
            "name": "elliotschmidt2002",
            "is_restricted": false,
            "is_ultra_restricted": false
        },
        "blocks": [
            {
                "type": "rich_text",
                "block_id": "MHMqy",
                "elements": [
                    {
                        "type": "rich_text_section",
                        "elements": [
                            {
                                "type": "text",
                                "text": "Well we're using the the chassis and afaik most of the stuff on it isn't gonna be useful for much else"
                            }
                        ]
                    }
                ]
            }
        ]
    },
    {
        "client_msg_id": "a7166547-b642-40d0-81ed-b52de4cdc1fa",
        "type": "message",
        "text": "Afaik?",
        "user": "U016G7WR3KJ",
        "ts": "1603220160.027500",
        "team": "TCR2U6UEM",
        "user_team": "TCR2U6UEM",
        "source_team": "TCR2U6UEM",
        "user_profile": {
            "avatar_hash": "bbe6b64d1e6f",
            "image_72": "https:\/\/avatars.slack-edge.com\/2020-09-12\/1359637227778_bbe6b64d1e6f191982dd_72.jpg",
            "first_name": "Robbie",
            "real_name": "Robbie Thibodeau",
            "display_name": "Robbie Thibodeau",
            "team": "TCR2U6UEM",
            "name": "rgtthibodeau",
            "is_restricted": false,
            "is_ultra_restricted": false
        },
        "blocks": [
            {
                "type": "rich_text",
                "block_id": "kB9z",
                "elements": [
                    {
                        "type": "rich_text_section",
                        "elements": [
                            {
                                "type": "text",
                                "text": "Afaik?"
                            }
                        ]
                    }
                ]
            }
        ]
    },
    {
        "client_msg_id": "2f09cf39-373c-405b-99a2-3f148e1d59a9",
        "type": "message",
        "text": "afaik?",
        "user": "U018X7N6MMG",
        "ts": "1603220162.027700",
        "team": "TCR2U6UEM",
        "user_team": "TCR2U6UEM",
        "source_team": "TCR2U6UEM",
        "user_profile": {
            "avatar_hash": "ba89825d3b7b",
            "image_72": "https:\/\/avatars.slack-edge.com\/2020-09-11\/1355949232709_ba89825d3b7bcf995dc9_72.png",
            "first_name": "Keith",
            "real_name": "Keith Friestad",
            "display_name": "",
            "team": "TCR2U6UEM",
            "name": "keith.friestad",
            "is_restricted": false,
            "is_ultra_restricted": false
        },
        "blocks": [
            {
                "type": "rich_text",
                "block_id": "mI8Mx",
                "elements": [
                    {
                        "type": "rich_text_section",
                        "elements": [
                            {
                                "type": "text",
                                "text": "afaik?"
                            }
                        ]
                    }
                ]
            }
        ],
        "reactions": [
            {
                "name": "ice_hockey_stick_and_puck",
                "users": [
                    "U016G7WR3KJ",
                    "U0193D42LHJ",
                    "U018URES8KV"
                ],
                "count": 3
            }
        ]
    },
    {
        "client_msg_id": "3ca4bff0-47d2-4bdf-9126-b718a734b0b3",
        "type": "message",
        "text": "oh",
        "user": "U018X7N6MMG",
        "ts": "1603220165.028000",
        "team": "TCR2U6UEM",
        "user_team": "TCR2U6UEM",
        "source_team": "TCR2U6UEM",
        "user_profile": {
            "avatar_hash": "ba89825d3b7b",
            "image_72": "https:\/\/avatars.slack-edge.com\/2020-09-11\/1355949232709_ba89825d3b7bcf995dc9_72.png",
            "first_name": "Keith",
            "real_name": "Keith Friestad",
            "display_name": "",
            "team": "TCR2U6UEM",
            "name": "keith.friestad",
            "is_restricted": false,
            "is_ultra_restricted": false
        },
        "blocks": [
            {
                "type": "rich_text",
                "block_id": "9dp",
                "elements": [
                    {
                        "type": "rich_text_section",
                        "elements": [
                            {
                                "type": "text",
                                "text": "oh"
                            }
                        ]
                    }
                ]
            }
        ]
    },
    {
        "client_msg_id": "bea7b5a6-90ab-4786-90a3-5ed1fa9588c6",
        "type": "message",
        "text": "I'm taking the servos\/motors out and that's about it",
        "user": "U0193D42LHJ",
        "ts": "1603220167.028100",
        "team": "TCR2U6UEM",
        "user_team": "TCR2U6UEM",
        "source_team": "TCR2U6UEM",
        "user_profile": {
            "avatar_hash": "ac92a4993882",
            "image_72": "https:\/\/avatars.slack-edge.com\/2020-09-18\/1380577414884_ac92a4993882a5db4876_72.png",
            "first_name": "Elliot",
            "real_name": "Elliot Schmidt",
            "display_name": "Elliot",
            "team": "TCR2U6UEM",
            "name": "elliotschmidt2002",
            "is_restricted": false,
            "is_ultra_restricted": false
        },
        "blocks": [
            {
                "type": "rich_text",
                "block_id": "cpCz",
                "elements": [
                    {
                        "type": "rich_text_section",
                        "elements": [
                            {
                                "type": "text",
                                "text": "I'm taking the servos\/motors out and that's about it"
                            }
                        ]
                    }
                ]
            }
        ]
    },
    {
        "client_msg_id": "16f7a4e2-4c0a-43a7-852a-4c75e119f37d",
        "type": "message",
        "text": "As far as I know",
        "user": "U0193D42LHJ",
        "ts": "1603220170.028400",
        "team": "TCR2U6UEM",
        "user_team": "TCR2U6UEM",
        "source_team": "TCR2U6UEM",
        "user_profile": {
            "avatar_hash": "ac92a4993882",
            "image_72": "https:\/\/avatars.slack-edge.com\/2020-09-18\/1380577414884_ac92a4993882a5db4876_72.png",
            "first_name": "Elliot",
            "real_name": "Elliot Schmidt",
            "display_name": "Elliot",
            "team": "TCR2U6UEM",
            "name": "elliotschmidt2002",
            "is_restricted": false,
            "is_ultra_restricted": false
        },
        "blocks": [
            {
                "type": "rich_text",
                "block_id": "v30t",
                "elements": [
                    {
                        "type": "rich_text_section",
                        "elements": [
                            {
                                "type": "text",
                                "text": "As far as I know"
                            }
                        ]
                    }
                ]
            }
        ]
    },
    {
        "client_msg_id": "7505ec94-b683-4aec-a7b6-17f7ba865fa2",
        "type": "message",
        "text": "there are some brackets and channels that we might want",
        "user": "U018X7N6MMG",
        "ts": "1603220186.028900",
        "team": "TCR2U6UEM",
        "user_team": "TCR2U6UEM",
        "source_team": "TCR2U6UEM",
        "user_profile": {
            "avatar_hash": "ba89825d3b7b",
            "image_72": "https:\/\/avatars.slack-edge.com\/2020-09-11\/1355949232709_ba89825d3b7bcf995dc9_72.png",
            "first_name": "Keith",
            "real_name": "Keith Friestad",
            "display_name": "",
            "team": "TCR2U6UEM",
            "name": "keith.friestad",
            "is_restricted": false,
            "is_ultra_restricted": false
        },
        "blocks": [
            {
                "type": "rich_text",
                "block_id": "Qe3",
                "elements": [
                    {
                        "type": "rich_text_section",
                        "elements": [
                            {
                                "type": "text",
                                "text": "there are some brackets and channels that we might want"
                            }
                        ]
                    }
                ]
            }
        ]
    },
    {
        "client_msg_id": "2e55a046-c750-4ecb-838c-76329cb9b589",
        "type": "message",
        "text": "Well see",
        "user": "U016G7WR3KJ",
        "ts": "1603220196.029500",
        "team": "TCR2U6UEM",
        "user_team": "TCR2U6UEM",
        "source_team": "TCR2U6UEM",
        "user_profile": {
            "avatar_hash": "bbe6b64d1e6f",
            "image_72": "https:\/\/avatars.slack-edge.com\/2020-09-12\/1359637227778_bbe6b64d1e6f191982dd_72.jpg",
            "first_name": "Robbie",
            "real_name": "Robbie Thibodeau",
            "display_name": "Robbie Thibodeau",
            "team": "TCR2U6UEM",
            "name": "rgtthibodeau",
            "is_restricted": false,
            "is_ultra_restricted": false
        },
        "blocks": [
            {
                "type": "rich_text",
                "block_id": "qaU",
                "elements": [
                    {
                        "type": "rich_text_section",
                        "elements": [
                            {
                                "type": "text",
                                "text": "Well see"
                            }
                        ]
                    }
                ]
            }
        ]
    },
    {
        "client_msg_id": "98815dd0-960b-4970-b267-1e9bf32cb651",
        "type": "message",
        "text": "I guess we can just take stuff off if we need it",
        "user": "U018X7N6MMG",
        "ts": "1603220197.029600",
        "team": "TCR2U6UEM",
        "user_team": "TCR2U6UEM",
        "source_team": "TCR2U6UEM",
        "user_profile": {
            "avatar_hash": "ba89825d3b7b",
            "image_72": "https:\/\/avatars.slack-edge.com\/2020-09-11\/1355949232709_ba89825d3b7bcf995dc9_72.png",
            "first_name": "Keith",
            "real_name": "Keith Friestad",
            "display_name": "",
            "team": "TCR2U6UEM",
            "name": "keith.friestad",
            "is_restricted": false,
            "is_ultra_restricted": false
        },
        "blocks": [
            {
                "type": "rich_text",
                "block_id": "UtyIu",
                "elements": [
                    {
                        "type": "rich_text_section",
                        "elements": [
                            {
                                "type": "text",
                                "text": "I guess we can just take stuff off if we need it"
                            }
                        ]
                    }
                ]
            }
        ]
    },
    {
        "client_msg_id": "67338362-96ed-43f9-9704-54b225f38ff3",
        "type": "message",
        "text": "That's included with the motors",
        "user": "U0193D42LHJ",
        "ts": "1603220197.029700",
        "team": "TCR2U6UEM",
        "user_team": "TCR2U6UEM",
        "source_team": "TCR2U6UEM",
        "user_profile": {
            "avatar_hash": "ac92a4993882",
            "image_72": "https:\/\/avatars.slack-edge.com\/2020-09-18\/1380577414884_ac92a4993882a5db4876_72.png",
            "first_name": "Elliot",
            "real_name": "Elliot Schmidt",
            "display_name": "Elliot",
            "team": "TCR2U6UEM",
            "name": "elliotschmidt2002",
            "is_restricted": false,
            "is_ultra_restricted": false
        },
        "blocks": [
            {
                "type": "rich_text",
                "block_id": "4oPX+",
                "elements": [
                    {
                        "type": "rich_text_section",
                        "elements": [
                            {
                                "type": "text",
                                "text": "That's included with the motors"
                            }
                        ]
                    }
                ]
            }
        ]
    },
    {
        "client_msg_id": "3e47e181-e71b-4018-b15b-a385cb64f2f6",
        "type": "message",
        "text": "ah",
        "user": "U018X7N6MMG",
        "ts": "1603220200.029900",
        "team": "TCR2U6UEM",
        "user_team": "TCR2U6UEM",
        "source_team": "TCR2U6UEM",
        "user_profile": {
            "avatar_hash": "ba89825d3b7b",
            "image_72": "https:\/\/avatars.slack-edge.com\/2020-09-11\/1355949232709_ba89825d3b7bcf995dc9_72.png",
            "first_name": "Keith",
            "real_name": "Keith Friestad",
            "display_name": "",
            "team": "TCR2U6UEM",
            "name": "keith.friestad",
            "is_restricted": false,
            "is_ultra_restricted": false
        },
        "blocks": [
            {
                "type": "rich_text",
                "block_id": "ivgc",
                "elements": [
                    {
                        "type": "rich_text_section",
                        "elements": [
                            {
                                "type": "text",
                                "text": "ah"
                            }
                        ]
                    }
                ]
            }
        ]
    },
    {
        "client_msg_id": "73302d4a-e525-4a6b-83dd-c48b159affaf",
        "type": "message",
        "text": "I think we should also inventory the parts that are actually on the bots still after our disassembly",
        "user": "U018X7N6MMG",
        "ts": "1603220229.030800",
        "team": "TCR2U6UEM",
        "user_team": "TCR2U6UEM",
        "source_team": "TCR2U6UEM",
        "user_profile": {
            "avatar_hash": "ba89825d3b7b",
            "image_72": "https:\/\/avatars.slack-edge.com\/2020-09-11\/1355949232709_ba89825d3b7bcf995dc9_72.png",
            "first_name": "Keith",
            "real_name": "Keith Friestad",
            "display_name": "",
            "team": "TCR2U6UEM",
            "name": "keith.friestad",
            "is_restricted": false,
            "is_ultra_restricted": false
        },
        "blocks": [
            {
                "type": "rich_text",
                "block_id": "0Nj",
                "elements": [
                    {
                        "type": "rich_text_section",
                        "elements": [
                            {
                                "type": "text",
                                "text": "I think we should also inventory the parts that are actually on the bots still after our disassembly"
                            }
                        ]
                    }
                ]
            }
        ]
    },
    {
        "client_msg_id": "b97f02cc-b82f-449d-a4ec-349ddbb9a459",
        "type": "message",
        "text": "Yes",
        "user": "U016G7WR3KJ",
        "ts": "1603220254.031000",
        "team": "TCR2U6UEM",
        "user_team": "TCR2U6UEM",
        "source_team": "TCR2U6UEM",
        "user_profile": {
            "avatar_hash": "bbe6b64d1e6f",
            "image_72": "https:\/\/avatars.slack-edge.com\/2020-09-12\/1359637227778_bbe6b64d1e6f191982dd_72.jpg",
            "first_name": "Robbie",
            "real_name": "Robbie Thibodeau",
            "display_name": "Robbie Thibodeau",
            "team": "TCR2U6UEM",
            "name": "rgtthibodeau",
            "is_restricted": false,
            "is_ultra_restricted": false
        },
        "blocks": [
            {
                "type": "rich_text",
                "block_id": "8C=j5",
                "elements": [
                    {
                        "type": "rich_text_section",
                        "elements": [
                            {
                                "type": "text",
                                "text": "Yes"
                            }
                        ]
                    }
                ]
            }
        ]
    },
    {
        "client_msg_id": "a268e127-41e2-4d13-a56a-180d946428f7",
        "type": "message",
        "text": "And hopefully find the field wall connectors",
        "user": "U016G7WR3KJ",
        "ts": "1603220316.031400",
        "team": "TCR2U6UEM",
        "user_team": "TCR2U6UEM",
        "source_team": "TCR2U6UEM",
        "user_profile": {
            "avatar_hash": "bbe6b64d1e6f",
            "image_72": "https:\/\/avatars.slack-edge.com\/2020-09-12\/1359637227778_bbe6b64d1e6f191982dd_72.jpg",
            "first_name": "Robbie",
            "real_name": "Robbie Thibodeau",
            "display_name": "Robbie Thibodeau",
            "team": "TCR2U6UEM",
            "name": "rgtthibodeau",
            "is_restricted": false,
            "is_ultra_restricted": false
        },
        "blocks": [
            {
                "type": "rich_text",
                "block_id": "R10p",
                "elements": [
                    {
                        "type": "rich_text_section",
                        "elements": [
                            {
                                "type": "text",
                                "text": "And hopefully find the field wall connectors"
                            }
                        ]
                    }
                ]
            }
        ]
    },
    {
        "client_msg_id": "a0e8b28a-1b63-4e4d-aa57-132e31327dcc",
        "type": "message",
        "text": "<https:\/\/www.andymark.com\/products\/first-tech-challenge-panel-link>?",
        "user": "U016G7WR3KJ",
        "ts": "1603220439.031600",
        "team": "TCR2U6UEM",
        "user_team": "TCR2U6UEM",
        "source_team": "TCR2U6UEM",
        "user_profile": {
            "avatar_hash": "bbe6b64d1e6f",
            "image_72": "https:\/\/avatars.slack-edge.com\/2020-09-12\/1359637227778_bbe6b64d1e6f191982dd_72.jpg",
            "first_name": "Robbie",
            "real_name": "Robbie Thibodeau",
            "display_name": "Robbie Thibodeau",
            "team": "TCR2U6UEM",
            "name": "rgtthibodeau",
            "is_restricted": false,
            "is_ultra_restricted": false
        },
        "attachments": [
            {
                "title": "FIRST Tech Challenge Panel Link",
                "title_link": "https:\/\/www.andymark.com\/products\/first-tech-challenge-panel-link",
                "text": "This link is used with 1-5\/16 in. Quick Release Pins (am-2579) to interlock panels to make up the official FIRST Tech Challenge perimeter am-0481a. Two of these links and four pins are needed per intersection.",
                "fallback": "FIRST Tech Challenge Panel Link",
                "thumb_url": "https:\/\/andymark-weblinc.netdna-ssl.com\/product_images\/first-tech-challenge-panel-link\/am_2580a\/5bd497de61a10d27d2433453\/detail.jpg?c=1540659166",
                "from_url": "https:\/\/www.andymark.com\/products\/first-tech-challenge-panel-link",
                "thumb_width": 360,
                "thumb_height": 360,
                "service_icon": "https:\/\/andymark-weblinc.netdna-ssl.com\/favicons\/180x180.png?v=a0453a5a877d1c95e24a6951587be930",
                "service_name": "andymark.com",
                "id": 1,
                "original_url": "https:\/\/www.andymark.com\/products\/first-tech-challenge-panel-link"
            }
        ],
        "blocks": [
            {
                "type": "rich_text",
                "block_id": "QqAAU",
                "elements": [
                    {
                        "type": "rich_text_section",
                        "elements": [
                            {
                                "type": "link",
                                "url": "https:\/\/www.andymark.com\/products\/first-tech-challenge-panel-link"
                            },
                            {
                                "type": "text",
                                "text": "?"
                            }
                        ]
                    }
                ]
            }
        ]
    },
    {
        "client_msg_id": "637fe91e-e419-4d50-bb5f-e9e58153cab6",
        "type": "message",
        "text": "Make sure that we have a charger battery though so that we can get testing today",
        "user": "U010DDZ3FJR",
        "ts": "1603222259.032400",
        "team": "TCR2U6UEM",
        "user_team": "TCR2U6UEM",
        "source_team": "TCR2U6UEM",
        "user_profile": {
            "avatar_hash": "fda0a36a8605",
            "image_72": "https:\/\/avatars.slack-edge.com\/2020-09-18\/1386993799393_fda0a36a86053c692b20_72.jpg",
            "first_name": "Luke",
            "real_name": "Luke Aschenbrenner",
            "display_name": "Luke Aschenbrenner",
            "team": "TCR2U6UEM",
            "name": "ashbren21",
            "is_restricted": false,
            "is_ultra_restricted": false
        },
        "blocks": [
            {
                "type": "rich_text",
                "block_id": "mPUQ=",
                "elements": [
                    {
                        "type": "rich_text_section",
                        "elements": [
                            {
                                "type": "text",
                                "text": "Make sure that we have a charger battery though so that we can get testing today"
                            }
                        ]
                    }
                ]
            }
        ]
    },
    {
        "client_msg_id": "03bda783-43c6-42ff-945e-655ba1487a58",
        "type": "message",
        "text": "I think there is one charging on that white stacking shelf thing",
        "user": "U016G7WR3KJ",
        "ts": "1603222311.033400",
        "team": "TCR2U6UEM",
        "user_team": "TCR2U6UEM",
        "source_team": "TCR2U6UEM",
        "user_profile": {
            "avatar_hash": "bbe6b64d1e6f",
            "image_72": "https:\/\/avatars.slack-edge.com\/2020-09-12\/1359637227778_bbe6b64d1e6f191982dd_72.jpg",
            "first_name": "Robbie",
            "real_name": "Robbie Thibodeau",
            "display_name": "Robbie Thibodeau",
            "team": "TCR2U6UEM",
            "name": "rgtthibodeau",
            "is_restricted": false,
            "is_ultra_restricted": false
        },
        "blocks": [
            {
                "type": "rich_text",
                "block_id": "5Wuo5",
                "elements": [
                    {
                        "type": "rich_text_section",
                        "elements": [
                            {
                                "type": "text",
                                "text": "I think there is one charging on that white stacking shelf thing"
                            }
                        ]
                    }
                ]
            }
        ],
        "reactions": [
            {
                "name": "+1",
                "users": [
                    "U010DDZ3FJR"
                ],
                "count": 1
            }
        ]
    },
    {
        "client_msg_id": "7b27d34e-9da8-4314-913d-7ddb153aa5cf",
        "type": "message",
        "text": "So I'm not gonna be able to come in today which sucks, forgot about something I have to do at home. But tomorrow will be good!!",
        "user": "U0193D42LHJ",
        "ts": "1603227728.034700",
        "team": "TCR2U6UEM",
        "user_team": "TCR2U6UEM",
        "source_team": "TCR2U6UEM",
        "user_profile": {
            "avatar_hash": "ac92a4993882",
            "image_72": "https:\/\/avatars.slack-edge.com\/2020-09-18\/1380577414884_ac92a4993882a5db4876_72.png",
            "first_name": "Elliot",
            "real_name": "Elliot Schmidt",
            "display_name": "Elliot",
            "team": "TCR2U6UEM",
            "name": "elliotschmidt2002",
            "is_restricted": false,
            "is_ultra_restricted": false
        },
        "blocks": [
            {
                "type": "rich_text",
                "block_id": "xpen",
                "elements": [
                    {
                        "type": "rich_text_section",
                        "elements": [
                            {
                                "type": "text",
                                "text": "So I'm not gonna be able to come in today which sucks, forgot about something I have to do at home. But tomorrow will be good!!"
                            }
                        ]
                    }
                ]
            }
        ]
    },
    {
        "client_msg_id": "39a0939d-3352-48d8-b080-77bc56dae424",
        "type": "message",
        "text": "Gonna be about 2-5 minutes late to the meeting",
        "user": "U0193D42LHJ",
        "ts": "1603228472.035200",
        "team": "TCR2U6UEM",
        "user_team": "TCR2U6UEM",
        "source_team": "TCR2U6UEM",
        "user_profile": {
            "avatar_hash": "ac92a4993882",
            "image_72": "https:\/\/avatars.slack-edge.com\/2020-09-18\/1380577414884_ac92a4993882a5db4876_72.png",
            "first_name": "Elliot",
            "real_name": "Elliot Schmidt",
            "display_name": "Elliot",
            "team": "TCR2U6UEM",
            "name": "elliotschmidt2002",
            "is_restricted": false,
            "is_ultra_restricted": false
        },
        "blocks": [
            {
                "type": "rich_text",
                "block_id": "BUPU",
                "elements": [
                    {
                        "type": "rich_text_section",
                        "elements": [
                            {
                                "type": "text",
                                "text": "Gonna be about 2-5 minutes late to the meeting"
                            }
                        ]
                    }
                ]
            }
        ]
    },
    {
        "client_msg_id": "eae63cdd-0def-4967-be8f-ca19f9d620ca",
        "type": "message",
        "text": "got it",
        "user": "U010DDZ3FJR",
        "ts": "1603228490.035500",
        "team": "TCR2U6UEM",
        "user_team": "TCR2U6UEM",
        "source_team": "TCR2U6UEM",
        "user_profile": {
            "avatar_hash": "fda0a36a8605",
            "image_72": "https:\/\/avatars.slack-edge.com\/2020-09-18\/1386993799393_fda0a36a86053c692b20_72.jpg",
            "first_name": "Luke",
            "real_name": "Luke Aschenbrenner",
            "display_name": "Luke Aschenbrenner",
            "team": "TCR2U6UEM",
            "name": "ashbren21",
            "is_restricted": false,
            "is_ultra_restricted": false
        },
        "blocks": [
            {
                "type": "rich_text",
                "block_id": "trIL",
                "elements": [
                    {
                        "type": "rich_text_section",
                        "elements": [
                            {
                                "type": "text",
                                "text": "got it"
                            }
                        ]
                    }
                ]
            }
        ]
    },
    {
        "client_msg_id": "49f39492-e5a7-48eb-9cfe-21fe8d21b042",
        "type": "message",
        "text": "?zoomcall",
        "user": "U010DDZ3FJR",
        "ts": "1603228493.035700",
        "team": "TCR2U6UEM",
        "user_team": "TCR2U6UEM",
        "source_team": "TCR2U6UEM",
        "user_profile": {
            "avatar_hash": "fda0a36a8605",
            "image_72": "https:\/\/avatars.slack-edge.com\/2020-09-18\/1386993799393_fda0a36a86053c692b20_72.jpg",
            "first_name": "Luke",
            "real_name": "Luke Aschenbrenner",
            "display_name": "Luke Aschenbrenner",
            "team": "TCR2U6UEM",
            "name": "ashbren21",
            "is_restricted": false,
            "is_ultra_restricted": false
        },
        "blocks": [
            {
                "type": "rich_text",
                "block_id": "4=Yd",
                "elements": [
                    {
                        "type": "rich_text_section",
                        "elements": [
                            {
                                "type": "text",
                                "text": "?zoomcall"
                            }
                        ]
                    }
                ]
            }
        ]
    },
    {
        "type": "message",
        "subtype": "slackbot_response",
        "text": "<https:\/\/iowacityschools-org.zoom.us\/j\/92666092070>",
        "user": "USLACKBOT",
        "ts": "1603228494.035800"
    },
    {
        "client_msg_id": "a244edfa-d3bf-4236-8c51-f293c31857f7",
        "type": "message",
        "text": "Keoth and I are about to be j t he temp",
        "user": "U016G7WR3KJ",
        "ts": "1603228657.036500",
        "team": "TCR2U6UEM",
        "user_team": "TCR2U6UEM",
        "source_team": "TCR2U6UEM",
        "user_profile": {
            "avatar_hash": "bbe6b64d1e6f",
            "image_72": "https:\/\/avatars.slack-edge.com\/2020-09-12\/1359637227778_bbe6b64d1e6f191982dd_72.jpg",
            "first_name": "Robbie",
            "real_name": "Robbie Thibodeau",
            "display_name": "Robbie Thibodeau",
            "team": "TCR2U6UEM",
            "name": "rgtthibodeau",
            "is_restricted": false,
            "is_ultra_restricted": false
        },
        "blocks": [
            {
                "type": "rich_text",
                "block_id": "dVw9y",
                "elements": [
                    {
                        "type": "rich_text_section",
                        "elements": [
                            {
                                "type": "text",
                                "text": "Keoth and I are about to be j t he temp"
                            }
                        ]
                    }
                ]
            }
        ]
    },
    {
        "client_msg_id": "953b494c-46ee-41d2-afa1-d4e9d1fb625a",
        "type": "message",
        "text": "are you going to join the zoom from the temp",
        "user": "U010DDZ3FJR",
        "ts": "1603228700.037000",
        "team": "TCR2U6UEM",
        "user_team": "TCR2U6UEM",
        "source_team": "TCR2U6UEM",
        "user_profile": {
            "avatar_hash": "fda0a36a8605",
            "image_72": "https:\/\/avatars.slack-edge.com\/2020-09-18\/1386993799393_fda0a36a86053c692b20_72.jpg",
            "first_name": "Luke",
            "real_name": "Luke Aschenbrenner",
            "display_name": "Luke Aschenbrenner",
            "team": "TCR2U6UEM",
            "name": "ashbren21",
            "is_restricted": false,
            "is_ultra_restricted": false
        },
        "blocks": [
            {
                "type": "rich_text",
                "block_id": "W0OPp",
                "elements": [
                    {
                        "type": "rich_text_section",
                        "elements": [
                            {
                                "type": "text",
                                "text": "are you going to join the zoom from the temp"
                            }
                        ]
                    }
                ]
            }
        ]
    },
    {
        "client_msg_id": "3bf9d65c-7a50-4dde-8236-fd84910d46b5",
        "type": "message",
        "text": "Yes",
        "user": "U016G7WR3KJ",
        "ts": "1603228726.037100",
        "team": "TCR2U6UEM",
        "user_team": "TCR2U6UEM",
        "source_team": "TCR2U6UEM",
        "user_profile": {
            "avatar_hash": "bbe6b64d1e6f",
            "image_72": "https:\/\/avatars.slack-edge.com\/2020-09-12\/1359637227778_bbe6b64d1e6f191982dd_72.jpg",
            "first_name": "Robbie",
            "real_name": "Robbie Thibodeau",
            "display_name": "Robbie Thibodeau",
            "team": "TCR2U6UEM",
            "name": "rgtthibodeau",
            "is_restricted": false,
            "is_ultra_restricted": false
        },
        "blocks": [
            {
                "type": "rich_text",
                "block_id": "MraQ",
                "elements": [
                    {
                        "type": "rich_text_section",
                        "elements": [
                            {
                                "type": "text",
                                "text": "Yes"
                            }
                        ]
                    }
                ]
            }
        ]
    },
    {
        "client_msg_id": "18CFE44B-ABC4-4BEC-AD19-EE3E565F47A8",
        "type": "message",
        "text": "HEY GUYS ",
        "user": "U018QFKN44W",
        "ts": "1603243120.037400",
        "team": "TCR2U6UEM",
        "user_team": "TCR2U6UEM",
        "source_team": "TCR2U6UEM",
        "user_profile": {
            "avatar_hash": "032f80dfd458",
            "image_72": "https:\/\/avatars.slack-edge.com\/2020-09-11\/1371096170705_032f80dfd458ccdaccbe_72.png",
            "first_name": "Cecilia",
            "real_name": "Cecilia Clark",
            "display_name": "Ceci",
            "team": "TCR2U6UEM",
            "name": "cecla22",
            "is_restricted": false,
            "is_ultra_restricted": false
        },
        "blocks": [
            {
                "type": "rich_text",
                "block_id": "21=",
                "elements": [
                    {
                        "type": "rich_text_section",
                        "elements": [
                            {
                                "type": "text",
                                "text": "HEY GUYS "
                            }
                        ]
                    }
                ]
            }
        ]
    },
    {
        "client_msg_id": "F48118EA-1C8D-4DEB-B618-0E6F2929774E",
        "type": "message",
        "text": "tomorrow we all have to wear a hat to the zoom call ",
        "user": "U018QFKN44W",
        "ts": "1603243132.037900",
        "team": "TCR2U6UEM",
        "user_team": "TCR2U6UEM",
        "source_team": "TCR2U6UEM",
        "user_profile": {
            "avatar_hash": "032f80dfd458",
            "image_72": "https:\/\/avatars.slack-edge.com\/2020-09-11\/1371096170705_032f80dfd458ccdaccbe_72.png",
            "first_name": "Cecilia",
            "real_name": "Cecilia Clark",
            "display_name": "Ceci",
            "team": "TCR2U6UEM",
            "name": "cecla22",
            "is_restricted": false,
            "is_ultra_restricted": false
        },
        "blocks": [
            {
                "type": "rich_text",
                "block_id": "Yaz",
                "elements": [
                    {
                        "type": "rich_text_section",
                        "elements": [
                            {
                                "type": "text",
                                "text": "tomorrow we all have to wear a hat to the zoom call "
                            }
                        ]
                    }
                ]
            }
        ]
    },
    {
        "client_msg_id": "586B8F90-62FF-49EB-81D7-99B84970A4D2",
        "type": "message",
        "text": "If you Don’t have a hat then get a paper bag or something ",
        "user": "U018QFKN44W",
        "ts": "1603243153.038700",
        "team": "TCR2U6UEM",
        "user_team": "TCR2U6UEM",
        "source_team": "TCR2U6UEM",
        "user_profile": {
            "avatar_hash": "032f80dfd458",
            "image_72": "https:\/\/avatars.slack-edge.com\/2020-09-11\/1371096170705_032f80dfd458ccdaccbe_72.png",
            "first_name": "Cecilia",
            "real_name": "Cecilia Clark",
            "display_name": "Ceci",
            "team": "TCR2U6UEM",
            "name": "cecla22",
            "is_restricted": false,
            "is_ultra_restricted": false
        },
        "blocks": [
            {
                "type": "rich_text",
                "block_id": "jqFk",
                "elements": [
                    {
                        "type": "rich_text_section",
                        "elements": [
                            {
                                "type": "text",
                                "text": "If you Don’t have a hat then get a paper bag or something "
                            }
                        ]
                    }
                ]
            }
        ]
    },
    {
        "client_msg_id": "a5201c08-b7db-4b54-8abe-15ab4055c96f",
        "type": "message",
        "text": "I'm normally wearing a hat",
        "user": "U016G7WR3KJ",
        "ts": "1603243161.039200",
        "team": "TCR2U6UEM",
        "user_team": "TCR2U6UEM",
        "source_team": "TCR2U6UEM",
        "user_profile": {
            "avatar_hash": "bbe6b64d1e6f",
            "image_72": "https:\/\/avatars.slack-edge.com\/2020-09-12\/1359637227778_bbe6b64d1e6f191982dd_72.jpg",
            "first_name": "Robbie",
            "real_name": "Robbie Thibodeau",
            "display_name": "Robbie Thibodeau",
            "team": "TCR2U6UEM",
            "name": "rgtthibodeau",
            "is_restricted": false,
            "is_ultra_restricted": false
        },
        "blocks": [
            {
                "type": "rich_text",
                "block_id": "W6Yi",
                "elements": [
                    {
                        "type": "rich_text_section",
                        "elements": [
                            {
                                "type": "text",
                                "text": "I'm normally wearing a hat"
                            }
                        ]
                    }
                ]
            }
        ]
    },
    {
        "client_msg_id": "3BF06CBF-97F7-4CAB-A850-E5C42F9AF8B6",
        "type": "message",
        "text": "Well what a good first step! ",
        "user": "U018QFKN44W",
        "ts": "1603243170.039700",
        "team": "TCR2U6UEM",
        "user_team": "TCR2U6UEM",
        "source_team": "TCR2U6UEM",
        "user_profile": {
            "avatar_hash": "032f80dfd458",
            "image_72": "https:\/\/avatars.slack-edge.com\/2020-09-11\/1371096170705_032f80dfd458ccdaccbe_72.png",
            "first_name": "Cecilia",
            "real_name": "Cecilia Clark",
            "display_name": "Ceci",
            "team": "TCR2U6UEM",
            "name": "cecla22",
            "is_restricted": false,
            "is_ultra_restricted": false
        },
        "blocks": [
            {
                "type": "rich_text",
                "block_id": "=Dii",
                "elements": [
                    {
                        "type": "rich_text_section",
                        "elements": [
                            {
                                "type": "text",
                                "text": "Well what a good first step! "
                            }
                        ]
                    }
                ]
            }
        ]
    },
    {
        "client_msg_id": "7e3e374e-ea7d-468a-bfea-33fe82a439fa",
        "type": "message",
        "text": "Is there context to this??",
        "user": "U0193D42LHJ",
        "ts": "1603243176.040000",
        "team": "TCR2U6UEM",
        "user_team": "TCR2U6UEM",
        "source_team": "TCR2U6UEM",
        "user_profile": {
            "avatar_hash": "ac92a4993882",
            "image_72": "https:\/\/avatars.slack-edge.com\/2020-09-18\/1380577414884_ac92a4993882a5db4876_72.png",
            "first_name": "Elliot",
            "real_name": "Elliot Schmidt",
            "display_name": "Elliot",
            "team": "TCR2U6UEM",
            "name": "elliotschmidt2002",
            "is_restricted": false,
            "is_ultra_restricted": false
        },
        "blocks": [
            {
                "type": "rich_text",
                "block_id": "6nf",
                "elements": [
                    {
                        "type": "rich_text_section",
                        "elements": [
                            {
                                "type": "text",
                                "text": "Is there context to this??"
                            }
                        ]
                    }
                ]
            }
        ]
    },
    {
        "client_msg_id": "56b8c0d8-3546-46d1-b682-db354abb4b95",
        "type": "message",
        "text": "Does there need to be?",
        "user": "U016G7WR3KJ",
        "ts": "1603243187.040500",
        "team": "TCR2U6UEM",
        "user_team": "TCR2U6UEM",
        "source_team": "TCR2U6UEM",
        "user_profile": {
            "avatar_hash": "bbe6b64d1e6f",
            "image_72": "https:\/\/avatars.slack-edge.com\/2020-09-12\/1359637227778_bbe6b64d1e6f191982dd_72.jpg",
            "first_name": "Robbie",
            "real_name": "Robbie Thibodeau",
            "display_name": "Robbie Thibodeau",
            "team": "TCR2U6UEM",
            "name": "rgtthibodeau",
            "is_restricted": false,
            "is_ultra_restricted": false
        },
        "blocks": [
            {
                "type": "rich_text",
                "block_id": "WWq",
                "elements": [
                    {
                        "type": "rich_text_section",
                        "elements": [
                            {
                                "type": "text",
                                "text": "Does there need to be?"
                            }
                        ]
                    }
                ]
            }
        ]
    },
    {
        "client_msg_id": "D92098C5-CD49-4EB4-919B-13C21FBD89D1",
        "type": "message",
        "text": "JUST WEAR THE HAT ",
        "user": "U018QFKN44W",
        "ts": "1603243187.040600",
        "team": "TCR2U6UEM",
        "user_team": "TCR2U6UEM",
        "source_team": "TCR2U6UEM",
        "user_profile": {
            "avatar_hash": "032f80dfd458",
            "image_72": "https:\/\/avatars.slack-edge.com\/2020-09-11\/1371096170705_032f80dfd458ccdaccbe_72.png",
            "first_name": "Cecilia",
            "real_name": "Cecilia Clark",
            "display_name": "Ceci",
            "team": "TCR2U6UEM",
            "name": "cecla22",
            "is_restricted": false,
            "is_ultra_restricted": false
        },
        "blocks": [
            {
                "type": "rich_text",
                "block_id": "3iZka",
                "elements": [
                    {
                        "type": "rich_text_section",
                        "elements": [
                            {
                                "type": "text",
                                "text": "JUST WEAR THE HAT "
                            }
                        ]
                    }
                ]
            }
        ]
    },
    {
        "client_msg_id": "A2FFBCE5-A366-44BE-85C8-A91DA49AE826",
        "type": "message",
        "text": "pleeeeeeeaaaaasssseeeee? ",
        "user": "U018QFKN44W",
        "ts": "1603243202.041200",
        "team": "TCR2U6UEM",
        "user_team": "TCR2U6UEM",
        "source_team": "TCR2U6UEM",
        "user_profile": {
            "avatar_hash": "032f80dfd458",
            "image_72": "https:\/\/avatars.slack-edge.com\/2020-09-11\/1371096170705_032f80dfd458ccdaccbe_72.png",
            "first_name": "Cecilia",
            "real_name": "Cecilia Clark",
            "display_name": "Ceci",
            "team": "TCR2U6UEM",
            "name": "cecla22",
            "is_restricted": false,
            "is_ultra_restricted": false
        },
        "blocks": [
            {
                "type": "rich_text",
                "block_id": "7QGnL",
                "elements": [
                    {
                        "type": "rich_text_section",
                        "elements": [
                            {
                                "type": "text",
                                "text": "pleeeeeeeaaaaasssseeeee? "
                            }
                        ]
                    }
                ]
            }
        ]
    },
    {
        "client_msg_id": "96eae7d6-78a1-4321-9e86-2b3c3b369814",
        "type": "message",
        "text": "I'm gonna wear one but whyyy???",
        "user": "U0193D42LHJ",
        "ts": "1603243216.042000",
        "team": "TCR2U6UEM",
        "user_team": "TCR2U6UEM",
        "source_team": "TCR2U6UEM",
        "user_profile": {
            "avatar_hash": "ac92a4993882",
            "image_72": "https:\/\/avatars.slack-edge.com\/2020-09-18\/1380577414884_ac92a4993882a5db4876_72.png",
            "first_name": "Elliot",
            "real_name": "Elliot Schmidt",
            "display_name": "Elliot",
            "team": "TCR2U6UEM",
            "name": "elliotschmidt2002",
            "is_restricted": false,
            "is_ultra_restricted": false
        },
        "blocks": [
            {
                "type": "rich_text",
                "block_id": "YwCL",
                "elements": [
                    {
                        "type": "rich_text_section",
                        "elements": [
                            {
                                "type": "text",
                                "text": "I'm gonna wear one but whyyy???"
                            }
                        ]
                    }
                ]
            }
        ]
    },
    {
        "client_msg_id": "68AE47F9-7CB8-4E9E-96F4-AD2136AC0075",
        "type": "message",
        "text": "Everyone needs to wear a hat for notebook",
        "user": "U018QFKN44W",
        "ts": "1603243220.042100",
        "team": "TCR2U6UEM",
        "user_team": "TCR2U6UEM",
        "source_team": "TCR2U6UEM",
        "user_profile": {
            "avatar_hash": "032f80dfd458",
            "image_72": "https:\/\/avatars.slack-edge.com\/2020-09-11\/1371096170705_032f80dfd458ccdaccbe_72.png",
            "first_name": "Cecilia",
            "real_name": "Cecilia Clark",
            "display_name": "Ceci",
            "team": "TCR2U6UEM",
            "name": "cecla22",
            "is_restricted": false,
            "is_ultra_restricted": false
        },
        "blocks": [
            {
                "type": "rich_text",
                "block_id": "Dpt",
                "elements": [
                    {
                        "type": "rich_text_section",
                        "elements": [
                            {
                                "type": "text",
                                "text": "Everyone needs to wear a hat for notebook"
                            }
                        ]
                    }
                ]
            }
        ]
    },
    {
        "client_msg_id": "44a713eb-9deb-48f2-ad8a-82ab1ca61be4",
        "type": "message",
        "text": "Okay good enough for me",
        "user": "U0193D42LHJ",
        "ts": "1603243232.042600",
        "team": "TCR2U6UEM",
        "user_team": "TCR2U6UEM",
        "source_team": "TCR2U6UEM",
        "user_profile": {
            "avatar_hash": "ac92a4993882",
            "image_72": "https:\/\/avatars.slack-edge.com\/2020-09-18\/1380577414884_ac92a4993882a5db4876_72.png",
            "first_name": "Elliot",
            "real_name": "Elliot Schmidt",
            "display_name": "Elliot",
            "team": "TCR2U6UEM",
            "name": "elliotschmidt2002",
            "is_restricted": false,
            "is_ultra_restricted": false
        },
        "blocks": [
            {
                "type": "rich_text",
                "block_id": "sYO",
                "elements": [
                    {
                        "type": "rich_text_section",
                        "elements": [
                            {
                                "type": "text",
                                "text": "Okay good enough for me"
                            }
                        ]
                    }
                ]
            }
        ]
    },
    {
        "client_msg_id": "EF1A4112-4B19-44C6-8867-3F5EE84F86A1",
        "type": "message",
        "text": "Some teams are doing goofy stuff where they all wear something similar in video chats ",
        "user": "U018QFKN44W",
        "ts": "1603243240.043000",
        "team": "TCR2U6UEM",
        "user_team": "TCR2U6UEM",
        "source_team": "TCR2U6UEM",
        "user_profile": {
            "avatar_hash": "032f80dfd458",
            "image_72": "https:\/\/avatars.slack-edge.com\/2020-09-11\/1371096170705_032f80dfd458ccdaccbe_72.png",
            "first_name": "Cecilia",
            "real_name": "Cecilia Clark",
            "display_name": "Ceci",
            "team": "TCR2U6UEM",
            "name": "cecla22",
            "is_restricted": false,
            "is_ultra_restricted": false
        },
        "blocks": [
            {
                "type": "rich_text",
                "block_id": "=Tpz",
                "elements": [
                    {
                        "type": "rich_text_section",
                        "elements": [
                            {
                                "type": "text",
                                "text": "Some teams are doing goofy stuff where they all wear something similar in video chats "
                            }
                        ]
                    }
                ]
            }
        ]
    },
    {
        "client_msg_id": "C4B1C8DA-EB2E-4030-923C-86EB9E450F53",
        "type": "message",
        "text": "It looks fun ",
        "user": "U018QFKN44W",
        "ts": "1603243243.043100",
        "team": "TCR2U6UEM",
        "user_team": "TCR2U6UEM",
        "source_team": "TCR2U6UEM",
        "user_profile": {
            "avatar_hash": "032f80dfd458",
            "image_72": "https:\/\/avatars.slack-edge.com\/2020-09-11\/1371096170705_032f80dfd458ccdaccbe_72.png",
            "first_name": "Cecilia",
            "real_name": "Cecilia Clark",
            "display_name": "Ceci",
            "team": "TCR2U6UEM",
            "name": "cecla22",
            "is_restricted": false,
            "is_ultra_restricted": false
        },
        "blocks": [
            {
                "type": "rich_text",
                "block_id": "Dk8=e",
                "elements": [
                    {
                        "type": "rich_text_section",
                        "elements": [
                            {
                                "type": "text",
                                "text": "It looks fun "
                            }
                        ]
                    }
                ]
            }
        ]
    },
    {
        "client_msg_id": "CFA0C8AB-45EB-44F3-88CE-25549F1F2DC8",
        "type": "message",
        "text": "Elliot make sure everyone knows! ",
        "user": "U018QFKN44W",
        "ts": "1603243254.043500",
        "team": "TCR2U6UEM",
        "user_team": "TCR2U6UEM",
        "source_team": "TCR2U6UEM",
        "user_profile": {
            "avatar_hash": "032f80dfd458",
            "image_72": "https:\/\/avatars.slack-edge.com\/2020-09-11\/1371096170705_032f80dfd458ccdaccbe_72.png",
            "first_name": "Cecilia",
            "real_name": "Cecilia Clark",
            "display_name": "Ceci",
            "team": "TCR2U6UEM",
            "name": "cecla22",
            "is_restricted": false,
            "is_ultra_restricted": false
        },
        "blocks": [
            {
                "type": "rich_text",
                "block_id": "zma",
                "elements": [
                    {
                        "type": "rich_text_section",
                        "elements": [
                            {
                                "type": "text",
                                "text": "Elliot make sure everyone knows! "
                            }
                        ]
                    }
                ]
            }
        ]
    }
]