[
    {
        "client_msg_id": "b1935918-6a6e-4334-a762-15f2848f285f",
        "type": "message",
        "text": "Ummmmmmmmmmmmmm",
        "user": "U018URES8KV",
        "ts": "1608498501.000200",
        "team": "TCR2U6UEM",
        "user_team": "TCR2U6UEM",
        "source_team": "TCR2U6UEM",
        "user_profile": {
            "avatar_hash": "1b6b64ea950d",
            "image_72": "https:\/\/avatars.slack-edge.com\/2020-09-18\/1380553169540_1b6b64ea950dd455ff25_72.jpg",
            "first_name": "Adam",
            "real_name": "Adam Holmes",
            "display_name": "Adam Holmes",
            "team": "TCR2U6UEM",
            "name": "adamup555",
            "is_restricted": false,
            "is_ultra_restricted": false
        },
        "blocks": [
            {
                "type": "rich_text",
                "block_id": "7IAF",
                "elements": [
                    {
                        "type": "rich_text_section",
                        "elements": [
                            {
                                "type": "text",
                                "text": "Ummmmmmmmmmmmmm"
                            }
                        ]
                    }
                ]
            }
        ]
    },
    {
        "type": "message",
        "text": "",
        "files": [
            {
                "id": "F01HHFDHNG4",
                "created": 1608498501,
                "timestamp": 1608498501,
                "name": "image.png",
                "title": "image.png",
                "mimetype": "image\/png",
                "filetype": "png",
                "pretty_type": "PNG",
                "user": "U018URES8KV",
                "editable": false,
                "size": 14965,
                "mode": "hosted",
                "is_external": false,
                "external_type": "",
                "is_public": true,
                "public_url_shared": false,
                "display_as_bot": false,
                "username": "",
                "url_private": "https:\/\/files.slack.com\/files-pri\/TCR2U6UEM-F01HHFDHNG4\/image.png?t=xoxe-433096232497-1684125439971-1696548615153-cd1d3d402b441a7d6039d167da7d37bd",
                "url_private_download": "https:\/\/files.slack.com\/files-pri\/TCR2U6UEM-F01HHFDHNG4\/download\/image.png?t=xoxe-433096232497-1684125439971-1696548615153-cd1d3d402b441a7d6039d167da7d37bd",
                "thumb_64": "https:\/\/files.slack.com\/files-tmb\/TCR2U6UEM-F01HHFDHNG4-415cd22bec\/image_64.png?t=xoxe-433096232497-1684125439971-1696548615153-cd1d3d402b441a7d6039d167da7d37bd",
                "thumb_80": "https:\/\/files.slack.com\/files-tmb\/TCR2U6UEM-F01HHFDHNG4-415cd22bec\/image_80.png?t=xoxe-433096232497-1684125439971-1696548615153-cd1d3d402b441a7d6039d167da7d37bd",
                "thumb_360": "https:\/\/files.slack.com\/files-tmb\/TCR2U6UEM-F01HHFDHNG4-415cd22bec\/image_360.png?t=xoxe-433096232497-1684125439971-1696548615153-cd1d3d402b441a7d6039d167da7d37bd",
                "thumb_360_w": 311,
                "thumb_360_h": 194,
                "thumb_160": "https:\/\/files.slack.com\/files-tmb\/TCR2U6UEM-F01HHFDHNG4-415cd22bec\/image_160.png?t=xoxe-433096232497-1684125439971-1696548615153-cd1d3d402b441a7d6039d167da7d37bd",
                "original_w": 311,
                "original_h": 194,
                "thumb_tiny": "AwAdADDQeVEYK0gUnoDTshfvMKr3FmJpN+cZGDmp9nQentQAu5fUfnS5HqKTA9BS4HpQAmR6ilowPSigApjf6xeG\/DpT6Qrlgcnj3oAb+D\/nRj2f86Xb7n86cOKAGY9m\/OnDp0P40tFAH\/\/Z",
                "permalink": "https:\/\/rawbaconrobotics.slack.com\/files\/U018URES8KV\/F01HHFDHNG4\/image.png",
                "permalink_public": "https:\/\/slack-files.com\/TCR2U6UEM-F01HHFDHNG4-2e830d509a",
                "is_starred": false,
                "has_rich_preview": false
            }
        ],
        "upload": false,
        "user": "U018URES8KV",
        "display_as_bot": false,
        "ts": "1608498503.000300",
        "reactions": [
            {
                "name": "notstonks",
                "users": [
                    "U018X7N6MMG",
                    "U018URES8KV"
                ],
                "count": 2
            },
            {
                "name": "fried_egg",
                "users": [
                    "U018URES8KV"
                ],
                "count": 1
            },
            {
                "name": "arrow_up",
                "users": [
                    "U018URES8KV"
                ],
                "count": 1
            },
            {
                "name": "star_and_crescent",
                "users": [
                    "U018URES8KV"
                ],
                "count": 1
            }
        ]
    },
    {
        "client_msg_id": "8b7ac1e4-4224-486e-9ad9-2bd5b5d4192e",
        "type": "message",
        "text": "The folder is gone",
        "user": "U018URES8KV",
        "ts": "1608498507.000700",
        "team": "TCR2U6UEM",
        "user_team": "TCR2U6UEM",
        "source_team": "TCR2U6UEM",
        "user_profile": {
            "avatar_hash": "1b6b64ea950d",
            "image_72": "https:\/\/avatars.slack-edge.com\/2020-09-18\/1380553169540_1b6b64ea950dd455ff25_72.jpg",
            "first_name": "Adam",
            "real_name": "Adam Holmes",
            "display_name": "Adam Holmes",
            "team": "TCR2U6UEM",
            "name": "adamup555",
            "is_restricted": false,
            "is_ultra_restricted": false
        },
        "blocks": [
            {
                "type": "rich_text",
                "block_id": "quLW",
                "elements": [
                    {
                        "type": "rich_text_section",
                        "elements": [
                            {
                                "type": "text",
                                "text": "The folder is gone"
                            }
                        ]
                    }
                ]
            }
        ]
    },
    {
        "client_msg_id": "ee2a78a4-8ede-4503-a025-3edd0f088cea",
        "type": "message",
        "text": "Only the person who moved it to the trash can restore it",
        "user": "U018URES8KV",
        "ts": "1608498534.001200",
        "team": "TCR2U6UEM",
        "user_team": "TCR2U6UEM",
        "source_team": "TCR2U6UEM",
        "user_profile": {
            "avatar_hash": "1b6b64ea950d",
            "image_72": "https:\/\/avatars.slack-edge.com\/2020-09-18\/1380553169540_1b6b64ea950dd455ff25_72.jpg",
            "first_name": "Adam",
            "real_name": "Adam Holmes",
            "display_name": "Adam Holmes",
            "team": "TCR2U6UEM",
            "name": "adamup555",
            "is_restricted": false,
            "is_ultra_restricted": false
        },
        "blocks": [
            {
                "type": "rich_text",
                "block_id": "DQt",
                "elements": [
                    {
                        "type": "rich_text_section",
                        "elements": [
                            {
                                "type": "text",
                                "text": "Only the person who moved it to the trash can restore it"
                            }
                        ]
                    }
                ]
            }
        ]
    },
    {
        "client_msg_id": "05f25a5e-22d4-43da-9cbd-97efcb18a0ba",
        "type": "message",
        "text": "<!everyone> help so everything does not get deleted",
        "user": "U018URES8KV",
        "ts": "1608498567.001800",
        "team": "TCR2U6UEM",
        "user_team": "TCR2U6UEM",
        "source_team": "TCR2U6UEM",
        "user_profile": {
            "avatar_hash": "1b6b64ea950d",
            "image_72": "https:\/\/avatars.slack-edge.com\/2020-09-18\/1380553169540_1b6b64ea950dd455ff25_72.jpg",
            "first_name": "Adam",
            "real_name": "Adam Holmes",
            "display_name": "Adam Holmes",
            "team": "TCR2U6UEM",
            "name": "adamup555",
            "is_restricted": false,
            "is_ultra_restricted": false
        },
        "blocks": [
            {
                "type": "rich_text",
                "block_id": "OypVn",
                "elements": [
                    {
                        "type": "rich_text_section",
                        "elements": [
                            {
                                "type": "broadcast",
                                "range": "everyone"
                            },
                            {
                                "type": "text",
                                "text": " help so everything does not get deleted"
                            }
                        ]
                    }
                ]
            }
        ]
    },
    {
        "client_msg_id": "481b0ef3-243b-4bca-9935-d7f3cd8e49c5",
        "type": "message",
        "text": "Alright I sent them an email",
        "user": "U018URES8KV",
        "ts": "1608498703.002000",
        "team": "TCR2U6UEM",
        "user_team": "TCR2U6UEM",
        "source_team": "TCR2U6UEM",
        "user_profile": {
            "avatar_hash": "1b6b64ea950d",
            "image_72": "https:\/\/avatars.slack-edge.com\/2020-09-18\/1380553169540_1b6b64ea950dd455ff25_72.jpg",
            "first_name": "Adam",
            "real_name": "Adam Holmes",
            "display_name": "Adam Holmes",
            "team": "TCR2U6UEM",
            "name": "adamup555",
            "is_restricted": false,
            "is_ultra_restricted": false
        },
        "blocks": [
            {
                "type": "rich_text",
                "block_id": "PIFSA",
                "elements": [
                    {
                        "type": "rich_text_section",
                        "elements": [
                            {
                                "type": "text",
                                "text": "Alright I sent them an email"
                            }
                        ]
                    }
                ]
            }
        ]
    },
    {
        "client_msg_id": "15267c77-588b-469c-91ac-13ab2b55fa9b",
        "type": "message",
        "text": "hopefully they have not emptied their trash on google drive",
        "user": "U018URES8KV",
        "ts": "1608498717.002300",
        "team": "TCR2U6UEM",
        "user_team": "TCR2U6UEM",
        "source_team": "TCR2U6UEM",
        "user_profile": {
            "avatar_hash": "1b6b64ea950d",
            "image_72": "https:\/\/avatars.slack-edge.com\/2020-09-18\/1380553169540_1b6b64ea950dd455ff25_72.jpg",
            "first_name": "Adam",
            "real_name": "Adam Holmes",
            "display_name": "Adam Holmes",
            "team": "TCR2U6UEM",
            "name": "adamup555",
            "is_restricted": false,
            "is_ultra_restricted": false
        },
        "blocks": [
            {
                "type": "rich_text",
                "block_id": "Yqq1r",
                "elements": [
                    {
                        "type": "rich_text_section",
                        "elements": [
                            {
                                "type": "text",
                                "text": "hopefully they have not emptied their trash on google drive"
                            }
                        ]
                    }
                ]
            }
        ]
    },
    {
        "client_msg_id": "86f93e97-5e30-42cb-b848-862574a95c75",
        "type": "message",
        "text": "that is worst case scenario",
        "user": "U018URES8KV",
        "ts": "1608498728.002800",
        "team": "TCR2U6UEM",
        "user_team": "TCR2U6UEM",
        "source_team": "TCR2U6UEM",
        "user_profile": {
            "avatar_hash": "1b6b64ea950d",
            "image_72": "https:\/\/avatars.slack-edge.com\/2020-09-18\/1380553169540_1b6b64ea950dd455ff25_72.jpg",
            "first_name": "Adam",
            "real_name": "Adam Holmes",
            "display_name": "Adam Holmes",
            "team": "TCR2U6UEM",
            "name": "adamup555",
            "is_restricted": false,
            "is_ultra_restricted": false
        },
        "blocks": [
            {
                "type": "rich_text",
                "block_id": "eAFHt",
                "elements": [
                    {
                        "type": "rich_text_section",
                        "elements": [
                            {
                                "type": "text",
                                "text": "that is worst case scenario"
                            }
                        ]
                    }
                ]
            }
        ]
    },
    {
        "client_msg_id": "334b625e-290c-4c0e-970a-321191264094",
        "type": "message",
        "text": "It was at 11:13 am so it's been a bit",
        "user": "U018URES8KV",
        "ts": "1608498758.003200",
        "team": "TCR2U6UEM",
        "user_team": "TCR2U6UEM",
        "source_team": "TCR2U6UEM",
        "user_profile": {
            "avatar_hash": "1b6b64ea950d",
            "image_72": "https:\/\/avatars.slack-edge.com\/2020-09-18\/1380553169540_1b6b64ea950dd455ff25_72.jpg",
            "first_name": "Adam",
            "real_name": "Adam Holmes",
            "display_name": "Adam Holmes",
            "team": "TCR2U6UEM",
            "name": "adamup555",
            "is_restricted": false,
            "is_ultra_restricted": false
        },
        "blocks": [
            {
                "type": "rich_text",
                "block_id": "z=K",
                "elements": [
                    {
                        "type": "rich_text_section",
                        "elements": [
                            {
                                "type": "text",
                                "text": "It was at 11:13 am so it's been a bit"
                            }
                        ]
                    }
                ]
            }
        ]
    },
    {
        "client_msg_id": "9cabd10b-f07d-433f-9e29-e372ae37c1ba",
        "type": "message",
        "text": "oh noooo!",
        "user": "U01ADEF18N6",
        "ts": "1608498760.003300",
        "team": "TCR2U6UEM",
        "user_team": "TCR2U6UEM",
        "source_team": "TCR2U6UEM",
        "user_profile": {
            "avatar_hash": "e8086e8713de",
            "image_72": "https:\/\/avatars.slack-edge.com\/2020-09-18\/1371265029141_e8086e8713de3af22fe5_72.jpg",
            "first_name": "Ashley",
            "real_name": "Ashley Sheehan",
            "display_name": "Ashley Sheehan",
            "team": "TCR2U6UEM",
            "name": "asshe21",
            "is_restricted": false,
            "is_ultra_restricted": false
        },
        "blocks": [
            {
                "type": "rich_text",
                "block_id": "i\/L+3",
                "elements": [
                    {
                        "type": "rich_text_section",
                        "elements": [
                            {
                                "type": "text",
                                "text": "oh noooo!"
                            }
                        ]
                    }
                ]
            }
        ]
    },
    {
        "client_msg_id": "abba049f-7758-4642-a577-3081252a711e",
        "type": "message",
        "text": "This is not good",
        "user": "U016G7WR3KJ",
        "ts": "1608498788.004400",
        "team": "TCR2U6UEM",
        "user_team": "TCR2U6UEM",
        "source_team": "TCR2U6UEM",
        "user_profile": {
            "avatar_hash": "bbe6b64d1e6f",
            "image_72": "https:\/\/avatars.slack-edge.com\/2020-09-12\/1359637227778_bbe6b64d1e6f191982dd_72.jpg",
            "first_name": "Robbie",
            "real_name": "Robbie Thibodeau",
            "display_name": "Robbie Thibodeau",
            "team": "TCR2U6UEM",
            "name": "rgtthibodeau",
            "is_restricted": false,
            "is_ultra_restricted": false
        },
        "blocks": [
            {
                "type": "rich_text",
                "block_id": "OjP",
                "elements": [
                    {
                        "type": "rich_text_section",
                        "elements": [
                            {
                                "type": "text",
                                "text": "This is not good"
                            }
                        ]
                    }
                ]
            }
        ]
    },
    {
        "client_msg_id": "322249b3-52e0-4fc0-9ba6-da3e04b77294",
        "type": "message",
        "text": "I contacted them on instagram, hopefully they respond",
        "user": "U018GF7AFJB",
        "ts": "1608498789.004500",
        "team": "TCR2U6UEM",
        "user_team": "TCR2U6UEM",
        "source_team": "TCR2U6UEM",
        "user_profile": {
            "avatar_hash": "c31861bbc361",
            "image_72": "https:\/\/avatars.slack-edge.com\/2020-08-16\/1316598132593_c31861bbc3618c961c77_72.jpg",
            "first_name": "",
            "real_name": "Nolan Vibhakar",
            "display_name": "Nolan Vibhakar",
            "team": "TCR2U6UEM",
            "name": "novib21",
            "is_restricted": false,
            "is_ultra_restricted": false
        },
        "blocks": [
            {
                "type": "rich_text",
                "block_id": "GaK",
                "elements": [
                    {
                        "type": "rich_text_section",
                        "elements": [
                            {
                                "type": "text",
                                "text": "I contacted them on instagram, hopefully they respond"
                            }
                        ]
                    }
                ]
            }
        ]
    },
    {
        "client_msg_id": "C07E4C82-9B9A-4892-9129-448A66301749",
        "type": "message",
        "text": "That would be hilarious ",
        "user": "U018X7N6MMG",
        "ts": "1608498791.004700",
        "team": "TCR2U6UEM",
        "user_team": "TCR2U6UEM",
        "source_team": "TCR2U6UEM",
        "user_profile": {
            "avatar_hash": "ba89825d3b7b",
            "image_72": "https:\/\/avatars.slack-edge.com\/2020-09-11\/1355949232709_ba89825d3b7bcf995dc9_72.png",
            "first_name": "Keith",
            "real_name": "Keith Friestad",
            "display_name": "",
            "team": "TCR2U6UEM",
            "name": "keith.friestad",
            "is_restricted": false,
            "is_ultra_restricted": false
        },
        "blocks": [
            {
                "type": "rich_text",
                "block_id": "yozE",
                "elements": [
                    {
                        "type": "rich_text_section",
                        "elements": [
                            {
                                "type": "text",
                                "text": "That would be hilarious "
                            }
                        ]
                    }
                ]
            }
        ]
    },
    {
        "client_msg_id": "d66c509f-c792-462c-b5ba-67331781f8f0",
        "type": "message",
        "text": "Welp guess I'm not gonna edit the video from the meet rn lol",
        "user": "U018URES8KV",
        "ts": "1608498946.005700",
        "team": "TCR2U6UEM",
        "user_team": "TCR2U6UEM",
        "source_team": "TCR2U6UEM",
        "user_profile": {
            "avatar_hash": "1b6b64ea950d",
            "image_72": "https:\/\/avatars.slack-edge.com\/2020-09-18\/1380553169540_1b6b64ea950dd455ff25_72.jpg",
            "first_name": "Adam",
            "real_name": "Adam Holmes",
            "display_name": "Adam Holmes",
            "team": "TCR2U6UEM",
            "name": "adamup555",
            "is_restricted": false,
            "is_ultra_restricted": false
        },
        "blocks": [
            {
                "type": "rich_text",
                "block_id": "p51F",
                "elements": [
                    {
                        "type": "rich_text_section",
                        "elements": [
                            {
                                "type": "text",
                                "text": "Welp guess I'm not gonna edit the video from the meet rn lol"
                            }
                        ]
                    }
                ]
            }
        ]
    },
    {
        "client_msg_id": "6f835e04-fcdf-4745-b9dc-4e6eb32ede58",
        "type": "message",
        "text": "Rip",
        "user": "U018GF7AFJB",
        "ts": "1608498958.005900",
        "team": "TCR2U6UEM",
        "user_team": "TCR2U6UEM",
        "source_team": "TCR2U6UEM",
        "user_profile": {
            "avatar_hash": "c31861bbc361",
            "image_72": "https:\/\/avatars.slack-edge.com\/2020-08-16\/1316598132593_c31861bbc3618c961c77_72.jpg",
            "first_name": "",
            "real_name": "Nolan Vibhakar",
            "display_name": "Nolan Vibhakar",
            "team": "TCR2U6UEM",
            "name": "novib21",
            "is_restricted": false,
            "is_ultra_restricted": false
        },
        "blocks": [
            {
                "type": "rich_text",
                "block_id": "p8S",
                "elements": [
                    {
                        "type": "rich_text_section",
                        "elements": [
                            {
                                "type": "text",
                                "text": "Rip"
                            }
                        ]
                    }
                ]
            }
        ]
    },
    {
        "client_msg_id": "df3886b0-d6fa-4c9e-93fb-622cf17182d3",
        "type": "message",
        "text": "Hopefully they didnt empty the trash afterwards",
        "user": "U018GF7AFJB",
        "ts": "1608498981.006400",
        "team": "TCR2U6UEM",
        "user_team": "TCR2U6UEM",
        "source_team": "TCR2U6UEM",
        "user_profile": {
            "avatar_hash": "c31861bbc361",
            "image_72": "https:\/\/avatars.slack-edge.com\/2020-08-16\/1316598132593_c31861bbc3618c961c77_72.jpg",
            "first_name": "",
            "real_name": "Nolan Vibhakar",
            "display_name": "Nolan Vibhakar",
            "team": "TCR2U6UEM",
            "name": "novib21",
            "is_restricted": false,
            "is_ultra_restricted": false
        },
        "blocks": [
            {
                "type": "rich_text",
                "block_id": "Mlz2",
                "elements": [
                    {
                        "type": "rich_text_section",
                        "elements": [
                            {
                                "type": "text",
                                "text": "Hopefully they didnt empty the trash afterwards"
                            }
                        ]
                    }
                ]
            }
        ]
    },
    {
        "client_msg_id": "bcd4f7fa-d582-453c-9957-a2a925373f44",
        "type": "message",
        "text": "What happened?!",
        "user": "U010DDZ3FJR",
        "ts": "1608499154.006600",
        "team": "TCR2U6UEM",
        "user_team": "TCR2U6UEM",
        "source_team": "TCR2U6UEM",
        "user_profile": {
            "avatar_hash": "fda0a36a8605",
            "image_72": "https:\/\/avatars.slack-edge.com\/2020-09-18\/1386993799393_fda0a36a86053c692b20_72.jpg",
            "first_name": "Luke",
            "real_name": "Luke Aschenbrenner",
            "display_name": "Luke Aschenbrenner",
            "team": "TCR2U6UEM",
            "name": "ashbren21",
            "is_restricted": false,
            "is_ultra_restricted": false
        },
        "blocks": [
            {
                "type": "rich_text",
                "block_id": "dJG4",
                "elements": [
                    {
                        "type": "rich_text_section",
                        "elements": [
                            {
                                "type": "text",
                                "text": "What happened?!"
                            }
                        ]
                    }
                ]
            }
        ]
    },
    {
        "client_msg_id": "FF4C4BF2-0F2D-4D2E-913B-3B4E38A3AA81",
        "type": "message",
        "text": "Madi put the entire robotics folder in the trash",
        "user": "U018X7N6MMG",
        "ts": "1608499169.007100",
        "team": "TCR2U6UEM",
        "user_team": "TCR2U6UEM",
        "source_team": "TCR2U6UEM",
        "user_profile": {
            "avatar_hash": "ba89825d3b7b",
            "image_72": "https:\/\/avatars.slack-edge.com\/2020-09-11\/1355949232709_ba89825d3b7bcf995dc9_72.png",
            "first_name": "Keith",
            "real_name": "Keith Friestad",
            "display_name": "",
            "team": "TCR2U6UEM",
            "name": "keith.friestad",
            "is_restricted": false,
            "is_ultra_restricted": false
        },
        "blocks": [
            {
                "type": "rich_text",
                "block_id": "Dpb9",
                "elements": [
                    {
                        "type": "rich_text_section",
                        "elements": [
                            {
                                "type": "text",
                                "text": "Madi put the entire robotics folder in the trash"
                            }
                        ]
                    }
                ]
            }
        ]
    },
    {
        "client_msg_id": "457cc4e1-1153-4c1e-8e56-974b2e402f6f",
        "type": "message",
        "text": "at 11:13 am this morning",
        "user": "U018URES8KV",
        "ts": "1608499179.007400",
        "team": "TCR2U6UEM",
        "user_team": "TCR2U6UEM",
        "source_team": "TCR2U6UEM",
        "user_profile": {
            "avatar_hash": "1b6b64ea950d",
            "image_72": "https:\/\/avatars.slack-edge.com\/2020-09-18\/1380553169540_1b6b64ea950dd455ff25_72.jpg",
            "first_name": "Adam",
            "real_name": "Adam Holmes",
            "display_name": "Adam Holmes",
            "team": "TCR2U6UEM",
            "name": "adamup555",
            "is_restricted": false,
            "is_ultra_restricted": false
        },
        "blocks": [
            {
                "type": "rich_text",
                "block_id": "ccL",
                "elements": [
                    {
                        "type": "rich_text_section",
                        "elements": [
                            {
                                "type": "text",
                                "text": "at 11:13 am this morning"
                            }
                        ]
                    }
                ]
            }
        ]
    },
    {
        "client_msg_id": "D819ECC0-1189-49E1-9A85-039650AABB28",
        "type": "message",
        "text": "A massive bruh moment",
        "user": "U018X7N6MMG",
        "ts": "1608499182.007700",
        "team": "TCR2U6UEM",
        "user_team": "TCR2U6UEM",
        "source_team": "TCR2U6UEM",
        "user_profile": {
            "avatar_hash": "ba89825d3b7b",
            "image_72": "https:\/\/avatars.slack-edge.com\/2020-09-11\/1355949232709_ba89825d3b7bcf995dc9_72.png",
            "first_name": "Keith",
            "real_name": "Keith Friestad",
            "display_name": "",
            "team": "TCR2U6UEM",
            "name": "keith.friestad",
            "is_restricted": false,
            "is_ultra_restricted": false
        },
        "blocks": [
            {
                "type": "rich_text",
                "block_id": "lCZoy",
                "elements": [
                    {
                        "type": "rich_text_section",
                        "elements": [
                            {
                                "type": "text",
                                "text": "A massive bruh moment"
                            }
                        ]
                    }
                ]
            }
        ]
    },
    {
        "client_msg_id": "8660cc93-dd59-497f-8cfd-3d84765c3cf9",
        "type": "message",
        "text": "they were probably cleaning out their google drive, but didn't realize that they were shared folders",
        "user": "U018URES8KV",
        "ts": "1608499193.008000",
        "team": "TCR2U6UEM",
        "user_team": "TCR2U6UEM",
        "source_team": "TCR2U6UEM",
        "user_profile": {
            "avatar_hash": "1b6b64ea950d",
            "image_72": "https:\/\/avatars.slack-edge.com\/2020-09-18\/1380553169540_1b6b64ea950dd455ff25_72.jpg",
            "first_name": "Adam",
            "real_name": "Adam Holmes",
            "display_name": "Adam Holmes",
            "team": "TCR2U6UEM",
            "name": "adamup555",
            "is_restricted": false,
            "is_ultra_restricted": false
        },
        "blocks": [
            {
                "type": "rich_text",
                "block_id": "IhnY",
                "elements": [
                    {
                        "type": "rich_text_section",
                        "elements": [
                            {
                                "type": "text",
                                "text": "they were probably cleaning out their google drive, but didn't realize that they were shared folders"
                            }
                        ]
                    }
                ]
            }
        ]
    },
    {
        "client_msg_id": "bfaf7f0b-6738-477d-8433-03b6ed79751b",
        "type": "message",
        "text": "Yikes...",
        "user": "U010DDZ3FJR",
        "ts": "1608499221.008800",
        "team": "TCR2U6UEM",
        "user_team": "TCR2U6UEM",
        "source_team": "TCR2U6UEM",
        "user_profile": {
            "avatar_hash": "fda0a36a8605",
            "image_72": "https:\/\/avatars.slack-edge.com\/2020-09-18\/1386993799393_fda0a36a86053c692b20_72.jpg",
            "first_name": "Luke",
            "real_name": "Luke Aschenbrenner",
            "display_name": "Luke Aschenbrenner",
            "team": "TCR2U6UEM",
            "name": "ashbren21",
            "is_restricted": false,
            "is_ultra_restricted": false
        },
        "blocks": [
            {
                "type": "rich_text",
                "block_id": "oWcMk",
                "elements": [
                    {
                        "type": "rich_text_section",
                        "elements": [
                            {
                                "type": "text",
                                "text": "Yikes..."
                            }
                        ]
                    }
                ]
            }
        ]
    },
    {
        "client_msg_id": "1ff1be79-937d-47b4-ad73-381c18411dc7",
        "type": "message",
        "text": "actually that's a good question, is the robotics folder stored on the original google account that created it?",
        "user": "U018URES8KV",
        "ts": "1608499225.009000",
        "team": "TCR2U6UEM",
        "user_team": "TCR2U6UEM",
        "source_team": "TCR2U6UEM",
        "user_profile": {
            "avatar_hash": "1b6b64ea950d",
            "image_72": "https:\/\/avatars.slack-edge.com\/2020-09-18\/1380553169540_1b6b64ea950dd455ff25_72.jpg",
            "first_name": "Adam",
            "real_name": "Adam Holmes",
            "display_name": "Adam Holmes",
            "team": "TCR2U6UEM",
            "name": "adamup555",
            "is_restricted": false,
            "is_ultra_restricted": false
        },
        "blocks": [
            {
                "type": "rich_text",
                "block_id": "XK0ij",
                "elements": [
                    {
                        "type": "rich_text_section",
                        "elements": [
                            {
                                "type": "text",
                                "text": "actually that's a good question, is the robotics folder stored on the original google account that created it?"
                            }
                        ]
                    }
                ]
            }
        ]
    },
    {
        "client_msg_id": "03928f71-d6a8-48d9-8152-9a20c7f58281",
        "type": "message",
        "text": "so the raw bacon google account?",
        "user": "U018URES8KV",
        "ts": "1608499229.009200",
        "team": "TCR2U6UEM",
        "user_team": "TCR2U6UEM",
        "source_team": "TCR2U6UEM",
        "user_profile": {
            "avatar_hash": "1b6b64ea950d",
            "image_72": "https:\/\/avatars.slack-edge.com\/2020-09-18\/1380553169540_1b6b64ea950dd455ff25_72.jpg",
            "first_name": "Adam",
            "real_name": "Adam Holmes",
            "display_name": "Adam Holmes",
            "team": "TCR2U6UEM",
            "name": "adamup555",
            "is_restricted": false,
            "is_ultra_restricted": false
        },
        "blocks": [
            {
                "type": "rich_text",
                "block_id": "dU1",
                "elements": [
                    {
                        "type": "rich_text_section",
                        "elements": [
                            {
                                "type": "text",
                                "text": "so the raw bacon google account?"
                            }
                        ]
                    }
                ]
            }
        ]
    },
    {
        "client_msg_id": "cae68a88-a050-485f-be59-a235a7d0b784",
        "type": "message",
        "text": "No, because Madi created the folder originally",
        "user": "U010DDZ3FJR",
        "ts": "1608499242.009700",
        "team": "TCR2U6UEM",
        "user_team": "TCR2U6UEM",
        "source_team": "TCR2U6UEM",
        "user_profile": {
            "avatar_hash": "fda0a36a8605",
            "image_72": "https:\/\/avatars.slack-edge.com\/2020-09-18\/1386993799393_fda0a36a86053c692b20_72.jpg",
            "first_name": "Luke",
            "real_name": "Luke Aschenbrenner",
            "display_name": "Luke Aschenbrenner",
            "team": "TCR2U6UEM",
            "name": "ashbren21",
            "is_restricted": false,
            "is_ultra_restricted": false
        },
        "blocks": [
            {
                "type": "rich_text",
                "block_id": "JWKfC",
                "elements": [
                    {
                        "type": "rich_text_section",
                        "elements": [
                            {
                                "type": "text",
                                "text": "No, because Madi created the folder originally"
                            }
                        ]
                    }
                ]
            }
        ]
    },
    {
        "client_msg_id": "82c0b1f0-010d-44f0-9ea4-547ba5ee32a6",
        "type": "message",
        "text": "oh..........",
        "user": "U018URES8KV",
        "ts": "1608499248.010000",
        "team": "TCR2U6UEM",
        "user_team": "TCR2U6UEM",
        "source_team": "TCR2U6UEM",
        "user_profile": {
            "avatar_hash": "1b6b64ea950d",
            "image_72": "https:\/\/avatars.slack-edge.com\/2020-09-18\/1380553169540_1b6b64ea950dd455ff25_72.jpg",
            "first_name": "Adam",
            "real_name": "Adam Holmes",
            "display_name": "Adam Holmes",
            "team": "TCR2U6UEM",
            "name": "adamup555",
            "is_restricted": false,
            "is_ultra_restricted": false
        },
        "blocks": [
            {
                "type": "rich_text",
                "block_id": "vzQ\/",
                "elements": [
                    {
                        "type": "rich_text_section",
                        "elements": [
                            {
                                "type": "text",
                                "text": "oh.........."
                            }
                        ]
                    }
                ]
            }
        ]
    },
    {
        "client_msg_id": "ad7d77ff-306d-4551-b897-1c8d0a8785a0",
        "type": "message",
        "text": "crap well then they need to bring it back and change ownership to the robotics google account",
        "user": "U018URES8KV",
        "ts": "1608499262.010700",
        "team": "TCR2U6UEM",
        "user_team": "TCR2U6UEM",
        "source_team": "TCR2U6UEM",
        "user_profile": {
            "avatar_hash": "1b6b64ea950d",
            "image_72": "https:\/\/avatars.slack-edge.com\/2020-09-18\/1380553169540_1b6b64ea950dd455ff25_72.jpg",
            "first_name": "Adam",
            "real_name": "Adam Holmes",
            "display_name": "Adam Holmes",
            "team": "TCR2U6UEM",
            "name": "adamup555",
            "is_restricted": false,
            "is_ultra_restricted": false
        },
        "blocks": [
            {
                "type": "rich_text",
                "block_id": "lTcj",
                "elements": [
                    {
                        "type": "rich_text_section",
                        "elements": [
                            {
                                "type": "text",
                                "text": "crap well then they need to bring it back and change ownership to the robotics google account"
                            }
                        ]
                    }
                ]
            }
        ]
    },
    {
        "client_msg_id": "fc983816-46dd-4a0c-b53f-3d1b1ec8d233",
        "type": "message",
        "text": "Yeah, I hope so",
        "user": "U010DDZ3FJR",
        "ts": "1608499274.011200",
        "team": "TCR2U6UEM",
        "user_team": "TCR2U6UEM",
        "source_team": "TCR2U6UEM",
        "user_profile": {
            "avatar_hash": "fda0a36a8605",
            "image_72": "https:\/\/avatars.slack-edge.com\/2020-09-18\/1386993799393_fda0a36a86053c692b20_72.jpg",
            "first_name": "Luke",
            "real_name": "Luke Aschenbrenner",
            "display_name": "Luke Aschenbrenner",
            "team": "TCR2U6UEM",
            "name": "ashbren21",
            "is_restricted": false,
            "is_ultra_restricted": false
        },
        "blocks": [
            {
                "type": "rich_text",
                "block_id": "qi24E",
                "elements": [
                    {
                        "type": "rich_text_section",
                        "elements": [
                            {
                                "type": "text",
                                "text": "Yeah, I hope so"
                            }
                        ]
                    }
                ]
            }
        ]
    },
    {
        "client_msg_id": "2133600f-4285-47a8-98f2-9fadfc2e514f",
        "type": "message",
        "text": "<https:\/\/drive.google.com\/file\/d\/15280WZqNr1jPsvYzW_SyUTzyI99tZ7D0\/view?usp=sharing|https:\/\/drive.google.com\/file\/d\/15280WZqNr1jPsvYzW_SyUTzyI99tZ7D0\/view?usp=sharing>",
        "user": "U010FNPUQP8",
        "ts": "1608499287.011700",
        "team": "TCR2U6UEM",
        "user_team": "TCR2U6UEM",
        "source_team": "TCR2U6UEM",
        "user_profile": {
            "avatar_hash": "09e03a757dfc",
            "image_72": "https:\/\/avatars.slack-edge.com\/2020-10-16\/1427166742294_09e03a757dfcc5429a42_72.jpg",
            "first_name": "Fergie",
            "real_name": "Fergie",
            "display_name": "Fergie",
            "team": "TCR2U6UEM",
            "name": "fergusonward314",
            "is_restricted": false,
            "is_ultra_restricted": false
        },
        "blocks": [
            {
                "type": "rich_text",
                "block_id": "Vfq8b",
                "elements": [
                    {
                        "type": "rich_text_section",
                        "elements": [
                            {
                                "type": "link",
                                "url": "https:\/\/drive.google.com\/file\/d\/15280WZqNr1jPsvYzW_SyUTzyI99tZ7D0\/view?usp=sharing",
                                "text": "https:\/\/drive.google.com\/file\/d\/15280WZqNr1jPsvYzW_SyUTzyI99tZ7D0\/view?usp=sharing"
                            }
                        ]
                    }
                ]
            }
        ]
    },
    {
        "client_msg_id": "f3638c78-441f-4ea7-85ec-be17adc9410e",
        "type": "message",
        "text": "The only thing not in the raw bacon folder is the meet video",
        "user": "U010DDZ3FJR",
        "ts": "1608499295.012000",
        "team": "TCR2U6UEM",
        "user_team": "TCR2U6UEM",
        "source_team": "TCR2U6UEM",
        "user_profile": {
            "avatar_hash": "fda0a36a8605",
            "image_72": "https:\/\/avatars.slack-edge.com\/2020-09-18\/1386993799393_fda0a36a86053c692b20_72.jpg",
            "first_name": "Luke",
            "real_name": "Luke Aschenbrenner",
            "display_name": "Luke Aschenbrenner",
            "team": "TCR2U6UEM",
            "name": "ashbren21",
            "is_restricted": false,
            "is_ultra_restricted": false
        },
        "blocks": [
            {
                "type": "rich_text",
                "block_id": "Ikh",
                "elements": [
                    {
                        "type": "rich_text_section",
                        "elements": [
                            {
                                "type": "text",
                                "text": "The only thing not in the raw bacon folder is the meet video"
                            }
                        ]
                    }
                ]
            }
        ]
    },
    {
        "client_msg_id": "ca87f87c-14a3-42ec-8bfa-6241b9bcc5b6",
        "type": "message",
        "text": "Oh thanks for the backup Fergie lol",
        "user": "U018URES8KV",
        "ts": "1608499306.012700",
        "team": "TCR2U6UEM",
        "user_team": "TCR2U6UEM",
        "source_team": "TCR2U6UEM",
        "user_profile": {
            "avatar_hash": "1b6b64ea950d",
            "image_72": "https:\/\/avatars.slack-edge.com\/2020-09-18\/1380553169540_1b6b64ea950dd455ff25_72.jpg",
            "first_name": "Adam",
            "real_name": "Adam Holmes",
            "display_name": "Adam Holmes",
            "team": "TCR2U6UEM",
            "name": "adamup555",
            "is_restricted": false,
            "is_ultra_restricted": false
        },
        "blocks": [
            {
                "type": "rich_text",
                "block_id": "vVm",
                "elements": [
                    {
                        "type": "rich_text_section",
                        "elements": [
                            {
                                "type": "text",
                                "text": "Oh thanks for the backup Fergie lol"
                            }
                        ]
                    }
                ]
            }
        ]
    },
    {
        "client_msg_id": "e6d4ea89-ab50-499c-9f5d-0f0a9cc40555",
        "type": "message",
        "text": "Yep fergie pointed that out too",
        "user": "U010DDZ3FJR",
        "ts": "1608499308.013000",
        "team": "TCR2U6UEM",
        "user_team": "TCR2U6UEM",
        "source_team": "TCR2U6UEM",
        "user_profile": {
            "avatar_hash": "fda0a36a8605",
            "image_72": "https:\/\/avatars.slack-edge.com\/2020-09-18\/1386993799393_fda0a36a86053c692b20_72.jpg",
            "first_name": "Luke",
            "real_name": "Luke Aschenbrenner",
            "display_name": "Luke Aschenbrenner",
            "team": "TCR2U6UEM",
            "name": "ashbren21",
            "is_restricted": false,
            "is_ultra_restricted": false
        },
        "blocks": [
            {
                "type": "rich_text",
                "block_id": "wxJX",
                "elements": [
                    {
                        "type": "rich_text_section",
                        "elements": [
                            {
                                "type": "text",
                                "text": "Yep fergie pointed that out too"
                            }
                        ]
                    }
                ]
            }
        ]
    },
    {
        "client_msg_id": "379b882d-75d2-4c40-9b9c-1ae408279f79",
        "type": "message",
        "text": "At least we have that still",
        "user": "U010FNPUQP8",
        "ts": "1608499311.013300",
        "team": "TCR2U6UEM",
        "user_team": "TCR2U6UEM",
        "source_team": "TCR2U6UEM",
        "user_profile": {
            "avatar_hash": "09e03a757dfc",
            "image_72": "https:\/\/avatars.slack-edge.com\/2020-10-16\/1427166742294_09e03a757dfcc5429a42_72.jpg",
            "first_name": "Fergie",
            "real_name": "Fergie",
            "display_name": "Fergie",
            "team": "TCR2U6UEM",
            "name": "fergusonward314",
            "is_restricted": false,
            "is_ultra_restricted": false
        },
        "blocks": [
            {
                "type": "rich_text",
                "block_id": "YrOX",
                "elements": [
                    {
                        "type": "rich_text_section",
                        "elements": [
                            {
                                "type": "text",
                                "text": "At least we have that still"
                            }
                        ]
                    }
                ]
            }
        ]
    },
    {
        "client_msg_id": "d053daac-3c1d-4a53-a4f8-fb7aed574aef",
        "type": "message",
        "text": "No that's not a backup lol it's just that I uploaded it not to the folder",
        "user": "U010DDZ3FJR",
        "ts": "1608499321.013800",
        "team": "TCR2U6UEM",
        "user_team": "TCR2U6UEM",
        "source_team": "TCR2U6UEM",
        "user_profile": {
            "avatar_hash": "fda0a36a8605",
            "image_72": "https:\/\/avatars.slack-edge.com\/2020-09-18\/1386993799393_fda0a36a86053c692b20_72.jpg",
            "first_name": "Luke",
            "real_name": "Luke Aschenbrenner",
            "display_name": "Luke Aschenbrenner",
            "team": "TCR2U6UEM",
            "name": "ashbren21",
            "is_restricted": false,
            "is_ultra_restricted": false
        },
        "blocks": [
            {
                "type": "rich_text",
                "block_id": "ivm6u",
                "elements": [
                    {
                        "type": "rich_text_section",
                        "elements": [
                            {
                                "type": "text",
                                "text": "No that's not a backup lol it's just that I uploaded it not to the folder"
                            }
                        ]
                    }
                ]
            }
        ]
    },
    {
        "client_msg_id": "09d3f7d1-7c8b-4983-861e-a5866c64f947",
        "type": "message",
        "text": "yes that's true",
        "user": "U018URES8KV",
        "ts": "1608499321.013900",
        "team": "TCR2U6UEM",
        "user_team": "TCR2U6UEM",
        "source_team": "TCR2U6UEM",
        "user_profile": {
            "avatar_hash": "1b6b64ea950d",
            "image_72": "https:\/\/avatars.slack-edge.com\/2020-09-18\/1380553169540_1b6b64ea950dd455ff25_72.jpg",
            "first_name": "Adam",
            "real_name": "Adam Holmes",
            "display_name": "Adam Holmes",
            "team": "TCR2U6UEM",
            "name": "adamup555",
            "is_restricted": false,
            "is_ultra_restricted": false
        },
        "blocks": [
            {
                "type": "rich_text",
                "block_id": "w6wx7",
                "elements": [
                    {
                        "type": "rich_text_section",
                        "elements": [
                            {
                                "type": "text",
                                "text": "yes that's true"
                            }
                        ]
                    }
                ]
            }
        ]
    },
    {
        "client_msg_id": "724a3954-334e-4cce-8a13-795c496aa802",
        "type": "message",
        "text": "poasidjpoivjpoiasdjfpsoadfij this is so stressful",
        "user": "U018URES8KV",
        "ts": "1608499331.014400",
        "team": "TCR2U6UEM",
        "user_team": "TCR2U6UEM",
        "source_team": "TCR2U6UEM",
        "user_profile": {
            "avatar_hash": "1b6b64ea950d",
            "image_72": "https:\/\/avatars.slack-edge.com\/2020-09-18\/1380553169540_1b6b64ea950dd455ff25_72.jpg",
            "first_name": "Adam",
            "real_name": "Adam Holmes",
            "display_name": "Adam Holmes",
            "team": "TCR2U6UEM",
            "name": "adamup555",
            "is_restricted": false,
            "is_ultra_restricted": false
        },
        "blocks": [
            {
                "type": "rich_text",
                "block_id": "3Um",
                "elements": [
                    {
                        "type": "rich_text_section",
                        "elements": [
                            {
                                "type": "text",
                                "text": "poasidjpoivjpoiasdjfpsoadfij this is so stressful"
                            }
                        ]
                    }
                ]
            }
        ]
    },
    {
        "client_msg_id": "d8a0c1c7-bf01-4e23-be56-85fc839d3bd6",
        "type": "message",
        "text": "It's just sitting in the raw bacon google drive account",
        "user": "U010DDZ3FJR",
        "ts": "1608499331.014500",
        "team": "TCR2U6UEM",
        "user_team": "TCR2U6UEM",
        "source_team": "TCR2U6UEM",
        "user_profile": {
            "avatar_hash": "fda0a36a8605",
            "image_72": "https:\/\/avatars.slack-edge.com\/2020-09-18\/1386993799393_fda0a36a86053c692b20_72.jpg",
            "first_name": "Luke",
            "real_name": "Luke Aschenbrenner",
            "display_name": "Luke Aschenbrenner",
            "team": "TCR2U6UEM",
            "name": "ashbren21",
            "is_restricted": false,
            "is_ultra_restricted": false
        },
        "blocks": [
            {
                "type": "rich_text",
                "block_id": "y+520",
                "elements": [
                    {
                        "type": "rich_text_section",
                        "elements": [
                            {
                                "type": "text",
                                "text": "It's just sitting in the raw bacon google drive account"
                            }
                        ]
                    }
                ]
            }
        ]
    },
    {
        "type": "message",
        "text": "I never thought a moment like this would come",
        "files": [
            {
                "id": "F01HBAU5H5G",
                "created": 1608499362,
                "timestamp": 1608499362,
                "name": "image.png",
                "title": "image.png",
                "mimetype": "image\/png",
                "filetype": "png",
                "pretty_type": "PNG",
                "user": "U018URES8KV",
                "editable": false,
                "size": 466119,
                "mode": "hosted",
                "is_external": false,
                "external_type": "",
                "is_public": true,
                "public_url_shared": false,
                "display_as_bot": false,
                "username": "",
                "url_private": "https:\/\/files.slack.com\/files-pri\/TCR2U6UEM-F01HBAU5H5G\/image.png?t=xoxe-433096232497-1684125439971-1696548615153-cd1d3d402b441a7d6039d167da7d37bd",
                "url_private_download": "https:\/\/files.slack.com\/files-pri\/TCR2U6UEM-F01HBAU5H5G\/download\/image.png?t=xoxe-433096232497-1684125439971-1696548615153-cd1d3d402b441a7d6039d167da7d37bd",
                "thumb_64": "https:\/\/files.slack.com\/files-tmb\/TCR2U6UEM-F01HBAU5H5G-1237908fc4\/image_64.png?t=xoxe-433096232497-1684125439971-1696548615153-cd1d3d402b441a7d6039d167da7d37bd",
                "thumb_80": "https:\/\/files.slack.com\/files-tmb\/TCR2U6UEM-F01HBAU5H5G-1237908fc4\/image_80.png?t=xoxe-433096232497-1684125439971-1696548615153-cd1d3d402b441a7d6039d167da7d37bd",
                "thumb_360": "https:\/\/files.slack.com\/files-tmb\/TCR2U6UEM-F01HBAU5H5G-1237908fc4\/image_360.png?t=xoxe-433096232497-1684125439971-1696548615153-cd1d3d402b441a7d6039d167da7d37bd",
                "thumb_360_w": 360,
                "thumb_360_h": 270,
                "thumb_480": "https:\/\/files.slack.com\/files-tmb\/TCR2U6UEM-F01HBAU5H5G-1237908fc4\/image_480.png?t=xoxe-433096232497-1684125439971-1696548615153-cd1d3d402b441a7d6039d167da7d37bd",
                "thumb_480_w": 480,
                "thumb_480_h": 360,
                "thumb_160": "https:\/\/files.slack.com\/files-tmb\/TCR2U6UEM-F01HBAU5H5G-1237908fc4\/image_160.png?t=xoxe-433096232497-1684125439971-1696548615153-cd1d3d402b441a7d6039d167da7d37bd",
                "original_w": 640,
                "original_h": 480,
                "thumb_tiny": "AwAkADCh5XzFSw4pfIOPvCpsAzkH1pwHX60AV\/IOQM5JpwtW8xUZgCfap0B8xQDjJqxuUEKQRg\/xdaAKz6cUxumQZOOhpklk0Z5dSM4zUk1wXY8qdpyCRg1FKWeTO7OeuBigB5YB8bQTnrT1y2cRgjPWoWI3ZyKkinIQgLnnPWmvMTv0F3YI+UZzSTyBXwwDE9aAgkJZ+AOcZ602byTyoCn2NIZH5q8fu14\/wqQSKVztA46VXIX1qS32s21m2gjrQBBRRRQAUUUUAFFFFAH\/2Q==",
                "permalink": "https:\/\/rawbaconrobotics.slack.com\/files\/U018URES8KV\/F01HBAU5H5G\/image.png",
                "permalink_public": "https:\/\/slack-files.com\/TCR2U6UEM-F01HBAU5H5G-56be478593",
                "is_starred": false,
                "has_rich_preview": false
            }
        ],
        "upload": false,
        "blocks": [
            {
                "type": "rich_text",
                "block_id": "OpHM",
                "elements": [
                    {
                        "type": "rich_text_section",
                        "elements": [
                            {
                                "type": "text",
                                "text": "I never thought a moment like this would come"
                            }
                        ]
                    }
                ]
            }
        ],
        "user": "U018URES8KV",
        "display_as_bot": false,
        "ts": "1608499364.014700",
        "reactions": [
            {
                "name": "mega",
                "users": [
                    "U018URES8KV",
                    "U010FNPUQP8",
                    "U010DDZ3FJR",
                    "U0193D42LHJ",
                    "U018QFKN44W"
                ],
                "count": 5
            },
            {
                "name": "ice_hockey_stick_and_puck",
                "users": [
                    "U018X7N6MMG",
                    "U018URES8KV",
                    "U010DDZ3FJR",
                    "U010FNPUQP8",
                    "U0193D42LHJ",
                    "U018QFKN44W"
                ],
                "count": 6
            },
            {
                "name": "notstonks",
                "users": [
                    "U018URES8KV",
                    "U010DDZ3FJR",
                    "U010FNPUQP8",
                    "U018X7N6MMG",
                    "U0193D42LHJ",
                    "U018QFKN44W",
                    "U018X7N3K42"
                ],
                "count": 7
            },
            {
                "name": "egg",
                "users": [
                    "U010FNPUQP8",
                    "U018URES8KV",
                    "U018X7N6MMG",
                    "U0193D42LHJ",
                    "U018QFKN44W"
                ],
                "count": 5
            },
            {
                "name": "kamen_pog",
                "users": [
                    "U018URES8KV",
                    "U010FNPUQP8",
                    "U018X7N6MMG",
                    "U0193D42LHJ",
                    "U018QFKN44W"
                ],
                "count": 5
            },
            {
                "name": "squirrel",
                "users": [
                    "U010FNPUQP8",
                    "U018URES8KV",
                    "U0193D42LHJ",
                    "U018QFKN44W"
                ],
                "count": 4
            },
            {
                "name": "donut-ring",
                "users": [
                    "U018URES8KV",
                    "U0193D42LHJ",
                    "U018QFKN44W"
                ],
                "count": 3
            },
            {
                "name": "stonks",
                "users": [
                    "U018QFKN44W",
                    "U018URES8KV"
                ],
                "count": 2
            }
        ]
    },
    {
        "client_msg_id": "96771BEB-3E05-4F10-83E1-EDF25065E9AB",
        "type": "message",
        "text": "Very fitting that our 2020 folder gets nuked",
        "user": "U018X7N6MMG",
        "ts": "1608499428.017400",
        "team": "TCR2U6UEM",
        "user_team": "TCR2U6UEM",
        "source_team": "TCR2U6UEM",
        "user_profile": {
            "avatar_hash": "ba89825d3b7b",
            "image_72": "https:\/\/avatars.slack-edge.com\/2020-09-11\/1355949232709_ba89825d3b7bcf995dc9_72.png",
            "first_name": "Keith",
            "real_name": "Keith Friestad",
            "display_name": "",
            "team": "TCR2U6UEM",
            "name": "keith.friestad",
            "is_restricted": false,
            "is_ultra_restricted": false
        },
        "blocks": [
            {
                "type": "rich_text",
                "block_id": "ENb",
                "elements": [
                    {
                        "type": "rich_text_section",
                        "elements": [
                            {
                                "type": "text",
                                "text": "Very fitting that our 2020 folder gets nuked"
                            }
                        ]
                    }
                ]
            }
        ],
        "reactions": [
            {
                "name": "stonks",
                "users": [
                    "U010FNPUQP8",
                    "U018URES8KV",
                    "U018QFKN44W",
                    "U010DDZ3FJR"
                ],
                "count": 4
            }
        ]
    },
    {
        "client_msg_id": "474862c2-b0ec-414c-80f9-d6b2d9c19f22",
        "type": "message",
        "text": "Hey we can put this in the notebook",
        "user": "U018URES8KV",
        "ts": "1608499442.017600",
        "team": "TCR2U6UEM",
        "user_team": "TCR2U6UEM",
        "source_team": "TCR2U6UEM",
        "user_profile": {
            "avatar_hash": "1b6b64ea950d",
            "image_72": "https:\/\/avatars.slack-edge.com\/2020-09-18\/1380553169540_1b6b64ea950dd455ff25_72.jpg",
            "first_name": "Adam",
            "real_name": "Adam Holmes",
            "display_name": "Adam Holmes",
            "team": "TCR2U6UEM",
            "name": "adamup555",
            "is_restricted": false,
            "is_ultra_restricted": false
        },
        "blocks": [
            {
                "type": "rich_text",
                "block_id": "z7T",
                "elements": [
                    {
                        "type": "rich_text_section",
                        "elements": [
                            {
                                "type": "text",
                                "text": "Hey we can put this in the notebook"
                            }
                        ]
                    }
                ]
            }
        ],
        "reactions": [
            {
                "name": "stonks",
                "users": [
                    "U018URES8KV",
                    "U018X7N6MMG",
                    "U010FNPUQP8",
                    "U0193D42LHJ",
                    "U018QFKN44W",
                    "U010DDZ3FJR"
                ],
                "count": 6
            }
        ]
    },
    {
        "client_msg_id": "f0d53417-6732-4ba2-a255-c49cfb1f38cf",
        "type": "message",
        "text": "Lol. And nothing else",
        "user": "U010FNPUQP8",
        "ts": "1608499565.018800",
        "team": "TCR2U6UEM",
        "user_team": "TCR2U6UEM",
        "source_team": "TCR2U6UEM",
        "user_profile": {
            "avatar_hash": "09e03a757dfc",
            "image_72": "https:\/\/avatars.slack-edge.com\/2020-10-16\/1427166742294_09e03a757dfcc5429a42_72.jpg",
            "first_name": "Fergie",
            "real_name": "Fergie",
            "display_name": "Fergie",
            "team": "TCR2U6UEM",
            "name": "fergusonward314",
            "is_restricted": false,
            "is_ultra_restricted": false
        },
        "blocks": [
            {
                "type": "rich_text",
                "block_id": "Az+",
                "elements": [
                    {
                        "type": "rich_text_section",
                        "elements": [
                            {
                                "type": "text",
                                "text": "Lol. And nothing else"
                            }
                        ]
                    }
                ]
            }
        ]
    },
    {
        "client_msg_id": "9de6a1b9-d425-4ecd-af1c-cafb925eee03",
        "type": "message",
        "text": "So any update on that?",
        "user": "U0193D42LHJ",
        "ts": "1608500609.020300",
        "team": "TCR2U6UEM",
        "user_team": "TCR2U6UEM",
        "source_team": "TCR2U6UEM",
        "user_profile": {
            "avatar_hash": "ac92a4993882",
            "image_72": "https:\/\/avatars.slack-edge.com\/2020-09-18\/1380577414884_ac92a4993882a5db4876_72.png",
            "first_name": "Elliot",
            "real_name": "Elliot Schmidt",
            "display_name": "Elliot",
            "team": "TCR2U6UEM",
            "name": "elliotschmidt2002",
            "is_restricted": false,
            "is_ultra_restricted": false
        },
        "blocks": [
            {
                "type": "rich_text",
                "block_id": "d7r",
                "elements": [
                    {
                        "type": "rich_text_section",
                        "elements": [
                            {
                                "type": "text",
                                "text": "So any update on that?"
                            }
                        ]
                    }
                ]
            }
        ]
    },
    {
        "client_msg_id": "ca2fc03b-7c97-4a11-90aa-34ff8aef93ba",
        "type": "message",
        "text": "no response",
        "user": "U018URES8KV",
        "ts": "1608500618.020500",
        "team": "TCR2U6UEM",
        "user_team": "TCR2U6UEM",
        "source_team": "TCR2U6UEM",
        "user_profile": {
            "avatar_hash": "1b6b64ea950d",
            "image_72": "https:\/\/avatars.slack-edge.com\/2020-09-18\/1380553169540_1b6b64ea950dd455ff25_72.jpg",
            "first_name": "Adam",
            "real_name": "Adam Holmes",
            "display_name": "Adam Holmes",
            "team": "TCR2U6UEM",
            "name": "adamup555",
            "is_restricted": false,
            "is_ultra_restricted": false
        },
        "blocks": [
            {
                "type": "rich_text",
                "block_id": "WEY",
                "elements": [
                    {
                        "type": "rich_text_section",
                        "elements": [
                            {
                                "type": "text",
                                "text": "no response"
                            }
                        ]
                    }
                ]
            }
        ]
    },
    {
        "client_msg_id": "4131c77d-2d94-4cf3-8541-bee95bfa9e65",
        "type": "message",
        "text": "yet",
        "user": "U018URES8KV",
        "ts": "1608500622.020700",
        "team": "TCR2U6UEM",
        "user_team": "TCR2U6UEM",
        "source_team": "TCR2U6UEM",
        "user_profile": {
            "avatar_hash": "1b6b64ea950d",
            "image_72": "https:\/\/avatars.slack-edge.com\/2020-09-18\/1380553169540_1b6b64ea950dd455ff25_72.jpg",
            "first_name": "Adam",
            "real_name": "Adam Holmes",
            "display_name": "Adam Holmes",
            "team": "TCR2U6UEM",
            "name": "adamup555",
            "is_restricted": false,
            "is_ultra_restricted": false
        },
        "blocks": [
            {
                "type": "rich_text",
                "block_id": "nete9",
                "elements": [
                    {
                        "type": "rich_text_section",
                        "elements": [
                            {
                                "type": "text",
                                "text": "yet"
                            }
                        ]
                    }
                ]
            }
        ]
    },
    {
        "client_msg_id": "3565626c-cae6-48ad-abb4-c5467753d7e8",
        "type": "message",
        "text": "Fun",
        "user": "U0193D42LHJ",
        "ts": "1608500651.020900",
        "team": "TCR2U6UEM",
        "user_team": "TCR2U6UEM",
        "source_team": "TCR2U6UEM",
        "user_profile": {
            "avatar_hash": "ac92a4993882",
            "image_72": "https:\/\/avatars.slack-edge.com\/2020-09-18\/1380577414884_ac92a4993882a5db4876_72.png",
            "first_name": "Elliot",
            "real_name": "Elliot Schmidt",
            "display_name": "Elliot",
            "team": "TCR2U6UEM",
            "name": "elliotschmidt2002",
            "is_restricted": false,
            "is_ultra_restricted": false
        },
        "blocks": [
            {
                "type": "rich_text",
                "block_id": "9oaK",
                "elements": [
                    {
                        "type": "rich_text_section",
                        "elements": [
                            {
                                "type": "text",
                                "text": "Fun"
                            }
                        ]
                    }
                ]
            }
        ]
    },
    {
        "client_msg_id": "2CD235FE-8EED-4DAF-B0F0-5CD096483947",
        "type": "message",
        "text": "Drive is back :crab::crab::crab:",
        "user": "U018X7N6MMG",
        "ts": "1608506059.022700",
        "team": "TCR2U6UEM",
        "user_team": "TCR2U6UEM",
        "source_team": "TCR2U6UEM",
        "user_profile": {
            "avatar_hash": "ba89825d3b7b",
            "image_72": "https:\/\/avatars.slack-edge.com\/2020-09-11\/1355949232709_ba89825d3b7bcf995dc9_72.png",
            "first_name": "Keith",
            "real_name": "Keith Friestad",
            "display_name": "",
            "team": "TCR2U6UEM",
            "name": "keith.friestad",
            "is_restricted": false,
            "is_ultra_restricted": false
        },
        "blocks": [
            {
                "type": "rich_text",
                "block_id": "1xAYJ",
                "elements": [
                    {
                        "type": "rich_text_section",
                        "elements": [
                            {
                                "type": "text",
                                "text": "Drive is back "
                            },
                            {
                                "type": "emoji",
                                "name": "crab"
                            },
                            {
                                "type": "emoji",
                                "name": "crab"
                            },
                            {
                                "type": "emoji",
                                "name": "crab"
                            }
                        ]
                    }
                ]
            }
        ],
        "reactions": [
            {
                "name": "stonks",
                "users": [
                    "U010FNPUQP8",
                    "U018URES8KV",
                    "U010DDZ3FJR"
                ],
                "count": 3
            },
            {
                "name": "ice_hockey_stick_and_puck",
                "users": [
                    "U010FNPUQP8",
                    "U018URES8KV",
                    "U010DDZ3FJR"
                ],
                "count": 3
            },
            {
                "name": "kamen_pog",
                "users": [
                    "U010FNPUQP8",
                    "U018URES8KV",
                    "U010DDZ3FJR"
                ],
                "count": 3
            }
        ]
    },
    {
        "client_msg_id": "73bfddca-e7d5-4e91-b59f-1c2767a47a84",
        "type": "message",
        "text": "lesgooo",
        "user": "U018URES8KV",
        "ts": "1608506103.023500",
        "team": "TCR2U6UEM",
        "user_team": "TCR2U6UEM",
        "source_team": "TCR2U6UEM",
        "user_profile": {
            "avatar_hash": "1b6b64ea950d",
            "image_72": "https:\/\/avatars.slack-edge.com\/2020-09-18\/1380553169540_1b6b64ea950dd455ff25_72.jpg",
            "first_name": "Adam",
            "real_name": "Adam Holmes",
            "display_name": "Adam Holmes",
            "team": "TCR2U6UEM",
            "name": "adamup555",
            "is_restricted": false,
            "is_ultra_restricted": false
        },
        "blocks": [
            {
                "type": "rich_text",
                "block_id": "sLGm",
                "elements": [
                    {
                        "type": "rich_text_section",
                        "elements": [
                            {
                                "type": "text",
                                "text": "lesgooo"
                            }
                        ]
                    }
                ]
            }
        ]
    },
    {
        "client_msg_id": "17333d24-15eb-41c9-b0a1-4d949299e8c9",
        "type": "message",
        "text": "Which folder is the video of the meet in?",
        "user": "U018URES8KV",
        "ts": "1608506216.023900",
        "team": "TCR2U6UEM",
        "user_team": "TCR2U6UEM",
        "source_team": "TCR2U6UEM",
        "user_profile": {
            "avatar_hash": "1b6b64ea950d",
            "image_72": "https:\/\/avatars.slack-edge.com\/2020-09-18\/1380553169540_1b6b64ea950dd455ff25_72.jpg",
            "first_name": "Adam",
            "real_name": "Adam Holmes",
            "display_name": "Adam Holmes",
            "team": "TCR2U6UEM",
            "name": "adamup555",
            "is_restricted": false,
            "is_ultra_restricted": false
        },
        "blocks": [
            {
                "type": "rich_text",
                "block_id": "whP",
                "elements": [
                    {
                        "type": "rich_text_section",
                        "elements": [
                            {
                                "type": "text",
                                "text": "Which folder is the video of the meet in?"
                            }
                        ]
                    }
                ]
            }
        ]
    },
    {
        "client_msg_id": "ce1d66f7-8474-40ee-89fd-698988515ae3",
        "type": "message",
        "text": "Yo what's the robotics gmail account?",
        "user": "U018GF7AFJB",
        "ts": "1608508922.024500",
        "team": "TCR2U6UEM",
        "user_team": "TCR2U6UEM",
        "source_team": "TCR2U6UEM",
        "user_profile": {
            "avatar_hash": "c31861bbc361",
            "image_72": "https:\/\/avatars.slack-edge.com\/2020-08-16\/1316598132593_c31861bbc3618c961c77_72.jpg",
            "first_name": "",
            "real_name": "Nolan Vibhakar",
            "display_name": "Nolan Vibhakar",
            "team": "TCR2U6UEM",
            "name": "novib21",
            "is_restricted": false,
            "is_ultra_restricted": false
        },
        "blocks": [
            {
                "type": "rich_text",
                "block_id": "fVf",
                "elements": [
                    {
                        "type": "rich_text_section",
                        "elements": [
                            {
                                "type": "text",
                                "text": "Yo what's the robotics gmail account?"
                            }
                        ]
                    }
                ]
            }
        ]
    },
    {
        "client_msg_id": "9a633ce3-0a92-42b3-bf8f-ed9a77e02fff",
        "type": "message",
        "text": "<mailto:Rawbacon8743@gmail.com|Rawbacon8743@gmail.com>",
        "user": "U016G7WR3KJ",
        "ts": "1608508967.024600",
        "team": "TCR2U6UEM",
        "user_team": "TCR2U6UEM",
        "source_team": "TCR2U6UEM",
        "user_profile": {
            "avatar_hash": "bbe6b64d1e6f",
            "image_72": "https:\/\/avatars.slack-edge.com\/2020-09-12\/1359637227778_bbe6b64d1e6f191982dd_72.jpg",
            "first_name": "Robbie",
            "real_name": "Robbie Thibodeau",
            "display_name": "Robbie Thibodeau",
            "team": "TCR2U6UEM",
            "name": "rgtthibodeau",
            "is_restricted": false,
            "is_ultra_restricted": false
        },
        "blocks": [
            {
                "type": "rich_text",
                "block_id": "8mA",
                "elements": [
                    {
                        "type": "rich_text_section",
                        "elements": [
                            {
                                "type": "link",
                                "url": "mailto:Rawbacon8743@gmail.com",
                                "text": "Rawbacon8743@gmail.com"
                            }
                        ]
                    }
                ]
            }
        ]
    },
    {
        "client_msg_id": "462de852-a9a1-442f-9b04-f5f691f9ecb1",
        "type": "message",
        "text": "Password is first8743",
        "user": "U016G7WR3KJ",
        "ts": "1608508981.025100",
        "team": "TCR2U6UEM",
        "user_team": "TCR2U6UEM",
        "source_team": "TCR2U6UEM",
        "user_profile": {
            "avatar_hash": "bbe6b64d1e6f",
            "image_72": "https:\/\/avatars.slack-edge.com\/2020-09-12\/1359637227778_bbe6b64d1e6f191982dd_72.jpg",
            "first_name": "Robbie",
            "real_name": "Robbie Thibodeau",
            "display_name": "Robbie Thibodeau",
            "team": "TCR2U6UEM",
            "name": "rgtthibodeau",
            "is_restricted": false,
            "is_ultra_restricted": false
        },
        "blocks": [
            {
                "type": "rich_text",
                "block_id": "IWm",
                "elements": [
                    {
                        "type": "rich_text_section",
                        "elements": [
                            {
                                "type": "text",
                                "text": "Password is first8743"
                            }
                        ]
                    }
                ]
            }
        ]
    },
    {
        "client_msg_id": "192e5f2e-19c1-48a2-81d0-6a4ff441c8e8",
        "type": "message",
        "text": "Thanks",
        "user": "U018GF7AFJB",
        "ts": "1608509040.025300",
        "team": "TCR2U6UEM",
        "user_team": "TCR2U6UEM",
        "source_team": "TCR2U6UEM",
        "user_profile": {
            "avatar_hash": "c31861bbc361",
            "image_72": "https:\/\/avatars.slack-edge.com\/2020-08-16\/1316598132593_c31861bbc3618c961c77_72.jpg",
            "first_name": "",
            "real_name": "Nolan Vibhakar",
            "display_name": "Nolan Vibhakar",
            "team": "TCR2U6UEM",
            "name": "novib21",
            "is_restricted": false,
            "is_ultra_restricted": false
        },
        "blocks": [
            {
                "type": "rich_text",
                "block_id": "T0s",
                "elements": [
                    {
                        "type": "rich_text_section",
                        "elements": [
                            {
                                "type": "text",
                                "text": "Thanks"
                            }
                        ]
                    }
                ]
            }
        ]
    },
    {
        "client_msg_id": "129ef4cb-f4a0-4c36-85b1-70f46db3460d",
        "type": "message",
        "text": "I'm having madi switch give ownership of the folder to the raw bacon account so that we dint run into this problem again",
        "user": "U018GF7AFJB",
        "ts": "1608509076.026500",
        "team": "TCR2U6UEM",
        "user_team": "TCR2U6UEM",
        "source_team": "TCR2U6UEM",
        "user_profile": {
            "avatar_hash": "c31861bbc361",
            "image_72": "https:\/\/avatars.slack-edge.com\/2020-08-16\/1316598132593_c31861bbc3618c961c77_72.jpg",
            "first_name": "",
            "real_name": "Nolan Vibhakar",
            "display_name": "Nolan Vibhakar",
            "team": "TCR2U6UEM",
            "name": "novib21",
            "is_restricted": false,
            "is_ultra_restricted": false
        },
        "blocks": [
            {
                "type": "rich_text",
                "block_id": "uV7",
                "elements": [
                    {
                        "type": "rich_text_section",
                        "elements": [
                            {
                                "type": "text",
                                "text": "I'm having madi switch give ownership of the folder to the raw bacon account so that we dint run into this problem again"
                            }
                        ]
                    }
                ]
            }
        ]
    },
    {
        "client_msg_id": "dee544b8-8e78-466b-804c-b4b89623921c",
        "type": "message",
        "text": "Wait",
        "user": "U016G7WR3KJ",
        "ts": "1608509112.026700",
        "team": "TCR2U6UEM",
        "user_team": "TCR2U6UEM",
        "source_team": "TCR2U6UEM",
        "user_profile": {
            "avatar_hash": "bbe6b64d1e6f",
            "image_72": "https:\/\/avatars.slack-edge.com\/2020-09-12\/1359637227778_bbe6b64d1e6f191982dd_72.jpg",
            "first_name": "Robbie",
            "real_name": "Robbie Thibodeau",
            "display_name": "Robbie Thibodeau",
            "team": "TCR2U6UEM",
            "name": "rgtthibodeau",
            "is_restricted": false,
            "is_ultra_restricted": false
        },
        "blocks": [
            {
                "type": "rich_text",
                "block_id": "DU7",
                "elements": [
                    {
                        "type": "rich_text_section",
                        "elements": [
                            {
                                "type": "text",
                                "text": "Wait"
                            }
                        ]
                    }
                ]
            }
        ]
    },
    {
        "client_msg_id": "4589d486-7e4f-4c58-a44a-0bef3f16b93d",
        "type": "message",
        "text": "Dont do that",
        "user": "U016G7WR3KJ",
        "ts": "1608509115.026900",
        "team": "TCR2U6UEM",
        "user_team": "TCR2U6UEM",
        "source_team": "TCR2U6UEM",
        "user_profile": {
            "avatar_hash": "bbe6b64d1e6f",
            "image_72": "https:\/\/avatars.slack-edge.com\/2020-09-12\/1359637227778_bbe6b64d1e6f191982dd_72.jpg",
            "first_name": "Robbie",
            "real_name": "Robbie Thibodeau",
            "display_name": "Robbie Thibodeau",
            "team": "TCR2U6UEM",
            "name": "rgtthibodeau",
            "is_restricted": false,
            "is_ultra_restricted": false
        },
        "blocks": [
            {
                "type": "rich_text",
                "block_id": "Ll6CZ",
                "elements": [
                    {
                        "type": "rich_text_section",
                        "elements": [
                            {
                                "type": "text",
                                "text": "Dont do that"
                            }
                        ]
                    }
                ]
            }
        ]
    },
    {
        "client_msg_id": "92efd77f-67e3-44ae-ab16-d869f6160236",
        "type": "message",
        "text": "Why not?",
        "user": "U018GF7AFJB",
        "ts": "1608509121.027300",
        "team": "TCR2U6UEM",
        "user_team": "TCR2U6UEM",
        "source_team": "TCR2U6UEM",
        "user_profile": {
            "avatar_hash": "c31861bbc361",
            "image_72": "https:\/\/avatars.slack-edge.com\/2020-08-16\/1316598132593_c31861bbc3618c961c77_72.jpg",
            "first_name": "",
            "real_name": "Nolan Vibhakar",
            "display_name": "Nolan Vibhakar",
            "team": "TCR2U6UEM",
            "name": "novib21",
            "is_restricted": false,
            "is_ultra_restricted": false
        },
        "blocks": [
            {
                "type": "rich_text",
                "block_id": "ntNO",
                "elements": [
                    {
                        "type": "rich_text_section",
                        "elements": [
                            {
                                "type": "text",
                                "text": "Why not?"
                            }
                        ]
                    }
                ]
            }
        ]
    },
    {
        "client_msg_id": "918b7fd4-e09c-45a8-95ca-4bc57da61981",
        "type": "message",
        "text": "Since it is not an iccsd account some of the sharing gets messed up",
        "user": "U016G7WR3KJ",
        "ts": "1608509138.027800",
        "team": "TCR2U6UEM",
        "user_team": "TCR2U6UEM",
        "source_team": "TCR2U6UEM",
        "user_profile": {
            "avatar_hash": "bbe6b64d1e6f",
            "image_72": "https:\/\/avatars.slack-edge.com\/2020-09-12\/1359637227778_bbe6b64d1e6f191982dd_72.jpg",
            "first_name": "Robbie",
            "real_name": "Robbie Thibodeau",
            "display_name": "Robbie Thibodeau",
            "team": "TCR2U6UEM",
            "name": "rgtthibodeau",
            "is_restricted": false,
            "is_ultra_restricted": false
        },
        "blocks": [
            {
                "type": "rich_text",
                "block_id": "A6ds",
                "elements": [
                    {
                        "type": "rich_text_section",
                        "elements": [
                            {
                                "type": "text",
                                "text": "Since it is not an iccsd account some of the sharing gets messed up"
                            }
                        ]
                    }
                ]
            }
        ]
    },
    {
        "client_msg_id": "7887fb45-7fda-4441-adb1-985659a8e02b",
        "type": "message",
        "text": "I mean I think it's better to have that account be the owner of everything",
        "user": "U018GF7AFJB",
        "ts": "1608509160.029000",
        "team": "TCR2U6UEM",
        "user_team": "TCR2U6UEM",
        "source_team": "TCR2U6UEM",
        "user_profile": {
            "avatar_hash": "c31861bbc361",
            "image_72": "https:\/\/avatars.slack-edge.com\/2020-08-16\/1316598132593_c31861bbc3618c961c77_72.jpg",
            "first_name": "",
            "real_name": "Nolan Vibhakar",
            "display_name": "Nolan Vibhakar",
            "team": "TCR2U6UEM",
            "name": "novib21",
            "is_restricted": false,
            "is_ultra_restricted": false
        },
        "blocks": [
            {
                "type": "rich_text",
                "block_id": "Tig",
                "elements": [
                    {
                        "type": "rich_text_section",
                        "elements": [
                            {
                                "type": "text",
                                "text": "I mean I think it's better to have that account be the owner of everything"
                            }
                        ]
                    }
                ]
            }
        ]
    },
    {
        "client_msg_id": "9afccd19-bed7-4cee-903a-acf6fe26dedf",
        "type": "message",
        "text": "Ok",
        "user": "U016G7WR3KJ",
        "ts": "1608509165.029500",
        "team": "TCR2U6UEM",
        "user_team": "TCR2U6UEM",
        "source_team": "TCR2U6UEM",
        "user_profile": {
            "avatar_hash": "bbe6b64d1e6f",
            "image_72": "https:\/\/avatars.slack-edge.com\/2020-09-12\/1359637227778_bbe6b64d1e6f191982dd_72.jpg",
            "first_name": "Robbie",
            "real_name": "Robbie Thibodeau",
            "display_name": "Robbie Thibodeau",
            "team": "TCR2U6UEM",
            "name": "rgtthibodeau",
            "is_restricted": false,
            "is_ultra_restricted": false
        },
        "blocks": [
            {
                "type": "rich_text",
                "block_id": "uil6R",
                "elements": [
                    {
                        "type": "rich_text_section",
                        "elements": [
                            {
                                "type": "text",
                                "text": "Ok"
                            }
                        ]
                    }
                ]
            }
        ]
    },
    {
        "client_msg_id": "8ff5c246-6768-409e-9b75-f82d9dddb5db",
        "type": "message",
        "text": "We can redo some of the sharing that we need to",
        "user": "U018GF7AFJB",
        "ts": "1608509168.029700",
        "team": "TCR2U6UEM",
        "user_team": "TCR2U6UEM",
        "source_team": "TCR2U6UEM",
        "user_profile": {
            "avatar_hash": "c31861bbc361",
            "image_72": "https:\/\/avatars.slack-edge.com\/2020-08-16\/1316598132593_c31861bbc3618c961c77_72.jpg",
            "first_name": "",
            "real_name": "Nolan Vibhakar",
            "display_name": "Nolan Vibhakar",
            "team": "TCR2U6UEM",
            "name": "novib21",
            "is_restricted": false,
            "is_ultra_restricted": false
        },
        "blocks": [
            {
                "type": "rich_text",
                "block_id": "eWA",
                "elements": [
                    {
                        "type": "rich_text_section",
                        "elements": [
                            {
                                "type": "text",
                                "text": "We can redo some of the sharing that we need to"
                            }
                        ]
                    }
                ]
            }
        ]
    },
    {
        "client_msg_id": "728a14b6-6bf5-480e-aca3-bf53b9157579",
        "type": "message",
        "text": "Can we make the robotics account a part of iccsd?",
        "user": "U018URES8KV",
        "ts": "1608509186.030700",
        "team": "TCR2U6UEM",
        "user_team": "TCR2U6UEM",
        "source_team": "TCR2U6UEM",
        "user_profile": {
            "avatar_hash": "1b6b64ea950d",
            "image_72": "https:\/\/avatars.slack-edge.com\/2020-09-18\/1380553169540_1b6b64ea950dd455ff25_72.jpg",
            "first_name": "Adam",
            "real_name": "Adam Holmes",
            "display_name": "Adam Holmes",
            "team": "TCR2U6UEM",
            "name": "adamup555",
            "is_restricted": false,
            "is_ultra_restricted": false
        },
        "blocks": [
            {
                "type": "rich_text",
                "block_id": "GUC",
                "elements": [
                    {
                        "type": "rich_text_section",
                        "elements": [
                            {
                                "type": "text",
                                "text": "Can we make the robotics account a part of iccsd?"
                            }
                        ]
                    }
                ]
            }
        ]
    },
    {
        "client_msg_id": "aa31e0b3-4864-4684-9d3a-ea291ab33488",
        "type": "message",
        "text": "Because its a club",
        "user": "U018URES8KV",
        "ts": "1608509192.031200",
        "team": "TCR2U6UEM",
        "user_team": "TCR2U6UEM",
        "source_team": "TCR2U6UEM",
        "user_profile": {
            "avatar_hash": "1b6b64ea950d",
            "image_72": "https:\/\/avatars.slack-edge.com\/2020-09-18\/1380553169540_1b6b64ea950dd455ff25_72.jpg",
            "first_name": "Adam",
            "real_name": "Adam Holmes",
            "display_name": "Adam Holmes",
            "team": "TCR2U6UEM",
            "name": "adamup555",
            "is_restricted": false,
            "is_ultra_restricted": false
        },
        "blocks": [
            {
                "type": "rich_text",
                "block_id": "ojZ",
                "elements": [
                    {
                        "type": "rich_text_section",
                        "elements": [
                            {
                                "type": "text",
                                "text": "Because its a club"
                            }
                        ]
                    }
                ]
            }
        ]
    },
    {
        "client_msg_id": "d8a199ee-3c45-4ca1-9d89-c5ee3629567d",
        "type": "message",
        "text": "No",
        "user": "U016G7WR3KJ",
        "ts": "1608509194.031600",
        "team": "TCR2U6UEM",
        "user_team": "TCR2U6UEM",
        "source_team": "TCR2U6UEM",
        "user_profile": {
            "avatar_hash": "bbe6b64d1e6f",
            "image_72": "https:\/\/avatars.slack-edge.com\/2020-09-12\/1359637227778_bbe6b64d1e6f191982dd_72.jpg",
            "first_name": "Robbie",
            "real_name": "Robbie Thibodeau",
            "display_name": "Robbie Thibodeau",
            "team": "TCR2U6UEM",
            "name": "rgtthibodeau",
            "is_restricted": false,
            "is_ultra_restricted": false
        },
        "blocks": [
            {
                "type": "rich_text",
                "block_id": "CX0PR",
                "elements": [
                    {
                        "type": "rich_text_section",
                        "elements": [
                            {
                                "type": "text",
                                "text": "No"
                            }
                        ]
                    }
                ]
            }
        ]
    },
    {
        "client_msg_id": "0960bd76-1342-4d87-8947-391c093d784d",
        "type": "message",
        "text": ":(",
        "user": "U018URES8KV",
        "ts": "1608509198.031900",
        "team": "TCR2U6UEM",
        "user_team": "TCR2U6UEM",
        "source_team": "TCR2U6UEM",
        "user_profile": {
            "avatar_hash": "1b6b64ea950d",
            "image_72": "https:\/\/avatars.slack-edge.com\/2020-09-18\/1380553169540_1b6b64ea950dd455ff25_72.jpg",
            "first_name": "Adam",
            "real_name": "Adam Holmes",
            "display_name": "Adam Holmes",
            "team": "TCR2U6UEM",
            "name": "adamup555",
            "is_restricted": false,
            "is_ultra_restricted": false
        },
        "blocks": [
            {
                "type": "rich_text",
                "block_id": "8F6",
                "elements": [
                    {
                        "type": "rich_text_section",
                        "elements": [
                            {
                                "type": "text",
                                "text": ":("
                            }
                        ]
                    }
                ]
            }
        ]
    },
    {
        "client_msg_id": "4bc0af6f-a942-4579-9902-e16181595ae6",
        "type": "message",
        "text": "Its better to deal with those small issues than to deal with other bigger ones that could arise",
        "user": "U018GF7AFJB",
        "ts": "1608509215.032400",
        "team": "TCR2U6UEM",
        "user_team": "TCR2U6UEM",
        "source_team": "TCR2U6UEM",
        "user_profile": {
            "avatar_hash": "c31861bbc361",
            "image_72": "https:\/\/avatars.slack-edge.com\/2020-08-16\/1316598132593_c31861bbc3618c961c77_72.jpg",
            "first_name": "",
            "real_name": "Nolan Vibhakar",
            "display_name": "Nolan Vibhakar",
            "team": "TCR2U6UEM",
            "name": "novib21",
            "is_restricted": false,
            "is_ultra_restricted": false
        },
        "blocks": [
            {
                "type": "rich_text",
                "block_id": "+VGOb",
                "elements": [
                    {
                        "type": "rich_text_section",
                        "elements": [
                            {
                                "type": "text",
                                "text": "Its better to deal with those small issues than to deal with other bigger ones that could arise"
                            }
                        ]
                    }
                ]
            }
        ],
        "reactions": [
            {
                "name": "egg",
                "users": [
                    "U010FNPUQP8"
                ],
                "count": 1
            }
        ]
    },
    {
        "client_msg_id": "64a94f3d-b247-4dba-8b4f-1534711532ad",
        "type": "message",
        "text": "Did you get the folder switched over okay? I can look  into it too if you want",
        "user": "U010DDZ3FJR",
        "ts": "1608511946.034100",
        "team": "TCR2U6UEM",
        "user_team": "TCR2U6UEM",
        "source_team": "TCR2U6UEM",
        "user_profile": {
            "avatar_hash": "fda0a36a8605",
            "image_72": "https:\/\/avatars.slack-edge.com\/2020-09-18\/1386993799393_fda0a36a86053c692b20_72.jpg",
            "first_name": "Luke",
            "real_name": "Luke Aschenbrenner",
            "display_name": "Luke Aschenbrenner",
            "team": "TCR2U6UEM",
            "name": "ashbren21",
            "is_restricted": false,
            "is_ultra_restricted": false
        },
        "blocks": [
            {
                "type": "rich_text",
                "block_id": "Ylm",
                "elements": [
                    {
                        "type": "rich_text_section",
                        "elements": [
                            {
                                "type": "text",
                                "text": "Did you get the folder switched over okay? I can look  into it too if you want"
                            }
                        ]
                    }
                ]
            }
        ]
    }
]