[
    {
        "client_msg_id": "968b594c-e10d-42e1-955d-316f6489eccc",
        "type": "message",
        "text": "Ok I might potentially have access to inside the temp today, if I do would it be alright for me to grab the laptop and phones to start configuring things, or should I just hold off on that?",
        "user": "U010DDZ3FJR",
        "ts": "1597856777.001600",
        "team": "TCR2U6UEM",
        "user_team": "TCR2U6UEM",
        "source_team": "TCR2U6UEM",
        "user_profile": {
            "avatar_hash": "fda0a36a8605",
            "image_72": "https:\/\/avatars.slack-edge.com\/2020-09-18\/1386993799393_fda0a36a86053c692b20_72.jpg",
            "first_name": "Luke",
            "real_name": "Luke Aschenbrenner",
            "display_name": "Luke Aschenbrenner",
            "team": "TCR2U6UEM",
            "name": "ashbren21",
            "is_restricted": false,
            "is_ultra_restricted": false
        },
        "blocks": [
            {
                "type": "rich_text",
                "block_id": "Ih7yM",
                "elements": [
                    {
                        "type": "rich_text_section",
                        "elements": [
                            {
                                "type": "text",
                                "text": "Ok I might potentially have access to inside the temp today, if I do would it be alright for me to grab the laptop and phones to start configuring things, or should I just hold off on that?"
                            }
                        ]
                    }
                ]
            }
        ]
    },
    {
        "client_msg_id": "14d006c7-9358-4d5d-8169-a6f9f03c476c",
        "type": "message",
        "text": "Oop nevermind they're working on repainting it",
        "user": "U010DDZ3FJR",
        "ts": "1597858405.000500",
        "team": "TCR2U6UEM",
        "user_team": "TCR2U6UEM",
        "source_team": "TCR2U6UEM",
        "user_profile": {
            "avatar_hash": "fda0a36a8605",
            "image_72": "https:\/\/avatars.slack-edge.com\/2020-09-18\/1386993799393_fda0a36a86053c692b20_72.jpg",
            "first_name": "Luke",
            "real_name": "Luke Aschenbrenner",
            "display_name": "Luke Aschenbrenner",
            "team": "TCR2U6UEM",
            "name": "ashbren21",
            "is_restricted": false,
            "is_ultra_restricted": false
        },
        "blocks": [
            {
                "type": "rich_text",
                "block_id": "v9nev",
                "elements": [
                    {
                        "type": "rich_text_section",
                        "elements": [
                            {
                                "type": "text",
                                "text": "Oop nevermind they're working on repainting it"
                            }
                        ]
                    }
                ]
            }
        ]
    }
]