[
    {
        "client_msg_id": "4bc1bf8e-3dec-4d92-bc72-d87c10922471",
        "type": "message",
        "text": "City High just moved to online-only for the start of the school year. This is what all email said about activities: \"additional information regarding athletics and activities will be provided no later than Friday afternoon.\"",
        "user": "U010DDZ3FJR",
        "ts": "1598544369.001800",
        "team": "TCR2U6UEM",
        "user_team": "TCR2U6UEM",
        "source_team": "TCR2U6UEM",
        "user_profile": {
            "avatar_hash": "fda0a36a8605",
            "image_72": "https:\/\/avatars.slack-edge.com\/2020-09-18\/1386993799393_fda0a36a86053c692b20_72.jpg",
            "first_name": "Luke",
            "real_name": "Luke Aschenbrenner",
            "display_name": "Luke Aschenbrenner",
            "team": "TCR2U6UEM",
            "name": "ashbren21",
            "is_restricted": false,
            "is_ultra_restricted": false
        },
        "blocks": [
            {
                "type": "rich_text",
                "block_id": "LZpe",
                "elements": [
                    {
                        "type": "rich_text_section",
                        "elements": [
                            {
                                "type": "text",
                                "text": "City High just moved to online-only for the start of the school year. This is what all email said about activities: \"additional information regarding athletics and activities will be provided no later than Friday afternoon.\""
                            }
                        ]
                    }
                ]
            }
        ]
    },
    {
        "client_msg_id": "5d605f39-73f9-48d6-a57e-2de50f95fb6f",
        "type": "message",
        "text": "They just released the update, looks like it's just no spectators to sports for the time being so I assume robotics would continue as planned",
        "user": "U010DDZ3FJR",
        "ts": "1598557257.003000",
        "team": "TCR2U6UEM",
        "user_team": "TCR2U6UEM",
        "source_team": "TCR2U6UEM",
        "user_profile": {
            "avatar_hash": "fda0a36a8605",
            "image_72": "https:\/\/avatars.slack-edge.com\/2020-09-18\/1386993799393_fda0a36a86053c692b20_72.jpg",
            "first_name": "Luke",
            "real_name": "Luke Aschenbrenner",
            "display_name": "Luke Aschenbrenner",
            "team": "TCR2U6UEM",
            "name": "ashbren21",
            "is_restricted": false,
            "is_ultra_restricted": false
        },
        "blocks": [
            {
                "type": "rich_text",
                "block_id": "Xd+",
                "elements": [
                    {
                        "type": "rich_text_section",
                        "elements": [
                            {
                                "type": "text",
                                "text": "They just released the update, looks like it's just no spectators to sports for the time being so I assume robotics would continue as planned"
                            }
                        ]
                    }
                ]
            }
        ]
    }
]