[
    {
        "client_msg_id": "ab3a1ade-ce73-4d99-abe8-05b6e83b4ab3",
        "type": "message",
        "text": "Pretty sure I already asked this but I just wanna be sure, we meeting today?",
        "user": "U018QFK9G94",
        "ts": "1604426945.002400",
        "team": "TCR2U6UEM",
        "user_team": "TCR2U6UEM",
        "source_team": "TCR2U6UEM",
        "user_profile": {
            "avatar_hash": "g9d36c6aa5d6",
            "image_72": "https:\/\/secure.gravatar.com\/avatar\/9d36c6aa5d6e1c88d058906bd2a03917.jpg?s=72&d=https%3A%2F%2Fa.slack-edge.com%2Fdf10d%2Fimg%2Favatars%2Fava_0011-72.png",
            "first_name": "",
            "real_name": "Marcus Miller",
            "display_name": "",
            "team": "TCR2U6UEM",
            "name": "mamil23",
            "is_restricted": false,
            "is_ultra_restricted": false
        },
        "blocks": [
            {
                "type": "rich_text",
                "block_id": "BWu=",
                "elements": [
                    {
                        "type": "rich_text_section",
                        "elements": [
                            {
                                "type": "text",
                                "text": "Pretty sure I already asked this but I just wanna be sure, we meeting today?"
                            }
                        ]
                    }
                ]
            }
        ]
    },
    {
        "client_msg_id": "6bd6b453-c24e-4b77-9cc7-6943c8a6bae4",
        "type": "message",
        "text": "I think we are. Mons said she",
        "user": "U01ADEF18N6",
        "ts": "1604427130.002700",
        "team": "TCR2U6UEM",
        "user_team": "TCR2U6UEM",
        "source_team": "TCR2U6UEM",
        "user_profile": {
            "avatar_hash": "e8086e8713de",
            "image_72": "https:\/\/avatars.slack-edge.com\/2020-09-18\/1371265029141_e8086e8713de3af22fe5_72.jpg",
            "first_name": "Ashley",
            "real_name": "Ashley Sheehan",
            "display_name": "Ashley Sheehan",
            "team": "TCR2U6UEM",
            "name": "asshe21",
            "is_restricted": false,
            "is_ultra_restricted": false
        },
        "blocks": [
            {
                "type": "rich_text",
                "block_id": "4cpuh",
                "elements": [
                    {
                        "type": "rich_text_section",
                        "elements": [
                            {
                                "type": "text",
                                "text": "I think we are. Mons said she"
                            }
                        ]
                    }
                ]
            }
        ]
    },
    {
        "client_msg_id": "193dd407-9e83-4b02-a88e-53300c3e2941",
        "type": "message",
        "text": "she'll be zooming from her house",
        "user": "U01ADEF18N6",
        "ts": "1604427139.003000",
        "team": "TCR2U6UEM",
        "user_team": "TCR2U6UEM",
        "source_team": "TCR2U6UEM",
        "user_profile": {
            "avatar_hash": "e8086e8713de",
            "image_72": "https:\/\/avatars.slack-edge.com\/2020-09-18\/1371265029141_e8086e8713de3af22fe5_72.jpg",
            "first_name": "Ashley",
            "real_name": "Ashley Sheehan",
            "display_name": "Ashley Sheehan",
            "team": "TCR2U6UEM",
            "name": "asshe21",
            "is_restricted": false,
            "is_ultra_restricted": false
        },
        "blocks": [
            {
                "type": "rich_text",
                "block_id": "9xsQv",
                "elements": [
                    {
                        "type": "rich_text_section",
                        "elements": [
                            {
                                "type": "text",
                                "text": "she'll be zooming from her house"
                            }
                        ]
                    }
                ]
            }
        ]
    },
    {
        "client_msg_id": "54341ead-5cbb-4d0f-870e-f76f246602aa",
        "type": "message",
        "text": ":space_invader:",
        "user": "U018QFK9G94",
        "ts": "1604428774.005100",
        "team": "TCR2U6UEM",
        "user_team": "TCR2U6UEM",
        "source_team": "TCR2U6UEM",
        "user_profile": {
            "avatar_hash": "g9d36c6aa5d6",
            "image_72": "https:\/\/secure.gravatar.com\/avatar\/9d36c6aa5d6e1c88d058906bd2a03917.jpg?s=72&d=https%3A%2F%2Fa.slack-edge.com%2Fdf10d%2Fimg%2Favatars%2Fava_0011-72.png",
            "first_name": "",
            "real_name": "Marcus Miller",
            "display_name": "",
            "team": "TCR2U6UEM",
            "name": "mamil23",
            "is_restricted": false,
            "is_ultra_restricted": false
        },
        "blocks": [
            {
                "type": "rich_text",
                "block_id": "G\/H7",
                "elements": [
                    {
                        "type": "rich_text_section",
                        "elements": [
                            {
                                "type": "emoji",
                                "name": "space_invader"
                            }
                        ]
                    }
                ]
            }
        ]
    },
    {
        "type": "message",
        "text": "Finally finished the code for remote robot driving! Here's what it would look like (without the robot actually moving). It should be super easy for drivers to use, you just go to a link, type in the password, and click start.",
        "files": [
            {
                "id": "F01EMTR8PDW",
                "created": 1604428711,
                "timestamp": 1604428711,
                "name": "VID_20201103_123440.mp4",
                "title": "VID_20201103_123440.mp4",
                "mimetype": "video\/mp4",
                "filetype": "mp4",
                "pretty_type": "MPEG 4 Video",
                "user": "U010DDZ3FJR",
                "editable": false,
                "size": 88930777,
                "mode": "hosted",
                "is_external": false,
                "external_type": "",
                "is_public": true,
                "public_url_shared": false,
                "display_as_bot": false,
                "username": "",
                "url_private": "https:\/\/files.slack.com\/files-pri\/TCR2U6UEM-F01EMTR8PDW\/vid_20201103_123440.mp4?t=xoxe-433096232497-1684125439971-1696548615153-cd1d3d402b441a7d6039d167da7d37bd",
                "url_private_download": "https:\/\/files.slack.com\/files-pri\/TCR2U6UEM-F01EMTR8PDW\/download\/vid_20201103_123440.mp4?t=xoxe-433096232497-1684125439971-1696548615153-cd1d3d402b441a7d6039d167da7d37bd",
                "thumb_video": "https:\/\/files.slack.com\/files-tmb\/TCR2U6UEM-F01EMTR8PDW-18d284a0de\/vid_20201103_123440_thumb_video.jpeg?t=xoxe-433096232497-1684125439971-1696548615153-cd1d3d402b441a7d6039d167da7d37bd",
                "permalink": "https:\/\/rawbaconrobotics.slack.com\/files\/U010DDZ3FJR\/F01EMTR8PDW\/vid_20201103_123440.mp4",
                "permalink_public": "https:\/\/slack-files.com\/TCR2U6UEM-F01EMTR8PDW-137250171b",
                "is_starred": false,
                "has_rich_preview": false
            }
        ],
        "upload": false,
        "blocks": [
            {
                "type": "rich_text",
                "block_id": "UVa",
                "elements": [
                    {
                        "type": "rich_text_section",
                        "elements": [
                            {
                                "type": "text",
                                "text": "Finally finished the code for remote robot driving! Here's what it would look like (without the robot actually moving). It should be super easy for drivers to use, you just go to a link, type in the password, and click start."
                            }
                        ]
                    }
                ]
            }
        ],
        "user": "U010DDZ3FJR",
        "display_as_bot": false,
        "ts": "1604428778.005200",
        "client_msg_id": "3bdef9b6-72c0-46cb-9223-e12f5b754449"
    },
    {
        "client_msg_id": "934c6d0b-3387-4ebc-9344-9694bfb810bc",
        "type": "message",
        "text": "<!everyone> meeting starting",
        "user": "U0193D42LHJ",
        "ts": "1604441600.005700",
        "team": "TCR2U6UEM",
        "user_team": "TCR2U6UEM",
        "source_team": "TCR2U6UEM",
        "user_profile": {
            "avatar_hash": "ac92a4993882",
            "image_72": "https:\/\/avatars.slack-edge.com\/2020-09-18\/1380577414884_ac92a4993882a5db4876_72.png",
            "first_name": "Elliot",
            "real_name": "Elliot Schmidt",
            "display_name": "Elliot",
            "team": "TCR2U6UEM",
            "name": "elliotschmidt2002",
            "is_restricted": false,
            "is_ultra_restricted": false
        },
        "blocks": [
            {
                "type": "rich_text",
                "block_id": "8qt3G",
                "elements": [
                    {
                        "type": "rich_text_section",
                        "elements": [
                            {
                                "type": "broadcast",
                                "range": "everyone"
                            },
                            {
                                "type": "text",
                                "text": " meeting starting"
                            }
                        ]
                    }
                ]
            }
        ]
    },
    {
        "client_msg_id": "5c0d3d14-b760-49b5-8aea-367b6bf196f2",
        "type": "message",
        "text": "Yuh",
        "user": "U016G7WR3KJ",
        "ts": "1604441631.005900",
        "team": "TCR2U6UEM",
        "user_team": "TCR2U6UEM",
        "source_team": "TCR2U6UEM",
        "user_profile": {
            "avatar_hash": "bbe6b64d1e6f",
            "image_72": "https:\/\/avatars.slack-edge.com\/2020-09-12\/1359637227778_bbe6b64d1e6f191982dd_72.jpg",
            "first_name": "Robbie",
            "real_name": "Robbie Thibodeau",
            "display_name": "Robbie Thibodeau",
            "team": "TCR2U6UEM",
            "name": "rgtthibodeau",
            "is_restricted": false,
            "is_ultra_restricted": false
        },
        "blocks": [
            {
                "type": "rich_text",
                "block_id": "eNf",
                "elements": [
                    {
                        "type": "rich_text_section",
                        "elements": [
                            {
                                "type": "text",
                                "text": "Yuh"
                            }
                        ]
                    }
                ]
            }
        ]
    },
    {
        "client_msg_id": "312d71d9-d1f7-47b1-913a-590f26fa5e4b",
        "type": "message",
        "text": "got link?",
        "user": "U018X7N3K42",
        "ts": "1604441635.006100",
        "team": "TCR2U6UEM",
        "user_team": "TCR2U6UEM",
        "source_team": "TCR2U6UEM",
        "user_profile": {
            "avatar_hash": "g50b311404ea",
            "image_72": "https:\/\/secure.gravatar.com\/avatar\/50b311404eaf5a4cbd50a42846f515df.jpg?s=72&d=https%3A%2F%2Fa.slack-edge.com%2Fdf10d%2Fimg%2Favatars%2Fava_0016-72.png",
            "first_name": "",
            "real_name": "Nathan Bradford",
            "display_name": "Nathan Bradford",
            "team": "TCR2U6UEM",
            "name": "nabra22",
            "is_restricted": false,
            "is_ultra_restricted": false
        },
        "blocks": [
            {
                "type": "rich_text",
                "block_id": "YS6",
                "elements": [
                    {
                        "type": "rich_text_section",
                        "elements": [
                            {
                                "type": "text",
                                "text": "got link?"
                            }
                        ]
                    }
                ]
            }
        ]
    },
    {
        "client_msg_id": "cb00e86e-4813-4d2f-862f-f1737e362b62",
        "type": "message",
        "text": "same as it's always been",
        "user": "U0193D42LHJ",
        "ts": "1604441644.006300",
        "team": "TCR2U6UEM",
        "user_team": "TCR2U6UEM",
        "source_team": "TCR2U6UEM",
        "user_profile": {
            "avatar_hash": "ac92a4993882",
            "image_72": "https:\/\/avatars.slack-edge.com\/2020-09-18\/1380577414884_ac92a4993882a5db4876_72.png",
            "first_name": "Elliot",
            "real_name": "Elliot Schmidt",
            "display_name": "Elliot",
            "team": "TCR2U6UEM",
            "name": "elliotschmidt2002",
            "is_restricted": false,
            "is_ultra_restricted": false
        },
        "blocks": [
            {
                "type": "rich_text",
                "block_id": "I2kn",
                "elements": [
                    {
                        "type": "rich_text_section",
                        "elements": [
                            {
                                "type": "text",
                                "text": "same as it's always been"
                            }
                        ]
                    }
                ]
            }
        ]
    },
    {
        "client_msg_id": "96df0c47-f485-4a29-8ee5-4fec39d40810",
        "type": "message",
        "text": "?zoomcall",
        "user": "U0193D42LHJ",
        "ts": "1604441647.006500",
        "team": "TCR2U6UEM",
        "user_team": "TCR2U6UEM",
        "source_team": "TCR2U6UEM",
        "user_profile": {
            "avatar_hash": "ac92a4993882",
            "image_72": "https:\/\/avatars.slack-edge.com\/2020-09-18\/1380577414884_ac92a4993882a5db4876_72.png",
            "first_name": "Elliot",
            "real_name": "Elliot Schmidt",
            "display_name": "Elliot",
            "team": "TCR2U6UEM",
            "name": "elliotschmidt2002",
            "is_restricted": false,
            "is_ultra_restricted": false
        },
        "blocks": [
            {
                "type": "rich_text",
                "block_id": "0DM",
                "elements": [
                    {
                        "type": "rich_text_section",
                        "elements": [
                            {
                                "type": "text",
                                "text": "?zoomcall"
                            }
                        ]
                    }
                ]
            }
        ]
    },
    {
        "type": "message",
        "subtype": "slackbot_response",
        "text": "<https:\/\/iowacityschools-org.zoom.us\/j\/92666092070>",
        "user": "USLACKBOT",
        "ts": "1604441647.006600"
    },
    {
        "client_msg_id": "b51e3f03-c6e1-4cbd-99f9-a812dac1862c",
        "type": "message",
        "text": "<!everyone> here's the zoom link for tomorrow's student senate meeting at which club grants will be discussed and potentially voted on: <https:\/\/iowacityschools-org.zoom.us\/j\/97730372502>",
        "user": "U018GF7AFJB",
        "ts": "1604455433.007600",
        "team": "TCR2U6UEM",
        "user_team": "TCR2U6UEM",
        "source_team": "TCR2U6UEM",
        "user_profile": {
            "avatar_hash": "c31861bbc361",
            "image_72": "https:\/\/avatars.slack-edge.com\/2020-08-16\/1316598132593_c31861bbc3618c961c77_72.jpg",
            "first_name": "",
            "real_name": "Nolan Vibhakar",
            "display_name": "Nolan Vibhakar",
            "team": "TCR2U6UEM",
            "name": "novib21",
            "is_restricted": false,
            "is_ultra_restricted": false
        },
        "blocks": [
            {
                "type": "rich_text",
                "block_id": "MH=bg",
                "elements": [
                    {
                        "type": "rich_text_section",
                        "elements": [
                            {
                                "type": "broadcast",
                                "range": "everyone"
                            },
                            {
                                "type": "text",
                                "text": " here's the zoom link for tomorrow's student senate meeting at which club grants will be discussed and potentially voted on: "
                            },
                            {
                                "type": "link",
                                "url": "https:\/\/iowacityschools-org.zoom.us\/j\/97730372502"
                            }
                        ]
                    }
                ]
            }
        ]
    },
    {
        "client_msg_id": "d6c1ff02-c85f-4faf-91c8-b02013c03e74",
        "type": "message",
        "text": "meeting will be at 8:15, feel free to stop by to help the team get our grant approved",
        "user": "U018GF7AFJB",
        "ts": "1604455473.008500",
        "team": "TCR2U6UEM",
        "user_team": "TCR2U6UEM",
        "source_team": "TCR2U6UEM",
        "user_profile": {
            "avatar_hash": "c31861bbc361",
            "image_72": "https:\/\/avatars.slack-edge.com\/2020-08-16\/1316598132593_c31861bbc3618c961c77_72.jpg",
            "first_name": "",
            "real_name": "Nolan Vibhakar",
            "display_name": "Nolan Vibhakar",
            "team": "TCR2U6UEM",
            "name": "novib21",
            "is_restricted": false,
            "is_ultra_restricted": false
        },
        "blocks": [
            {
                "type": "rich_text",
                "block_id": "1mjFp",
                "elements": [
                    {
                        "type": "rich_text_section",
                        "elements": [
                            {
                                "type": "text",
                                "text": "meeting will be at 8:15, feel free to stop by to help the team get our grant approved"
                            }
                        ]
                    }
                ]
            }
        ]
    },
    {
        "client_msg_id": "d45c6af5-1c8e-4f03-be60-0e67d738e21e",
        "type": "message",
        "text": "Nolan do you want to meet a little earlier and make a plan on what to talk about",
        "user": "U016G7WR3KJ",
        "ts": "1604455544.009600",
        "team": "TCR2U6UEM",
        "user_team": "TCR2U6UEM",
        "source_team": "TCR2U6UEM",
        "user_profile": {
            "avatar_hash": "bbe6b64d1e6f",
            "image_72": "https:\/\/avatars.slack-edge.com\/2020-09-12\/1359637227778_bbe6b64d1e6f191982dd_72.jpg",
            "first_name": "Robbie",
            "real_name": "Robbie Thibodeau",
            "display_name": "Robbie Thibodeau",
            "team": "TCR2U6UEM",
            "name": "rgtthibodeau",
            "is_restricted": false,
            "is_ultra_restricted": false
        },
        "blocks": [
            {
                "type": "rich_text",
                "block_id": "5Xj",
                "elements": [
                    {
                        "type": "rich_text_section",
                        "elements": [
                            {
                                "type": "text",
                                "text": "Nolan do you want to meet a little earlier and make a plan on what to talk about"
                            }
                        ]
                    }
                ]
            }
        ]
    },
    {
        "client_msg_id": "96850a80-8bb3-4d1c-832b-e6c6dc343b0a",
        "type": "message",
        "text": "I mean, I feel like we already know what to talk about",
        "user": "U018GF7AFJB",
        "ts": "1604455567.010100",
        "team": "TCR2U6UEM",
        "user_team": "TCR2U6UEM",
        "source_team": "TCR2U6UEM",
        "user_profile": {
            "avatar_hash": "c31861bbc361",
            "image_72": "https:\/\/avatars.slack-edge.com\/2020-08-16\/1316598132593_c31861bbc3618c961c77_72.jpg",
            "first_name": "",
            "real_name": "Nolan Vibhakar",
            "display_name": "Nolan Vibhakar",
            "team": "TCR2U6UEM",
            "name": "novib21",
            "is_restricted": false,
            "is_ultra_restricted": false
        },
        "blocks": [
            {
                "type": "rich_text",
                "block_id": "+66D",
                "elements": [
                    {
                        "type": "rich_text_section",
                        "elements": [
                            {
                                "type": "text",
                                "text": "I mean, I feel like we already know what to talk about"
                            }
                        ]
                    }
                ]
            }
        ]
    },
    {
        "client_msg_id": "b36c13d8-b3a5-446c-a34f-57123dba54b1",
        "type": "message",
        "text": "K",
        "user": "U016G7WR3KJ",
        "ts": "1604455591.011000",
        "team": "TCR2U6UEM",
        "user_team": "TCR2U6UEM",
        "source_team": "TCR2U6UEM",
        "user_profile": {
            "avatar_hash": "bbe6b64d1e6f",
            "image_72": "https:\/\/avatars.slack-edge.com\/2020-09-12\/1359637227778_bbe6b64d1e6f191982dd_72.jpg",
            "first_name": "Robbie",
            "real_name": "Robbie Thibodeau",
            "display_name": "Robbie Thibodeau",
            "team": "TCR2U6UEM",
            "name": "rgtthibodeau",
            "is_restricted": false,
            "is_ultra_restricted": false
        },
        "blocks": [
            {
                "type": "rich_text",
                "block_id": "HA4",
                "elements": [
                    {
                        "type": "rich_text_section",
                        "elements": [
                            {
                                "type": "text",
                                "text": "K"
                            }
                        ]
                    }
                ]
            }
        ]
    },
    {
        "client_msg_id": "42de1903-9539-44a4-81f1-26ff61e3a435",
        "type": "message",
        "text": "I dont know if they'll ask us to present or anything, but I think we just need to hammer home the point that we are operating on a highly reduced budget this year and that the technology is rapidly adapting and we need new parts",
        "user": "U018GF7AFJB",
        "ts": "1604455642.012300",
        "team": "TCR2U6UEM",
        "user_team": "TCR2U6UEM",
        "source_team": "TCR2U6UEM",
        "user_profile": {
            "avatar_hash": "c31861bbc361",
            "image_72": "https:\/\/avatars.slack-edge.com\/2020-08-16\/1316598132593_c31861bbc3618c961c77_72.jpg",
            "first_name": "",
            "real_name": "Nolan Vibhakar",
            "display_name": "Nolan Vibhakar",
            "team": "TCR2U6UEM",
            "name": "novib21",
            "is_restricted": false,
            "is_ultra_restricted": false
        },
        "blocks": [
            {
                "type": "rich_text",
                "block_id": "Ljt",
                "elements": [
                    {
                        "type": "rich_text_section",
                        "elements": [
                            {
                                "type": "text",
                                "text": "I dont know if they'll ask us to present or anything, but I think we just need to hammer home the point that we are operating on a highly reduced budget this year and that the technology is rapidly adapting and we need new parts"
                            }
                        ]
                    }
                ]
            }
        ],
        "reactions": [
            {
                "name": "watermelon",
                "users": [
                    "U018URES8KV",
                    "U01ADEF18N6"
                ],
                "count": 2
            },
            {
                "name": "stonks",
                "users": [
                    "U018URES8KV"
                ],
                "count": 1
            }
        ]
    },
    {
        "client_msg_id": "f07c1333-b211-438b-ab35-14f5dc299ca0",
        "type": "message",
        "text": "I might try to join but I've also got a kirkwood class",
        "user": "U010DDZ3FJR",
        "ts": "1604463595.013000",
        "team": "TCR2U6UEM",
        "user_team": "TCR2U6UEM",
        "source_team": "TCR2U6UEM",
        "user_profile": {
            "avatar_hash": "fda0a36a8605",
            "image_72": "https:\/\/avatars.slack-edge.com\/2020-09-18\/1386993799393_fda0a36a86053c692b20_72.jpg",
            "first_name": "Luke",
            "real_name": "Luke Aschenbrenner",
            "display_name": "Luke Aschenbrenner",
            "team": "TCR2U6UEM",
            "name": "ashbren21",
            "is_restricted": false,
            "is_ultra_restricted": false
        },
        "blocks": [
            {
                "type": "rich_text",
                "block_id": "dNY8",
                "elements": [
                    {
                        "type": "rich_text_section",
                        "elements": [
                            {
                                "type": "text",
                                "text": "I might try to join but I've also got a kirkwood class"
                            }
                        ]
                    }
                ]
            }
        ]
    }
]