[
    {
        "client_msg_id": "a6d134c5-69b9-4724-968d-9b700a19f865",
        "type": "message",
        "text": "Do we need some 1\" white tape for the game setup",
        "user": "U010DDZ3FJR",
        "ts": "1605544420.000300",
        "team": "TCR2U6UEM",
        "user_team": "TCR2U6UEM",
        "source_team": "TCR2U6UEM",
        "user_profile": {
            "avatar_hash": "fda0a36a8605",
            "image_72": "https:\/\/avatars.slack-edge.com\/2020-09-18\/1386993799393_fda0a36a86053c692b20_72.jpg",
            "first_name": "Luke",
            "real_name": "Luke Aschenbrenner",
            "display_name": "Luke Aschenbrenner",
            "team": "TCR2U6UEM",
            "name": "ashbren21",
            "is_restricted": false,
            "is_ultra_restricted": false
        },
        "blocks": [
            {
                "type": "rich_text",
                "block_id": "LQi",
                "elements": [
                    {
                        "type": "rich_text_section",
                        "elements": [
                            {
                                "type": "text",
                                "text": "Do we need some 1\" white tape for the game setup"
                            }
                        ]
                    }
                ]
            }
        ]
    },
    {
        "client_msg_id": "856aa03e-2a14-46f5-80be-65fd26641b89",
        "type": "message",
        "text": "We need to order ASAP so please advise Mons",
        "user": "U010DDZ3FJR",
        "ts": "1605544431.000800",
        "team": "TCR2U6UEM",
        "user_team": "TCR2U6UEM",
        "source_team": "TCR2U6UEM",
        "user_profile": {
            "avatar_hash": "fda0a36a8605",
            "image_72": "https:\/\/avatars.slack-edge.com\/2020-09-18\/1386993799393_fda0a36a86053c692b20_72.jpg",
            "first_name": "Luke",
            "real_name": "Luke Aschenbrenner",
            "display_name": "Luke Aschenbrenner",
            "team": "TCR2U6UEM",
            "name": "ashbren21",
            "is_restricted": false,
            "is_ultra_restricted": false
        },
        "blocks": [
            {
                "type": "rich_text",
                "block_id": "U51u",
                "elements": [
                    {
                        "type": "rich_text_section",
                        "elements": [
                            {
                                "type": "text",
                                "text": "We need to order ASAP so please advise Mons"
                            }
                        ]
                    }
                ]
            }
        ]
    },
    {
        "client_msg_id": "bd96a92c-531d-4998-a7a3-547c78ddaa65",
        "type": "message",
        "text": "Yes",
        "user": "U016G7WR3KJ",
        "ts": "1605544448.001100",
        "team": "TCR2U6UEM",
        "user_team": "TCR2U6UEM",
        "source_team": "TCR2U6UEM",
        "user_profile": {
            "avatar_hash": "bbe6b64d1e6f",
            "image_72": "https:\/\/avatars.slack-edge.com\/2020-09-12\/1359637227778_bbe6b64d1e6f191982dd_72.jpg",
            "first_name": "Robbie",
            "real_name": "Robbie Thibodeau",
            "display_name": "Robbie Thibodeau",
            "team": "TCR2U6UEM",
            "name": "rgtthibodeau",
            "is_restricted": false,
            "is_ultra_restricted": false
        },
        "blocks": [
            {
                "type": "rich_text",
                "block_id": "nDS0Z",
                "elements": [
                    {
                        "type": "rich_text_section",
                        "elements": [
                            {
                                "type": "text",
                                "text": "Yes"
                            }
                        ]
                    }
                ]
            }
        ]
    },
    {
        "client_msg_id": "3921C956-A221-42C5-9472-E70721B8340D",
        "type": "message",
        "text": "We’ve told her",
        "user": "U018X7N6MMG",
        "ts": "1605544449.001200",
        "team": "TCR2U6UEM",
        "user_team": "TCR2U6UEM",
        "source_team": "TCR2U6UEM",
        "user_profile": {
            "avatar_hash": "ba89825d3b7b",
            "image_72": "https:\/\/avatars.slack-edge.com\/2020-09-11\/1355949232709_ba89825d3b7bcf995dc9_72.png",
            "first_name": "Keith",
            "real_name": "Keith Friestad",
            "display_name": "",
            "team": "TCR2U6UEM",
            "name": "keith.friestad",
            "is_restricted": false,
            "is_ultra_restricted": false
        },
        "blocks": [
            {
                "type": "rich_text",
                "block_id": "yCcs",
                "elements": [
                    {
                        "type": "rich_text_section",
                        "elements": [
                            {
                                "type": "text",
                                "text": "We’ve told her"
                            }
                        ]
                    }
                ]
            }
        ]
    },
    {
        "client_msg_id": "2767fa72-21be-41c0-adfd-cdbf81ebae12",
        "type": "message",
        "text": "Sweet",
        "user": "U010DDZ3FJR",
        "ts": "1605550537.001400",
        "team": "TCR2U6UEM",
        "user_team": "TCR2U6UEM",
        "source_team": "TCR2U6UEM",
        "user_profile": {
            "avatar_hash": "fda0a36a8605",
            "image_72": "https:\/\/avatars.slack-edge.com\/2020-09-18\/1386993799393_fda0a36a86053c692b20_72.jpg",
            "first_name": "Luke",
            "real_name": "Luke Aschenbrenner",
            "display_name": "Luke Aschenbrenner",
            "team": "TCR2U6UEM",
            "name": "ashbren21",
            "is_restricted": false,
            "is_ultra_restricted": false
        },
        "blocks": [
            {
                "type": "rich_text",
                "block_id": "FuME",
                "elements": [
                    {
                        "type": "rich_text_section",
                        "elements": [
                            {
                                "type": "text",
                                "text": "Sweet"
                            }
                        ]
                    }
                ]
            }
        ]
    },
    {
        "client_msg_id": "3c68c60c-9f4f-4b95-93d4-32dcc9043b6c",
        "type": "message",
        "text": "Check you email!!! News reporter from Channel 7 wants to do a story about how you folks are building and coding a bot with school shut down!",
        "user": "U018XDQ8DBM",
        "ts": "1605559599.002100",
        "team": "TCR2U6UEM",
        "user_team": "TCR2U6UEM",
        "source_team": "TCR2U6UEM",
        "user_profile": {
            "avatar_hash": "1704adb271e0",
            "image_72": "https:\/\/avatars.slack-edge.com\/2020-08-17\/1298740600854_1704adb271e0def2c769_72.png",
            "first_name": "Christine",
            "real_name": "Christine Mons",
            "display_name": "Mrs. Mons",
            "team": "TCR2U6UEM",
            "name": "mons.christine",
            "is_restricted": false,
            "is_ultra_restricted": false
        },
        "blocks": [
            {
                "type": "rich_text",
                "block_id": "TD4F",
                "elements": [
                    {
                        "type": "rich_text_section",
                        "elements": [
                            {
                                "type": "text",
                                "text": "Check you email!!! News reporter from Channel 7 wants to do a story about how you folks are building and coding a bot with school shut down!"
                            }
                        ]
                    }
                ]
            }
        ]
    },
    {
        "client_msg_id": "07d5e190-90c4-474c-9608-0f1370d7a5ea",
        "type": "message",
        "text": "*your",
        "user": "U018XDQ8DBM",
        "ts": "1605559619.002300",
        "team": "TCR2U6UEM",
        "user_team": "TCR2U6UEM",
        "source_team": "TCR2U6UEM",
        "user_profile": {
            "avatar_hash": "1704adb271e0",
            "image_72": "https:\/\/avatars.slack-edge.com\/2020-08-17\/1298740600854_1704adb271e0def2c769_72.png",
            "first_name": "Christine",
            "real_name": "Christine Mons",
            "display_name": "Mrs. Mons",
            "team": "TCR2U6UEM",
            "name": "mons.christine",
            "is_restricted": false,
            "is_ultra_restricted": false
        },
        "blocks": [
            {
                "type": "rich_text",
                "block_id": "NmgSz",
                "elements": [
                    {
                        "type": "rich_text_section",
                        "elements": [
                            {
                                "type": "text",
                                "text": "*your"
                            }
                        ]
                    }
                ]
            }
        ]
    },
    {
        "client_msg_id": "5684741f-2f41-41aa-912a-08bac00d38ce",
        "type": "message",
        "text": "That's really exciting",
        "user": "U016G7WR3KJ",
        "ts": "1605559647.002900",
        "team": "TCR2U6UEM",
        "user_team": "TCR2U6UEM",
        "source_team": "TCR2U6UEM",
        "user_profile": {
            "avatar_hash": "bbe6b64d1e6f",
            "image_72": "https:\/\/avatars.slack-edge.com\/2020-09-12\/1359637227778_bbe6b64d1e6f191982dd_72.jpg",
            "first_name": "Robbie",
            "real_name": "Robbie Thibodeau",
            "display_name": "Robbie Thibodeau",
            "team": "TCR2U6UEM",
            "name": "rgtthibodeau",
            "is_restricted": false,
            "is_ultra_restricted": false
        },
        "blocks": [
            {
                "type": "rich_text",
                "block_id": "n7U2",
                "elements": [
                    {
                        "type": "rich_text_section",
                        "elements": [
                            {
                                "type": "text",
                                "text": "That's really exciting"
                            }
                        ]
                    }
                ]
            }
        ]
    },
    {
        "client_msg_id": "539ff71a-bd8c-4967-bc3d-ddf76206ef7c",
        "type": "message",
        "text": "Also unrelated, can someone send me the link for the tape you need. I still haven't ordered it. sorry!!!",
        "user": "U018XDQ8DBM",
        "ts": "1605559654.003100",
        "team": "TCR2U6UEM",
        "user_team": "TCR2U6UEM",
        "source_team": "TCR2U6UEM",
        "user_profile": {
            "avatar_hash": "1704adb271e0",
            "image_72": "https:\/\/avatars.slack-edge.com\/2020-08-17\/1298740600854_1704adb271e0def2c769_72.png",
            "first_name": "Christine",
            "real_name": "Christine Mons",
            "display_name": "Mrs. Mons",
            "team": "TCR2U6UEM",
            "name": "mons.christine",
            "is_restricted": false,
            "is_ultra_restricted": false
        },
        "blocks": [
            {
                "type": "rich_text",
                "block_id": "cGo",
                "elements": [
                    {
                        "type": "rich_text_section",
                        "elements": [
                            {
                                "type": "text",
                                "text": "Also unrelated, can someone send me the link for the tape you need. I still haven't ordered it. sorry!!!"
                            }
                        ]
                    }
                ]
            }
        ]
    },
    {
        "client_msg_id": "e6e544c6-12b1-48cc-992c-5f3d319b952f",
        "type": "message",
        "text": "I can do that.",
        "user": "U016G7WR3KJ",
        "ts": "1605559662.003400",
        "team": "TCR2U6UEM",
        "user_team": "TCR2U6UEM",
        "source_team": "TCR2U6UEM",
        "user_profile": {
            "avatar_hash": "bbe6b64d1e6f",
            "image_72": "https:\/\/avatars.slack-edge.com\/2020-09-12\/1359637227778_bbe6b64d1e6f191982dd_72.jpg",
            "first_name": "Robbie",
            "real_name": "Robbie Thibodeau",
            "display_name": "Robbie Thibodeau",
            "team": "TCR2U6UEM",
            "name": "rgtthibodeau",
            "is_restricted": false,
            "is_ultra_restricted": false
        },
        "blocks": [
            {
                "type": "rich_text",
                "block_id": "5\/J",
                "elements": [
                    {
                        "type": "rich_text_section",
                        "elements": [
                            {
                                "type": "text",
                                "text": "I can do that."
                            }
                        ]
                    }
                ]
            }
        ]
    },
    {
        "client_msg_id": "b95d966f-d7da-4e40-ad24-9dc497f486c8",
        "type": "message",
        "text": "Ah, rats. Travis got pulled from our story and assigned something else. Fame is so fleeting. =]",
        "user": "U018XDQ8DBM",
        "ts": "1605560786.003900",
        "team": "TCR2U6UEM",
        "user_team": "TCR2U6UEM",
        "source_team": "TCR2U6UEM",
        "user_profile": {
            "avatar_hash": "1704adb271e0",
            "image_72": "https:\/\/avatars.slack-edge.com\/2020-08-17\/1298740600854_1704adb271e0def2c769_72.png",
            "first_name": "Christine",
            "real_name": "Christine Mons",
            "display_name": "Mrs. Mons",
            "team": "TCR2U6UEM",
            "name": "mons.christine",
            "is_restricted": false,
            "is_ultra_restricted": false
        },
        "blocks": [
            {
                "type": "rich_text",
                "block_id": "lAPGa",
                "elements": [
                    {
                        "type": "rich_text_section",
                        "elements": [
                            {
                                "type": "text",
                                "text": "Ah, rats. Travis got pulled from our story and assigned something else. Fame is so fleeting. =]"
                            }
                        ]
                    }
                ]
            }
        ]
    },
    {
        "client_msg_id": "81772c3e-0a28-4822-a2f7-9450f989bf8f",
        "type": "message",
        "text": "Funny how it only took 18 minutes for him to pull out:joy:",
        "user": "U010DDZ3FJR",
        "ts": "1605560943.004400",
        "team": "TCR2U6UEM",
        "user_team": "TCR2U6UEM",
        "source_team": "TCR2U6UEM",
        "user_profile": {
            "avatar_hash": "fda0a36a8605",
            "image_72": "https:\/\/avatars.slack-edge.com\/2020-09-18\/1386993799393_fda0a36a86053c692b20_72.jpg",
            "first_name": "Luke",
            "real_name": "Luke Aschenbrenner",
            "display_name": "Luke Aschenbrenner",
            "team": "TCR2U6UEM",
            "name": "ashbren21",
            "is_restricted": false,
            "is_ultra_restricted": false
        },
        "blocks": [
            {
                "type": "rich_text",
                "block_id": "1ZMp+",
                "elements": [
                    {
                        "type": "rich_text_section",
                        "elements": [
                            {
                                "type": "text",
                                "text": "Funny how it only took 18 minutes for him to pull out"
                            },
                            {
                                "type": "emoji",
                                "name": "joy"
                            }
                        ]
                    }
                ]
            }
        ]
    },
    {
        "client_msg_id": "9aceaf3a-1793-4341-9f2b-1097f3795fd1",
        "type": "message",
        "text": "Seriously. And I thought we were a bit unorganized sometimes!",
        "user": "U018XDQ8DBM",
        "ts": "1605561612.005000",
        "team": "TCR2U6UEM",
        "user_team": "TCR2U6UEM",
        "source_team": "TCR2U6UEM",
        "user_profile": {
            "avatar_hash": "1704adb271e0",
            "image_72": "https:\/\/avatars.slack-edge.com\/2020-08-17\/1298740600854_1704adb271e0def2c769_72.png",
            "first_name": "Christine",
            "real_name": "Christine Mons",
            "display_name": "Mrs. Mons",
            "team": "TCR2U6UEM",
            "name": "mons.christine",
            "is_restricted": false,
            "is_ultra_restricted": false
        },
        "blocks": [
            {
                "type": "rich_text",
                "block_id": "1BBO",
                "elements": [
                    {
                        "type": "rich_text_section",
                        "elements": [
                            {
                                "type": "text",
                                "text": "Seriously. And I thought we were a bit unorganized sometimes!"
                            }
                        ]
                    }
                ]
            }
        ]
    },
    {
        "client_msg_id": "e1b345dc-9396-44fc-b14c-8a64582234da",
        "type": "message",
        "text": "BTW, the tape is on order.",
        "user": "U018XDQ8DBM",
        "ts": "1605561636.005400",
        "team": "TCR2U6UEM",
        "user_team": "TCR2U6UEM",
        "source_team": "TCR2U6UEM",
        "user_profile": {
            "avatar_hash": "1704adb271e0",
            "image_72": "https:\/\/avatars.slack-edge.com\/2020-08-17\/1298740600854_1704adb271e0def2c769_72.png",
            "first_name": "Christine",
            "real_name": "Christine Mons",
            "display_name": "Mrs. Mons",
            "team": "TCR2U6UEM",
            "name": "mons.christine",
            "is_restricted": false,
            "is_ultra_restricted": false
        },
        "blocks": [
            {
                "type": "rich_text",
                "block_id": "xnxD",
                "elements": [
                    {
                        "type": "rich_text_section",
                        "elements": [
                            {
                                "type": "text",
                                "text": "BTW, the tape is on order."
                            }
                        ]
                    }
                ]
            }
        ],
        "reactions": [
            {
                "name": "+1",
                "users": [
                    "U010DDZ3FJR",
                    "U016G7WR3KJ",
                    "U018URES8KV"
                ],
                "count": 3
            },
            {
                "name": "stonks",
                "users": [
                    "U018URES8KV",
                    "U018QFKN44W"
                ],
                "count": 2
            }
        ]
    },
    {
        "client_msg_id": "3832efba-ab49-4e02-8ada-bf1165267ac7",
        "type": "message",
        "text": "<@U016G7WR3KJ> any news on the tax stuff",
        "user": "U0193D42LHJ",
        "ts": "1605570502.006300",
        "team": "TCR2U6UEM",
        "user_team": "TCR2U6UEM",
        "source_team": "TCR2U6UEM",
        "user_profile": {
            "avatar_hash": "ac92a4993882",
            "image_72": "https:\/\/avatars.slack-edge.com\/2020-09-18\/1380577414884_ac92a4993882a5db4876_72.png",
            "first_name": "Elliot",
            "real_name": "Elliot Schmidt",
            "display_name": "Elliot",
            "team": "TCR2U6UEM",
            "name": "elliotschmidt2002",
            "is_restricted": false,
            "is_ultra_restricted": false
        },
        "blocks": [
            {
                "type": "rich_text",
                "block_id": "5Q3",
                "elements": [
                    {
                        "type": "rich_text_section",
                        "elements": [
                            {
                                "type": "user",
                                "user_id": "U016G7WR3KJ"
                            },
                            {
                                "type": "text",
                                "text": " any news on the tax stuff"
                            }
                        ]
                    }
                ]
            }
        ]
    },
    {
        "client_msg_id": "5FC5D37C-1FB3-4331-9582-B35184E477D4",
        "type": "message",
        "text": "Ok ok ",
        "user": "U018QFKN44W",
        "ts": "1605572585.006600",
        "team": "TCR2U6UEM",
        "user_team": "TCR2U6UEM",
        "source_team": "TCR2U6UEM",
        "user_profile": {
            "avatar_hash": "032f80dfd458",
            "image_72": "https:\/\/avatars.slack-edge.com\/2020-09-11\/1371096170705_032f80dfd458ccdaccbe_72.png",
            "first_name": "Cecilia",
            "real_name": "Cecilia Clark",
            "display_name": "Ceci",
            "team": "TCR2U6UEM",
            "name": "cecla22",
            "is_restricted": false,
            "is_ultra_restricted": false
        },
        "blocks": [
            {
                "type": "rich_text",
                "block_id": "Gd=T",
                "elements": [
                    {
                        "type": "rich_text_section",
                        "elements": [
                            {
                                "type": "text",
                                "text": "Ok ok "
                            }
                        ]
                    }
                ]
            }
        ]
    },
    {
        "client_msg_id": "FAAA35FC-E248-4FF1-8C2A-6E919DF26126",
        "type": "message",
        "text": "Hear me out ",
        "user": "U018QFKN44W",
        "ts": "1605572589.006800",
        "team": "TCR2U6UEM",
        "user_team": "TCR2U6UEM",
        "source_team": "TCR2U6UEM",
        "user_profile": {
            "avatar_hash": "032f80dfd458",
            "image_72": "https:\/\/avatars.slack-edge.com\/2020-09-11\/1371096170705_032f80dfd458ccdaccbe_72.png",
            "first_name": "Cecilia",
            "real_name": "Cecilia Clark",
            "display_name": "Ceci",
            "team": "TCR2U6UEM",
            "name": "cecla22",
            "is_restricted": false,
            "is_ultra_restricted": false
        },
        "blocks": [
            {
                "type": "rich_text",
                "block_id": "bxc",
                "elements": [
                    {
                        "type": "rich_text_section",
                        "elements": [
                            {
                                "type": "text",
                                "text": "Hear me out "
                            }
                        ]
                    }
                ]
            }
        ]
    },
    {
        "client_msg_id": "6A2C5406-68CA-4975-A705-F47B541856F2",
        "type": "message",
        "text": "What if we got a button press ",
        "user": "U018QFKN44W",
        "ts": "1605572597.007200",
        "team": "TCR2U6UEM",
        "user_team": "TCR2U6UEM",
        "source_team": "TCR2U6UEM",
        "user_profile": {
            "avatar_hash": "032f80dfd458",
            "image_72": "https:\/\/avatars.slack-edge.com\/2020-09-11\/1371096170705_032f80dfd458ccdaccbe_72.png",
            "first_name": "Cecilia",
            "real_name": "Cecilia Clark",
            "display_name": "Ceci",
            "team": "TCR2U6UEM",
            "name": "cecla22",
            "is_restricted": false,
            "is_ultra_restricted": false
        },
        "blocks": [
            {
                "type": "rich_text",
                "block_id": "Zuds",
                "elements": [
                    {
                        "type": "rich_text_section",
                        "elements": [
                            {
                                "type": "text",
                                "text": "What if we got a button press "
                            }
                        ]
                    }
                ]
            }
        ]
    },
    {
        "client_msg_id": "4EEAA8B5-4717-4D13-A179-7D316CF2792D",
        "type": "message",
        "text": "So we could make our own buttons and designs ",
        "user": "U018QFKN44W",
        "ts": "1605572617.007800",
        "team": "TCR2U6UEM",
        "user_team": "TCR2U6UEM",
        "source_team": "TCR2U6UEM",
        "user_profile": {
            "avatar_hash": "032f80dfd458",
            "image_72": "https:\/\/avatars.slack-edge.com\/2020-09-11\/1371096170705_032f80dfd458ccdaccbe_72.png",
            "first_name": "Cecilia",
            "real_name": "Cecilia Clark",
            "display_name": "Ceci",
            "team": "TCR2U6UEM",
            "name": "cecla22",
            "is_restricted": false,
            "is_ultra_restricted": false
        },
        "blocks": [
            {
                "type": "rich_text",
                "block_id": "P7w",
                "elements": [
                    {
                        "type": "rich_text_section",
                        "elements": [
                            {
                                "type": "text",
                                "text": "So we could make our own buttons and designs "
                            }
                        ]
                    }
                ]
            }
        ]
    },
    {
        "client_msg_id": "f2b59fd8-e0a4-4b55-82df-eff3d4e6a7c9",
        "type": "message",
        "text": "The tax document I tried did not work",
        "user": "U016G7WR3KJ",
        "ts": "1605572628.008600",
        "team": "TCR2U6UEM",
        "user_team": "TCR2U6UEM",
        "source_team": "TCR2U6UEM",
        "user_profile": {
            "avatar_hash": "bbe6b64d1e6f",
            "image_72": "https:\/\/avatars.slack-edge.com\/2020-09-12\/1359637227778_bbe6b64d1e6f191982dd_72.jpg",
            "first_name": "Robbie",
            "real_name": "Robbie Thibodeau",
            "display_name": "Robbie Thibodeau",
            "team": "TCR2U6UEM",
            "name": "rgtthibodeau",
            "is_restricted": false,
            "is_ultra_restricted": false
        },
        "blocks": [
            {
                "type": "rich_text",
                "block_id": "y6Ik",
                "elements": [
                    {
                        "type": "rich_text_section",
                        "elements": [
                            {
                                "type": "text",
                                "text": "The tax document I tried did not work"
                            }
                        ]
                    }
                ]
            }
        ]
    },
    {
        "client_msg_id": "b66b258c-f868-4a9c-808b-fd08f59eb2c4",
        "type": "message",
        "text": "So I will have to talk to someone else at the district",
        "user": "U016G7WR3KJ",
        "ts": "1605572644.009600",
        "team": "TCR2U6UEM",
        "user_team": "TCR2U6UEM",
        "source_team": "TCR2U6UEM",
        "user_profile": {
            "avatar_hash": "bbe6b64d1e6f",
            "image_72": "https:\/\/avatars.slack-edge.com\/2020-09-12\/1359637227778_bbe6b64d1e6f191982dd_72.jpg",
            "first_name": "Robbie",
            "real_name": "Robbie Thibodeau",
            "display_name": "Robbie Thibodeau",
            "team": "TCR2U6UEM",
            "name": "rgtthibodeau",
            "is_restricted": false,
            "is_ultra_restricted": false
        },
        "blocks": [
            {
                "type": "rich_text",
                "block_id": "zJLd=",
                "elements": [
                    {
                        "type": "rich_text_section",
                        "elements": [
                            {
                                "type": "text",
                                "text": "So I will have to talk to someone else at the district"
                            }
                        ]
                    }
                ]
            }
        ]
    },
    {
        "client_msg_id": "6570A81B-10BA-4184-9342-59C7C8F4AF9F",
        "type": "message",
        "text": "They are a lot more movable than stickers and over time if we pressed them ourselves we’d save a lot of money",
        "user": "U018QFKN44W",
        "ts": "1605572653.009900",
        "team": "TCR2U6UEM",
        "user_team": "TCR2U6UEM",
        "source_team": "TCR2U6UEM",
        "user_profile": {
            "avatar_hash": "032f80dfd458",
            "image_72": "https:\/\/avatars.slack-edge.com\/2020-09-11\/1371096170705_032f80dfd458ccdaccbe_72.png",
            "first_name": "Cecilia",
            "real_name": "Cecilia Clark",
            "display_name": "Ceci",
            "team": "TCR2U6UEM",
            "name": "cecla22",
            "is_restricted": false,
            "is_ultra_restricted": false
        },
        "blocks": [
            {
                "type": "rich_text",
                "block_id": "lBNW",
                "elements": [
                    {
                        "type": "rich_text_section",
                        "elements": [
                            {
                                "type": "text",
                                "text": "They are a lot more movable than stickers and over time if we pressed them ourselves we’d save a lot of money"
                            }
                        ]
                    }
                ]
            }
        ]
    },
    {
        "client_msg_id": "93c48def-44f5-4f35-856d-d6c77b11a55c",
        "type": "message",
        "text": "I think that's a good idea",
        "user": "U016G7WR3KJ",
        "ts": "1605572686.010000",
        "team": "TCR2U6UEM",
        "user_team": "TCR2U6UEM",
        "source_team": "TCR2U6UEM",
        "user_profile": {
            "avatar_hash": "bbe6b64d1e6f",
            "image_72": "https:\/\/avatars.slack-edge.com\/2020-09-12\/1359637227778_bbe6b64d1e6f191982dd_72.jpg",
            "first_name": "Robbie",
            "real_name": "Robbie Thibodeau",
            "display_name": "Robbie Thibodeau",
            "team": "TCR2U6UEM",
            "name": "rgtthibodeau",
            "is_restricted": false,
            "is_ultra_restricted": false
        },
        "blocks": [
            {
                "type": "rich_text",
                "block_id": "ZkE5",
                "elements": [
                    {
                        "type": "rich_text_section",
                        "elements": [
                            {
                                "type": "text",
                                "text": "I think that's a good idea"
                            }
                        ]
                    }
                ]
            }
        ]
    },
    {
        "client_msg_id": "D2C24F41-95DB-4587-85CF-9608F7BF594E",
        "type": "message",
        "text": "The only issue is an actual good one that would last more than a year is like 300 ",
        "user": "U018QFKN44W",
        "ts": "1605572762.010900",
        "team": "TCR2U6UEM",
        "user_team": "TCR2U6UEM",
        "source_team": "TCR2U6UEM",
        "user_profile": {
            "avatar_hash": "032f80dfd458",
            "image_72": "https:\/\/avatars.slack-edge.com\/2020-09-11\/1371096170705_032f80dfd458ccdaccbe_72.png",
            "first_name": "Cecilia",
            "real_name": "Cecilia Clark",
            "display_name": "Ceci",
            "team": "TCR2U6UEM",
            "name": "cecla22",
            "is_restricted": false,
            "is_ultra_restricted": false
        },
        "blocks": [
            {
                "type": "rich_text",
                "block_id": "T=UsC",
                "elements": [
                    {
                        "type": "rich_text_section",
                        "elements": [
                            {
                                "type": "text",
                                "text": "The only issue is an actual good one that would last more than a year is like 300 "
                            }
                        ]
                    }
                ]
            }
        ]
    },
    {
        "client_msg_id": "8C60B17D-F50B-4BFB-BB97-71D04C6EA005",
        "type": "message",
        "text": "But I know this person selling a used one for 225",
        "user": "U018QFKN44W",
        "ts": "1605572773.011300",
        "team": "TCR2U6UEM",
        "user_team": "TCR2U6UEM",
        "source_team": "TCR2U6UEM",
        "user_profile": {
            "avatar_hash": "032f80dfd458",
            "image_72": "https:\/\/avatars.slack-edge.com\/2020-09-11\/1371096170705_032f80dfd458ccdaccbe_72.png",
            "first_name": "Cecilia",
            "real_name": "Cecilia Clark",
            "display_name": "Ceci",
            "team": "TCR2U6UEM",
            "name": "cecla22",
            "is_restricted": false,
            "is_ultra_restricted": false
        },
        "blocks": [
            {
                "type": "rich_text",
                "block_id": "WVG",
                "elements": [
                    {
                        "type": "rich_text_section",
                        "elements": [
                            {
                                "type": "text",
                                "text": "But I know this person selling a used one for 225"
                            }
                        ]
                    }
                ]
            }
        ]
    },
    {
        "client_msg_id": "c68acd0a-9c5a-41a8-8ae6-5823febcc345",
        "type": "message",
        "text": "Doea the school ha vee one?",
        "user": "U016G7WR3KJ",
        "ts": "1605572795.011700",
        "team": "TCR2U6UEM",
        "user_team": "TCR2U6UEM",
        "source_team": "TCR2U6UEM",
        "user_profile": {
            "avatar_hash": "bbe6b64d1e6f",
            "image_72": "https:\/\/avatars.slack-edge.com\/2020-09-12\/1359637227778_bbe6b64d1e6f191982dd_72.jpg",
            "first_name": "Robbie",
            "real_name": "Robbie Thibodeau",
            "display_name": "Robbie Thibodeau",
            "team": "TCR2U6UEM",
            "name": "rgtthibodeau",
            "is_restricted": false,
            "is_ultra_restricted": false
        },
        "blocks": [
            {
                "type": "rich_text",
                "block_id": "L+9m",
                "elements": [
                    {
                        "type": "rich_text_section",
                        "elements": [
                            {
                                "type": "text",
                                "text": "Doea the school ha vee one?"
                            }
                        ]
                    }
                ]
            }
        ]
    },
    {
        "client_msg_id": "6116C7A6-8362-4667-B592-84D9CD396D14",
        "type": "message",
        "text": "We should ask ",
        "user": "U018QFKN44W",
        "ts": "1605572804.011900",
        "team": "TCR2U6UEM",
        "user_team": "TCR2U6UEM",
        "source_team": "TCR2U6UEM",
        "user_profile": {
            "avatar_hash": "032f80dfd458",
            "image_72": "https:\/\/avatars.slack-edge.com\/2020-09-11\/1371096170705_032f80dfd458ccdaccbe_72.png",
            "first_name": "Cecilia",
            "real_name": "Cecilia Clark",
            "display_name": "Ceci",
            "team": "TCR2U6UEM",
            "name": "cecla22",
            "is_restricted": false,
            "is_ultra_restricted": false
        },
        "blocks": [
            {
                "type": "rich_text",
                "block_id": "UJhk",
                "elements": [
                    {
                        "type": "rich_text_section",
                        "elements": [
                            {
                                "type": "text",
                                "text": "We should ask "
                            }
                        ]
                    }
                ]
            }
        ]
    },
    {
        "client_msg_id": "4BCD7F0A-68A8-4F3B-B25C-D7097D288A7F",
        "type": "message",
        "text": "I know south east has one but it’s shit ",
        "user": "U018QFKN44W",
        "ts": "1605572819.012400",
        "team": "TCR2U6UEM",
        "user_team": "TCR2U6UEM",
        "source_team": "TCR2U6UEM",
        "user_profile": {
            "avatar_hash": "032f80dfd458",
            "image_72": "https:\/\/avatars.slack-edge.com\/2020-09-11\/1371096170705_032f80dfd458ccdaccbe_72.png",
            "first_name": "Cecilia",
            "real_name": "Cecilia Clark",
            "display_name": "Ceci",
            "team": "TCR2U6UEM",
            "name": "cecla22",
            "is_restricted": false,
            "is_ultra_restricted": false
        },
        "blocks": [
            {
                "type": "rich_text",
                "block_id": "VP3q",
                "elements": [
                    {
                        "type": "rich_text_section",
                        "elements": [
                            {
                                "type": "text",
                                "text": "I know south east has one but it’s shit "
                            }
                        ]
                    }
                ]
            }
        ]
    },
    {
        "client_msg_id": "12cfd1e1-1896-4eec-b9c2-d1cc164cb4c3",
        "type": "message",
        "text": "Yep, I remeber that one",
        "user": "U016G7WR3KJ",
        "ts": "1605572835.012700",
        "team": "TCR2U6UEM",
        "user_team": "TCR2U6UEM",
        "source_team": "TCR2U6UEM",
        "user_profile": {
            "avatar_hash": "bbe6b64d1e6f",
            "image_72": "https:\/\/avatars.slack-edge.com\/2020-09-12\/1359637227778_bbe6b64d1e6f191982dd_72.jpg",
            "first_name": "Robbie",
            "real_name": "Robbie Thibodeau",
            "display_name": "Robbie Thibodeau",
            "team": "TCR2U6UEM",
            "name": "rgtthibodeau",
            "is_restricted": false,
            "is_ultra_restricted": false
        },
        "blocks": [
            {
                "type": "rich_text",
                "block_id": "bNfb",
                "elements": [
                    {
                        "type": "rich_text_section",
                        "elements": [
                            {
                                "type": "text",
                                "text": "Yep, I remeber that one"
                            }
                        ]
                    }
                ]
            }
        ]
    },
    {
        "client_msg_id": "1F9672EF-4C79-4EF3-A51D-DE983C9AA217",
        "type": "message",
        "text": "How do we ask the school? ",
        "user": "U018QFKN44W",
        "ts": "1605572879.013000",
        "team": "TCR2U6UEM",
        "user_team": "TCR2U6UEM",
        "source_team": "TCR2U6UEM",
        "user_profile": {
            "avatar_hash": "032f80dfd458",
            "image_72": "https:\/\/avatars.slack-edge.com\/2020-09-11\/1371096170705_032f80dfd458ccdaccbe_72.png",
            "first_name": "Cecilia",
            "real_name": "Cecilia Clark",
            "display_name": "Ceci",
            "team": "TCR2U6UEM",
            "name": "cecla22",
            "is_restricted": false,
            "is_ultra_restricted": false
        },
        "blocks": [
            {
                "type": "rich_text",
                "block_id": "qsA",
                "elements": [
                    {
                        "type": "rich_text_section",
                        "elements": [
                            {
                                "type": "text",
                                "text": "How do we ask the school? "
                            }
                        ]
                    }
                ]
            }
        ]
    },
    {
        "client_msg_id": "eb0d5d2e-a9ee-45e1-b78b-ade94c3d3deb",
        "type": "message",
        "text": "You are the art one",
        "user": "U016G7WR3KJ",
        "ts": "1605572901.013400",
        "team": "TCR2U6UEM",
        "user_team": "TCR2U6UEM",
        "source_team": "TCR2U6UEM",
        "user_profile": {
            "avatar_hash": "bbe6b64d1e6f",
            "image_72": "https:\/\/avatars.slack-edge.com\/2020-09-12\/1359637227778_bbe6b64d1e6f191982dd_72.jpg",
            "first_name": "Robbie",
            "real_name": "Robbie Thibodeau",
            "display_name": "Robbie Thibodeau",
            "team": "TCR2U6UEM",
            "name": "rgtthibodeau",
            "is_restricted": false,
            "is_ultra_restricted": false
        },
        "blocks": [
            {
                "type": "rich_text",
                "block_id": "eTh",
                "elements": [
                    {
                        "type": "rich_text_section",
                        "elements": [
                            {
                                "type": "text",
                                "text": "You are the art one"
                            }
                        ]
                    }
                ]
            }
        ]
    },
    {
        "client_msg_id": "B2B430E2-D7F2-4243-8714-7942A0B2E731",
        "type": "message",
        "text": "OH YEA",
        "user": "U018QFKN44W",
        "ts": "1605573111.013700",
        "team": "TCR2U6UEM",
        "user_team": "TCR2U6UEM",
        "source_team": "TCR2U6UEM",
        "user_profile": {
            "avatar_hash": "032f80dfd458",
            "image_72": "https:\/\/avatars.slack-edge.com\/2020-09-11\/1371096170705_032f80dfd458ccdaccbe_72.png",
            "first_name": "Cecilia",
            "real_name": "Cecilia Clark",
            "display_name": "Ceci",
            "team": "TCR2U6UEM",
            "name": "cecla22",
            "is_restricted": false,
            "is_ultra_restricted": false
        },
        "blocks": [
            {
                "type": "rich_text",
                "block_id": "XNUP",
                "elements": [
                    {
                        "type": "rich_text_section",
                        "elements": [
                            {
                                "type": "text",
                                "text": "OH YEA"
                            }
                        ]
                    }
                ]
            }
        ]
    },
    {
        "client_msg_id": "b811d6d4-f230-4e88-bd7d-7a3542468894",
        "type": "message",
        "text": "we could, hear me out, make one",
        "user": "U0193D42LHJ",
        "ts": "1605573791.014100",
        "team": "TCR2U6UEM",
        "user_team": "TCR2U6UEM",
        "source_team": "TCR2U6UEM",
        "user_profile": {
            "avatar_hash": "ac92a4993882",
            "image_72": "https:\/\/avatars.slack-edge.com\/2020-09-18\/1380577414884_ac92a4993882a5db4876_72.png",
            "first_name": "Elliot",
            "real_name": "Elliot Schmidt",
            "display_name": "Elliot",
            "team": "TCR2U6UEM",
            "name": "elliotschmidt2002",
            "is_restricted": false,
            "is_ultra_restricted": false
        },
        "blocks": [
            {
                "type": "rich_text",
                "block_id": "09G",
                "elements": [
                    {
                        "type": "rich_text_section",
                        "elements": [
                            {
                                "type": "text",
                                "text": "we could, hear me out, make one"
                            }
                        ]
                    }
                ]
            }
        ]
    },
    {
        "client_msg_id": "b5e71af8-1ef4-427f-a0ac-bfd8815615d4",
        "type": "message",
        "text": "it doesn't exactly look like a complicated thing to make",
        "user": "U0193D42LHJ",
        "ts": "1605573888.014800",
        "team": "TCR2U6UEM",
        "user_team": "TCR2U6UEM",
        "source_team": "TCR2U6UEM",
        "user_profile": {
            "avatar_hash": "ac92a4993882",
            "image_72": "https:\/\/avatars.slack-edge.com\/2020-09-18\/1380577414884_ac92a4993882a5db4876_72.png",
            "first_name": "Elliot",
            "real_name": "Elliot Schmidt",
            "display_name": "Elliot",
            "team": "TCR2U6UEM",
            "name": "elliotschmidt2002",
            "is_restricted": false,
            "is_ultra_restricted": false
        },
        "blocks": [
            {
                "type": "rich_text",
                "block_id": "sU+\/",
                "elements": [
                    {
                        "type": "rich_text_section",
                        "elements": [
                            {
                                "type": "text",
                                "text": "it doesn't exactly look like a complicated thing to make"
                            }
                        ]
                    }
                ]
            }
        ]
    }
]