[
    {
        "client_msg_id": "62f230fd-050f-4079-84d2-a17f89c55de4",
        "type": "message",
        "text": "Lol yeah, when we have our first team meeting or zoom I'll let everyone know",
        "user": "U010DDZ3FJR",
        "ts": "1590872901.000700",
        "team": "TCR2U6UEM",
        "user_team": "TCR2U6UEM",
        "source_team": "TCR2U6UEM",
        "user_profile": {
            "avatar_hash": "fda0a36a8605",
            "image_72": "https:\/\/avatars.slack-edge.com\/2020-09-18\/1386993799393_fda0a36a86053c692b20_72.jpg",
            "first_name": "Luke",
            "real_name": "Luke Aschenbrenner",
            "display_name": "Luke Aschenbrenner",
            "team": "TCR2U6UEM",
            "name": "ashbren21",
            "is_restricted": false,
            "is_ultra_restricted": false
        },
        "blocks": [
            {
                "type": "rich_text",
                "block_id": "W8t",
                "elements": [
                    {
                        "type": "rich_text_section",
                        "elements": [
                            {
                                "type": "text",
                                "text": "Lol yeah, when we have our first team meeting or zoom I'll let everyone know"
                            }
                        ]
                    }
                ]
            }
        ]
    }
]