[
    {
        "type": "message",
        "text": "ignore the fact that it's 3am, and sorry for the bad cropping but I think I'm done with the CAM part for the Modular Plate Things",
        "files": [
            {
                "id": "F01DSTYHKFY",
                "created": 1604481359,
                "timestamp": 1604481359,
                "name": "2020-11-04 03-03-49.mkv",
                "title": "2020-11-04 03-03-49.mkv",
                "mimetype": "video\/x-matroska",
                "filetype": "mkv",
                "pretty_type": "Matroska Video",
                "user": "U0193D42LHJ",
                "editable": false,
                "size": 63535995,
                "mode": "hosted",
                "is_external": false,
                "external_type": "",
                "is_public": true,
                "public_url_shared": false,
                "display_as_bot": false,
                "username": "",
                "url_private": "https:\/\/files.slack.com\/files-pri\/TCR2U6UEM-F01DSTYHKFY\/2020-11-04_03-03-49.mkv?t=xoxe-433096232497-1684125439971-1696548615153-cd1d3d402b441a7d6039d167da7d37bd",
                "url_private_download": "https:\/\/files.slack.com\/files-pri\/TCR2U6UEM-F01DSTYHKFY\/download\/2020-11-04_03-03-49.mkv?t=xoxe-433096232497-1684125439971-1696548615153-cd1d3d402b441a7d6039d167da7d37bd",
                "thumb_video": "https:\/\/files.slack.com\/files-tmb\/TCR2U6UEM-F01DSTYHKFY-d778c4506c\/2020-11-04_03-03-49_thumb_video.jpeg?t=xoxe-433096232497-1684125439971-1696548615153-cd1d3d402b441a7d6039d167da7d37bd",
                "permalink": "https:\/\/rawbaconrobotics.slack.com\/files\/U0193D42LHJ\/F01DSTYHKFY\/2020-11-04_03-03-49.mkv",
                "permalink_public": "https:\/\/slack-files.com\/TCR2U6UEM-F01DSTYHKFY-d3cd4740ed",
                "is_starred": false,
                "has_rich_preview": false
            }
        ],
        "upload": false,
        "blocks": [
            {
                "type": "rich_text",
                "block_id": "Vlb",
                "elements": [
                    {
                        "type": "rich_text_section",
                        "elements": [
                            {
                                "type": "text",
                                "text": "ignore the fact that it's 3am, and sorry for the bad cropping but I think I'm done with the CAM part for the Modular Plate Things"
                            }
                        ]
                    }
                ]
            }
        ],
        "user": "U0193D42LHJ",
        "display_as_bot": false,
        "ts": "1604481407.014000"
    },
    {
        "client_msg_id": "0333b47e-fd58-425a-b479-c6a7f73e5f8c",
        "type": "message",
        "text": "also, accepting new name ideas for those things because I'm bad at names",
        "user": "U0193D42LHJ",
        "ts": "1604481423.014600",
        "team": "TCR2U6UEM",
        "user_team": "TCR2U6UEM",
        "source_team": "TCR2U6UEM",
        "user_profile": {
            "avatar_hash": "ac92a4993882",
            "image_72": "https:\/\/avatars.slack-edge.com\/2020-09-18\/1380577414884_ac92a4993882a5db4876_72.png",
            "first_name": "Elliot",
            "real_name": "Elliot Schmidt",
            "display_name": "Elliot",
            "team": "TCR2U6UEM",
            "name": "elliotschmidt2002",
            "is_restricted": false,
            "is_ultra_restricted": false
        },
        "blocks": [
            {
                "type": "rich_text",
                "block_id": "x3Ym",
                "elements": [
                    {
                        "type": "rich_text_section",
                        "elements": [
                            {
                                "type": "text",
                                "text": "also, accepting new name ideas for those things because I'm bad at names"
                            }
                        ]
                    }
                ]
            }
        ]
    },
    {
        "client_msg_id": "11a4e29f-5be3-4419-b4d5-0e0bc923cb85",
        "type": "message",
        "text": "Meeting starting now",
        "user": "U018GF7AFJB",
        "ts": "1604499394.014900",
        "team": "TCR2U6UEM",
        "user_team": "TCR2U6UEM",
        "source_team": "TCR2U6UEM",
        "user_profile": {
            "avatar_hash": "c31861bbc361",
            "image_72": "https:\/\/avatars.slack-edge.com\/2020-08-16\/1316598132593_c31861bbc3618c961c77_72.jpg",
            "first_name": "",
            "real_name": "Nolan Vibhakar",
            "display_name": "Nolan Vibhakar",
            "team": "TCR2U6UEM",
            "name": "novib21",
            "is_restricted": false,
            "is_ultra_restricted": false
        },
        "blocks": [
            {
                "type": "rich_text",
                "block_id": "0NmpV",
                "elements": [
                    {
                        "type": "rich_text_section",
                        "elements": [
                            {
                                "type": "text",
                                "text": "Meeting starting now"
                            }
                        ]
                    }
                ]
            }
        ]
    },
    {
        "client_msg_id": "bc81016f-c14f-44e4-b8c2-4df8f776ef69",
        "type": "message",
        "text": "We have a bit of a problem, my internet is out",
        "user": "U016G7WR3KJ",
        "ts": "1604499440.015500",
        "team": "TCR2U6UEM",
        "user_team": "TCR2U6UEM",
        "source_team": "TCR2U6UEM",
        "user_profile": {
            "avatar_hash": "bbe6b64d1e6f",
            "image_72": "https:\/\/avatars.slack-edge.com\/2020-09-12\/1359637227778_bbe6b64d1e6f191982dd_72.jpg",
            "first_name": "Robbie",
            "real_name": "Robbie Thibodeau",
            "display_name": "Robbie Thibodeau",
            "team": "TCR2U6UEM",
            "name": "rgtthibodeau",
            "is_restricted": false,
            "is_ultra_restricted": false
        },
        "blocks": [
            {
                "type": "rich_text",
                "block_id": "Mxae0",
                "elements": [
                    {
                        "type": "rich_text_section",
                        "elements": [
                            {
                                "type": "text",
                                "text": "We have a bit of a problem, my internet is out"
                            }
                        ]
                    }
                ]
            }
        ],
        "reactions": [
            {
                "name": "egg",
                "users": [
                    "U010FNPUQP8"
                ],
                "count": 1
            }
        ]
    },
    {
        "client_msg_id": "758c36f8-e364-4e93-9356-5e5bed51e0e9",
        "type": "message",
        "text": "Rip",
        "user": "U018GF7AFJB",
        "ts": "1604499475.015800",
        "team": "TCR2U6UEM",
        "user_team": "TCR2U6UEM",
        "source_team": "TCR2U6UEM",
        "user_profile": {
            "avatar_hash": "c31861bbc361",
            "image_72": "https:\/\/avatars.slack-edge.com\/2020-08-16\/1316598132593_c31861bbc3618c961c77_72.jpg",
            "first_name": "",
            "real_name": "Nolan Vibhakar",
            "display_name": "Nolan Vibhakar",
            "team": "TCR2U6UEM",
            "name": "novib21",
            "is_restricted": false,
            "is_ultra_restricted": false
        },
        "blocks": [
            {
                "type": "rich_text",
                "block_id": "zQ+5",
                "elements": [
                    {
                        "type": "rich_text_section",
                        "elements": [
                            {
                                "type": "text",
                                "text": "Rip"
                            }
                        ]
                    }
                ]
            }
        ]
    },
    {
        "client_msg_id": "6c09b0f2-3875-4ed3-92a0-a85479a1ce58",
        "type": "message",
        "text": "Well katherine is on our side to give us more than $500, so we should be able to get some stuff going",
        "user": "U018GF7AFJB",
        "ts": "1604499515.016900",
        "team": "TCR2U6UEM",
        "user_team": "TCR2U6UEM",
        "source_team": "TCR2U6UEM",
        "user_profile": {
            "avatar_hash": "c31861bbc361",
            "image_72": "https:\/\/avatars.slack-edge.com\/2020-08-16\/1316598132593_c31861bbc3618c961c77_72.jpg",
            "first_name": "",
            "real_name": "Nolan Vibhakar",
            "display_name": "Nolan Vibhakar",
            "team": "TCR2U6UEM",
            "name": "novib21",
            "is_restricted": false,
            "is_ultra_restricted": false
        },
        "blocks": [
            {
                "type": "rich_text",
                "block_id": "nxF",
                "elements": [
                    {
                        "type": "rich_text_section",
                        "elements": [
                            {
                                "type": "text",
                                "text": "Well katherine is on our side to give us more than $500, so we should be able to get some stuff going"
                            }
                        ]
                    }
                ]
            }
        ]
    },
    {
        "client_msg_id": "266375c3-d49d-4eb0-89ab-f1ad5419838c",
        "type": "message",
        "text": "Things are going well, people seem to be receptive to giving us $750, or even more money",
        "user": "U018GF7AFJB",
        "ts": "1604500103.017700",
        "team": "TCR2U6UEM",
        "user_team": "TCR2U6UEM",
        "source_team": "TCR2U6UEM",
        "user_profile": {
            "avatar_hash": "c31861bbc361",
            "image_72": "https:\/\/avatars.slack-edge.com\/2020-08-16\/1316598132593_c31861bbc3618c961c77_72.jpg",
            "first_name": "",
            "real_name": "Nolan Vibhakar",
            "display_name": "Nolan Vibhakar",
            "team": "TCR2U6UEM",
            "name": "novib21",
            "is_restricted": false,
            "is_ultra_restricted": false
        },
        "blocks": [
            {
                "type": "rich_text",
                "block_id": "68U",
                "elements": [
                    {
                        "type": "rich_text_section",
                        "elements": [
                            {
                                "type": "text",
                                "text": "Things are going well, people seem to be receptive to giving us $750, or even more money"
                            }
                        ]
                    }
                ]
            }
        ]
    },
    {
        "client_msg_id": "848beddf-43e0-4f6b-bd26-9c540f7b3cdf",
        "type": "message",
        "text": "Only one other club actually applied and they only asked for 100",
        "user": "U018GF7AFJB",
        "ts": "1604500120.018200",
        "team": "TCR2U6UEM",
        "user_team": "TCR2U6UEM",
        "source_team": "TCR2U6UEM",
        "user_profile": {
            "avatar_hash": "c31861bbc361",
            "image_72": "https:\/\/avatars.slack-edge.com\/2020-08-16\/1316598132593_c31861bbc3618c961c77_72.jpg",
            "first_name": "",
            "real_name": "Nolan Vibhakar",
            "display_name": "Nolan Vibhakar",
            "team": "TCR2U6UEM",
            "name": "novib21",
            "is_restricted": false,
            "is_ultra_restricted": false
        },
        "blocks": [
            {
                "type": "rich_text",
                "block_id": "Hs2mv",
                "elements": [
                    {
                        "type": "rich_text_section",
                        "elements": [
                            {
                                "type": "text",
                                "text": "Only one other club actually applied and they only asked for 100"
                            }
                        ]
                    }
                ]
            }
        ]
    },
    {
        "client_msg_id": "e567b101-7b64-4aa8-be9b-4be9a79bc920",
        "type": "message",
        "text": "Was that you other club",
        "user": "U016G7WR3KJ",
        "ts": "1604500158.018600",
        "team": "TCR2U6UEM",
        "user_team": "TCR2U6UEM",
        "source_team": "TCR2U6UEM",
        "user_profile": {
            "avatar_hash": "bbe6b64d1e6f",
            "image_72": "https:\/\/avatars.slack-edge.com\/2020-09-12\/1359637227778_bbe6b64d1e6f191982dd_72.jpg",
            "first_name": "Robbie",
            "real_name": "Robbie Thibodeau",
            "display_name": "Robbie Thibodeau",
            "team": "TCR2U6UEM",
            "name": "rgtthibodeau",
            "is_restricted": false,
            "is_ultra_restricted": false
        },
        "blocks": [
            {
                "type": "rich_text",
                "block_id": "2EqeW",
                "elements": [
                    {
                        "type": "rich_text_section",
                        "elements": [
                            {
                                "type": "text",
                                "text": "Was that you other club"
                            }
                        ]
                    }
                ]
            }
        ]
    },
    {
        "client_msg_id": "70440b90-1ac0-4351-ba5b-83c0e56f41d3",
        "type": "message",
        "text": "Yes lol",
        "user": "U018GF7AFJB",
        "ts": "1604500255.018800",
        "team": "TCR2U6UEM",
        "user_team": "TCR2U6UEM",
        "source_team": "TCR2U6UEM",
        "user_profile": {
            "avatar_hash": "c31861bbc361",
            "image_72": "https:\/\/avatars.slack-edge.com\/2020-08-16\/1316598132593_c31861bbc3618c961c77_72.jpg",
            "first_name": "",
            "real_name": "Nolan Vibhakar",
            "display_name": "Nolan Vibhakar",
            "team": "TCR2U6UEM",
            "name": "novib21",
            "is_restricted": false,
            "is_ultra_restricted": false
        },
        "blocks": [
            {
                "type": "rich_text",
                "block_id": "UouW",
                "elements": [
                    {
                        "type": "rich_text_section",
                        "elements": [
                            {
                                "type": "text",
                                "text": "Yes lol"
                            }
                        ]
                    }
                ]
            }
        ]
    },
    {
        "client_msg_id": "f51f2972-0c17-4063-9fc9-6dbf71780597",
        "type": "message",
        "text": "Current plan is to give us $1000 now and let us reapply for more second tri, but it's not official yet",
        "user": "U018GF7AFJB",
        "ts": "1604500341.019600",
        "team": "TCR2U6UEM",
        "user_team": "TCR2U6UEM",
        "source_team": "TCR2U6UEM",
        "user_profile": {
            "avatar_hash": "c31861bbc361",
            "image_72": "https:\/\/avatars.slack-edge.com\/2020-08-16\/1316598132593_c31861bbc3618c961c77_72.jpg",
            "first_name": "",
            "real_name": "Nolan Vibhakar",
            "display_name": "Nolan Vibhakar",
            "team": "TCR2U6UEM",
            "name": "novib21",
            "is_restricted": false,
            "is_ultra_restricted": false
        },
        "blocks": [
            {
                "type": "rich_text",
                "block_id": "=1S1k",
                "elements": [
                    {
                        "type": "rich_text_section",
                        "elements": [
                            {
                                "type": "text",
                                "text": "Current plan is to give us $1000 now and let us reapply for more second tri, but it's not official yet"
                            }
                        ]
                    }
                ]
            }
        ]
    },
    {
        "client_msg_id": "7a1fab97-79ad-401e-be25-34e9d2b05c48",
        "type": "message",
        "text": "Its official!",
        "user": "U018GF7AFJB",
        "ts": "1604500458.019800",
        "team": "TCR2U6UEM",
        "user_team": "TCR2U6UEM",
        "source_team": "TCR2U6UEM",
        "user_profile": {
            "avatar_hash": "c31861bbc361",
            "image_72": "https:\/\/avatars.slack-edge.com\/2020-08-16\/1316598132593_c31861bbc3618c961c77_72.jpg",
            "first_name": "",
            "real_name": "Nolan Vibhakar",
            "display_name": "Nolan Vibhakar",
            "team": "TCR2U6UEM",
            "name": "novib21",
            "is_restricted": false,
            "is_ultra_restricted": false
        },
        "blocks": [
            {
                "type": "rich_text",
                "block_id": "v6esj",
                "elements": [
                    {
                        "type": "rich_text_section",
                        "elements": [
                            {
                                "type": "text",
                                "text": "Its official!"
                            }
                        ]
                    }
                ]
            }
        ]
    },
    {
        "client_msg_id": "2b3c7cb8-e778-41b6-9569-12129859dd93",
        "type": "message",
        "text": "They gave us $1000",
        "user": "U018GF7AFJB",
        "ts": "1604500463.020100",
        "team": "TCR2U6UEM",
        "user_team": "TCR2U6UEM",
        "source_team": "TCR2U6UEM",
        "user_profile": {
            "avatar_hash": "c31861bbc361",
            "image_72": "https:\/\/avatars.slack-edge.com\/2020-08-16\/1316598132593_c31861bbc3618c961c77_72.jpg",
            "first_name": "",
            "real_name": "Nolan Vibhakar",
            "display_name": "Nolan Vibhakar",
            "team": "TCR2U6UEM",
            "name": "novib21",
            "is_restricted": false,
            "is_ultra_restricted": false
        },
        "blocks": [
            {
                "type": "rich_text",
                "block_id": "+hz",
                "elements": [
                    {
                        "type": "rich_text_section",
                        "elements": [
                            {
                                "type": "text",
                                "text": "They gave us $1000"
                            }
                        ]
                    }
                ]
            }
        ]
    },
    {
        "client_msg_id": "8d82c8c3-e9f4-4dae-96d9-a6d7d2254e35",
        "type": "message",
        "text": "Niceeeeee",
        "user": "U016G7WR3KJ",
        "ts": "1604500485.020400",
        "team": "TCR2U6UEM",
        "user_team": "TCR2U6UEM",
        "source_team": "TCR2U6UEM",
        "user_profile": {
            "avatar_hash": "bbe6b64d1e6f",
            "image_72": "https:\/\/avatars.slack-edge.com\/2020-09-12\/1359637227778_bbe6b64d1e6f191982dd_72.jpg",
            "first_name": "Robbie",
            "real_name": "Robbie Thibodeau",
            "display_name": "Robbie Thibodeau",
            "team": "TCR2U6UEM",
            "name": "rgtthibodeau",
            "is_restricted": false,
            "is_ultra_restricted": false
        },
        "blocks": [
            {
                "type": "rich_text",
                "block_id": "wx5iW",
                "elements": [
                    {
                        "type": "rich_text_section",
                        "elements": [
                            {
                                "type": "text",
                                "text": "Niceeeeee"
                            }
                        ]
                    }
                ]
            }
        ]
    },
    {
        "client_msg_id": "98024716-0905-4e5d-bf16-b91caf9be9f6",
        "type": "message",
        "text": "Control hub shall be bought",
        "user": "U016G7WR3KJ",
        "ts": "1604500494.020800",
        "team": "TCR2U6UEM",
        "user_team": "TCR2U6UEM",
        "source_team": "TCR2U6UEM",
        "user_profile": {
            "avatar_hash": "bbe6b64d1e6f",
            "image_72": "https:\/\/avatars.slack-edge.com\/2020-09-12\/1359637227778_bbe6b64d1e6f191982dd_72.jpg",
            "first_name": "Robbie",
            "real_name": "Robbie Thibodeau",
            "display_name": "Robbie Thibodeau",
            "team": "TCR2U6UEM",
            "name": "rgtthibodeau",
            "is_restricted": false,
            "is_ultra_restricted": false
        },
        "blocks": [
            {
                "type": "rich_text",
                "block_id": "FG5aB",
                "elements": [
                    {
                        "type": "rich_text_section",
                        "elements": [
                            {
                                "type": "text",
                                "text": "Control hub shall be bought"
                            }
                        ]
                    }
                ]
            }
        ]
    },
    {
        "client_msg_id": "a1deecfd-6808-47b1-a564-c72dac926b33",
        "type": "message",
        "text": "They also said they are open to us reapplying next trimester when they ask for club grants again, they just want to see how many more clubs actually need money once we get into the middle of the year and more clubs have figured out their gameplan for the year",
        "user": "U018GF7AFJB",
        "ts": "1604501461.022600",
        "team": "TCR2U6UEM",
        "user_team": "TCR2U6UEM",
        "source_team": "TCR2U6UEM",
        "user_profile": {
            "avatar_hash": "c31861bbc361",
            "image_72": "https:\/\/avatars.slack-edge.com\/2020-08-16\/1316598132593_c31861bbc3618c961c77_72.jpg",
            "first_name": "",
            "real_name": "Nolan Vibhakar",
            "display_name": "Nolan Vibhakar",
            "team": "TCR2U6UEM",
            "name": "novib21",
            "is_restricted": false,
            "is_ultra_restricted": false
        },
        "blocks": [
            {
                "type": "rich_text",
                "block_id": "2xJ",
                "elements": [
                    {
                        "type": "rich_text_section",
                        "elements": [
                            {
                                "type": "text",
                                "text": "They also said they are open to us reapplying next trimester when they ask for club grants again, they just want to see how many more clubs actually need money once we get into the middle of the year and more clubs have figured out their gameplan for the year"
                            }
                        ]
                    }
                ]
            }
        ]
    },
    {
        "client_msg_id": "26593fe1-fc52-4bbf-bc5a-503a3f22e142",
        "type": "message",
        "text": "Nice!",
        "user": "U010DDZ3FJR",
        "ts": "1604507962.022800",
        "team": "TCR2U6UEM",
        "user_team": "TCR2U6UEM",
        "source_team": "TCR2U6UEM",
        "user_profile": {
            "avatar_hash": "fda0a36a8605",
            "image_72": "https:\/\/avatars.slack-edge.com\/2020-09-18\/1386993799393_fda0a36a86053c692b20_72.jpg",
            "first_name": "Luke",
            "real_name": "Luke Aschenbrenner",
            "display_name": "Luke Aschenbrenner",
            "team": "TCR2U6UEM",
            "name": "ashbren21",
            "is_restricted": false,
            "is_ultra_restricted": false
        },
        "blocks": [
            {
                "type": "rich_text",
                "block_id": "Hc4",
                "elements": [
                    {
                        "type": "rich_text_section",
                        "elements": [
                            {
                                "type": "text",
                                "text": "Nice!"
                            }
                        ]
                    }
                ]
            }
        ]
    },
    {
        "client_msg_id": "a97f94ee-6bc9-4026-b86c-27a6958efacd",
        "type": "message",
        "text": "Sorry I couldn't make it",
        "user": "U010DDZ3FJR",
        "ts": "1604507970.023100",
        "team": "TCR2U6UEM",
        "user_team": "TCR2U6UEM",
        "source_team": "TCR2U6UEM",
        "user_profile": {
            "avatar_hash": "fda0a36a8605",
            "image_72": "https:\/\/avatars.slack-edge.com\/2020-09-18\/1386993799393_fda0a36a86053c692b20_72.jpg",
            "first_name": "Luke",
            "real_name": "Luke Aschenbrenner",
            "display_name": "Luke Aschenbrenner",
            "team": "TCR2U6UEM",
            "name": "ashbren21",
            "is_restricted": false,
            "is_ultra_restricted": false
        },
        "blocks": [
            {
                "type": "rich_text",
                "block_id": "Be=J7",
                "elements": [
                    {
                        "type": "rich_text_section",
                        "elements": [
                            {
                                "type": "text",
                                "text": "Sorry I couldn't make it"
                            }
                        ]
                    }
                ]
            }
        ]
    },
    {
        "client_msg_id": "e662f9c2-f523-49e5-9d05-17051e748d2b",
        "type": "message",
        "text": "?zoomcall",
        "user": "U01ALNAL79C",
        "ts": "1604527853.023400",
        "team": "TCR2U6UEM",
        "user_team": "TCR2U6UEM",
        "source_team": "TCR2U6UEM",
        "user_profile": {
            "avatar_hash": "8d3a0093398e",
            "image_72": "https:\/\/avatars.slack-edge.com\/2020-09-16\/1367697021763_8d3a0093398e950c95a2_72.jpg",
            "first_name": "Brian",
            "real_name": "Brian Morris",
            "display_name": "Brian Morris",
            "team": "TCR2U6UEM",
            "name": "brmor21",
            "is_restricted": false,
            "is_ultra_restricted": false
        },
        "blocks": [
            {
                "type": "rich_text",
                "block_id": "MCw3",
                "elements": [
                    {
                        "type": "rich_text_section",
                        "elements": [
                            {
                                "type": "text",
                                "text": "?zoomcall"
                            }
                        ]
                    }
                ]
            }
        ]
    },
    {
        "type": "message",
        "subtype": "slackbot_response",
        "text": "<https:\/\/iowacityschools-org.zoom.us\/j\/92666092070>",
        "user": "USLACKBOT",
        "ts": "1604527853.023500"
    },
    {
        "client_msg_id": "c64ac887-1b79-42e5-a1d3-3a7734da75a2",
        "type": "message",
        "text": "it just me or has it not started yet",
        "user": "U0193D42LHJ",
        "ts": "1604528144.024000",
        "team": "TCR2U6UEM",
        "user_team": "TCR2U6UEM",
        "source_team": "TCR2U6UEM",
        "user_profile": {
            "avatar_hash": "ac92a4993882",
            "image_72": "https:\/\/avatars.slack-edge.com\/2020-09-18\/1380577414884_ac92a4993882a5db4876_72.png",
            "first_name": "Elliot",
            "real_name": "Elliot Schmidt",
            "display_name": "Elliot",
            "team": "TCR2U6UEM",
            "name": "elliotschmidt2002",
            "is_restricted": false,
            "is_ultra_restricted": false
        },
        "blocks": [
            {
                "type": "rich_text",
                "block_id": "8rv8",
                "elements": [
                    {
                        "type": "rich_text_section",
                        "elements": [
                            {
                                "type": "text",
                                "text": "it just me or has it not started yet"
                            }
                        ]
                    }
                ]
            }
        ]
    },
    {
        "client_msg_id": "186f8521-655a-4c40-9491-03070cdcc1cb",
        "type": "message",
        "text": "Zoom call isn't started for me too",
        "user": "U010DDZ3FJR",
        "ts": "1604528147.024100",
        "team": "TCR2U6UEM",
        "user_team": "TCR2U6UEM",
        "source_team": "TCR2U6UEM",
        "user_profile": {
            "avatar_hash": "fda0a36a8605",
            "image_72": "https:\/\/avatars.slack-edge.com\/2020-09-18\/1386993799393_fda0a36a86053c692b20_72.jpg",
            "first_name": "Luke",
            "real_name": "Luke Aschenbrenner",
            "display_name": "Luke Aschenbrenner",
            "team": "TCR2U6UEM",
            "name": "ashbren21",
            "is_restricted": false,
            "is_ultra_restricted": false
        },
        "blocks": [
            {
                "type": "rich_text",
                "block_id": "fGkB",
                "elements": [
                    {
                        "type": "rich_text_section",
                        "elements": [
                            {
                                "type": "text",
                                "text": "Zoom call isn't started for me too"
                            }
                        ]
                    }
                ]
            }
        ]
    },
    {
        "client_msg_id": "5239e4e2-6dc6-43de-89b9-17108da16386",
        "type": "message",
        "text": "hasn't started",
        "user": "U01ADEF18N6",
        "ts": "1604528152.024400",
        "team": "TCR2U6UEM",
        "user_team": "TCR2U6UEM",
        "source_team": "TCR2U6UEM",
        "user_profile": {
            "avatar_hash": "e8086e8713de",
            "image_72": "https:\/\/avatars.slack-edge.com\/2020-09-18\/1371265029141_e8086e8713de3af22fe5_72.jpg",
            "first_name": "Ashley",
            "real_name": "Ashley Sheehan",
            "display_name": "Ashley Sheehan",
            "team": "TCR2U6UEM",
            "name": "asshe21",
            "is_restricted": false,
            "is_ultra_restricted": false
        },
        "blocks": [
            {
                "type": "rich_text",
                "block_id": "XmTX",
                "elements": [
                    {
                        "type": "rich_text_section",
                        "elements": [
                            {
                                "type": "text",
                                "text": "hasn't started"
                            }
                        ]
                    }
                ]
            }
        ]
    },
    {
        "client_msg_id": "8189954d-298b-4591-95dc-165967a8d910",
        "type": "message",
        "text": "anyone know what Mons is up to? maybe opening up the trailer?",
        "user": "U010DDZ3FJR",
        "ts": "1604528159.024700",
        "team": "TCR2U6UEM",
        "user_team": "TCR2U6UEM",
        "source_team": "TCR2U6UEM",
        "user_profile": {
            "avatar_hash": "fda0a36a8605",
            "image_72": "https:\/\/avatars.slack-edge.com\/2020-09-18\/1386993799393_fda0a36a86053c692b20_72.jpg",
            "first_name": "Luke",
            "real_name": "Luke Aschenbrenner",
            "display_name": "Luke Aschenbrenner",
            "team": "TCR2U6UEM",
            "name": "ashbren21",
            "is_restricted": false,
            "is_ultra_restricted": false
        },
        "blocks": [
            {
                "type": "rich_text",
                "block_id": "8RfjZ",
                "elements": [
                    {
                        "type": "rich_text_section",
                        "elements": [
                            {
                                "type": "text",
                                "text": "anyone know what Mons is up to? maybe opening up the trailer?"
                            }
                        ]
                    }
                ]
            }
        ]
    },
    {
        "client_msg_id": "c611e59d-7d95-4497-96e7-21ee0bc21ef2",
        "type": "message",
        "text": "glad it's not just me haha",
        "user": "U0193D42LHJ",
        "ts": "1604528161.024800",
        "team": "TCR2U6UEM",
        "user_team": "TCR2U6UEM",
        "source_team": "TCR2U6UEM",
        "user_profile": {
            "avatar_hash": "ac92a4993882",
            "image_72": "https:\/\/avatars.slack-edge.com\/2020-09-18\/1380577414884_ac92a4993882a5db4876_72.png",
            "first_name": "Elliot",
            "real_name": "Elliot Schmidt",
            "display_name": "Elliot",
            "team": "TCR2U6UEM",
            "name": "elliotschmidt2002",
            "is_restricted": false,
            "is_ultra_restricted": false
        },
        "blocks": [
            {
                "type": "rich_text",
                "block_id": "dbs",
                "elements": [
                    {
                        "type": "rich_text_section",
                        "elements": [
                            {
                                "type": "text",
                                "text": "glad it's not just me haha"
                            }
                        ]
                    }
                ]
            }
        ]
    },
    {
        "client_msg_id": "7e01460a-04e6-4b51-91e4-d3240ee41a6f",
        "type": "message",
        "text": "^",
        "user": "U01ALNAL79C",
        "ts": "1604528162.025000",
        "team": "TCR2U6UEM",
        "user_team": "TCR2U6UEM",
        "source_team": "TCR2U6UEM",
        "user_profile": {
            "avatar_hash": "8d3a0093398e",
            "image_72": "https:\/\/avatars.slack-edge.com\/2020-09-16\/1367697021763_8d3a0093398e950c95a2_72.jpg",
            "first_name": "Brian",
            "real_name": "Brian Morris",
            "display_name": "Brian Morris",
            "team": "TCR2U6UEM",
            "name": "brmor21",
            "is_restricted": false,
            "is_ultra_restricted": false
        },
        "blocks": [
            {
                "type": "rich_text",
                "block_id": "wIKn",
                "elements": [
                    {
                        "type": "rich_text_section",
                        "elements": [
                            {
                                "type": "text",
                                "text": "^"
                            }
                        ]
                    }
                ]
            }
        ]
    },
    {
        "client_msg_id": "c36c61df-4021-491e-9e71-5ac3968292aa",
        "type": "message",
        "text": "Is anyone else's internet out",
        "user": "U010FNPUQP8",
        "ts": "1604528175.025500",
        "team": "TCR2U6UEM",
        "user_team": "TCR2U6UEM",
        "source_team": "TCR2U6UEM",
        "user_profile": {
            "avatar_hash": "09e03a757dfc",
            "image_72": "https:\/\/avatars.slack-edge.com\/2020-10-16\/1427166742294_09e03a757dfcc5429a42_72.jpg",
            "first_name": "Fergie",
            "real_name": "Fergie",
            "display_name": "Fergie",
            "team": "TCR2U6UEM",
            "name": "fergusonward314",
            "is_restricted": false,
            "is_ultra_restricted": false
        },
        "blocks": [
            {
                "type": "rich_text",
                "block_id": "twwD",
                "elements": [
                    {
                        "type": "rich_text_section",
                        "elements": [
                            {
                                "type": "text",
                                "text": "Is anyone else's internet out"
                            }
                        ]
                    }
                ]
            }
        ]
    },
    {
        "client_msg_id": "938f3b77-7f8e-4043-8ca7-862b5c1c74c5",
        "type": "message",
        "text": "It has started the please wait",
        "user": "U018URES8KV",
        "ts": "1604528176.025600",
        "team": "TCR2U6UEM",
        "user_team": "TCR2U6UEM",
        "source_team": "TCR2U6UEM",
        "user_profile": {
            "avatar_hash": "1b6b64ea950d",
            "image_72": "https:\/\/avatars.slack-edge.com\/2020-09-18\/1380553169540_1b6b64ea950dd455ff25_72.jpg",
            "first_name": "Adam",
            "real_name": "Adam Holmes",
            "display_name": "Adam Holmes",
            "team": "TCR2U6UEM",
            "name": "adamup555",
            "is_restricted": false,
            "is_ultra_restricted": false
        },
        "blocks": [
            {
                "type": "rich_text",
                "block_id": "7Ogl",
                "elements": [
                    {
                        "type": "rich_text_section",
                        "elements": [
                            {
                                "type": "text",
                                "text": "It has started the please wait"
                            }
                        ]
                    }
                ]
            }
        ]
    },
    {
        "type": "message",
        "text": "",
        "files": [
            {
                "id": "F01E7TS34VA",
                "created": 1604528199,
                "timestamp": 1604528199,
                "name": "image.png",
                "title": "image.png",
                "mimetype": "image\/png",
                "filetype": "png",
                "pretty_type": "PNG",
                "user": "U01ALNAL79C",
                "editable": false,
                "size": 25306,
                "mode": "hosted",
                "is_external": false,
                "external_type": "",
                "is_public": true,
                "public_url_shared": false,
                "display_as_bot": false,
                "username": "",
                "url_private": "https:\/\/files.slack.com\/files-pri\/TCR2U6UEM-F01E7TS34VA\/image.png?t=xoxe-433096232497-1684125439971-1696548615153-cd1d3d402b441a7d6039d167da7d37bd",
                "url_private_download": "https:\/\/files.slack.com\/files-pri\/TCR2U6UEM-F01E7TS34VA\/download\/image.png?t=xoxe-433096232497-1684125439971-1696548615153-cd1d3d402b441a7d6039d167da7d37bd",
                "thumb_64": "https:\/\/files.slack.com\/files-tmb\/TCR2U6UEM-F01E7TS34VA-53799c1bf6\/image_64.png?t=xoxe-433096232497-1684125439971-1696548615153-cd1d3d402b441a7d6039d167da7d37bd",
                "thumb_80": "https:\/\/files.slack.com\/files-tmb\/TCR2U6UEM-F01E7TS34VA-53799c1bf6\/image_80.png?t=xoxe-433096232497-1684125439971-1696548615153-cd1d3d402b441a7d6039d167da7d37bd",
                "thumb_360": "https:\/\/files.slack.com\/files-tmb\/TCR2U6UEM-F01E7TS34VA-53799c1bf6\/image_360.png?t=xoxe-433096232497-1684125439971-1696548615153-cd1d3d402b441a7d6039d167da7d37bd",
                "thumb_360_w": 360,
                "thumb_360_h": 227,
                "thumb_480": "https:\/\/files.slack.com\/files-tmb\/TCR2U6UEM-F01E7TS34VA-53799c1bf6\/image_480.png?t=xoxe-433096232497-1684125439971-1696548615153-cd1d3d402b441a7d6039d167da7d37bd",
                "thumb_480_w": 480,
                "thumb_480_h": 303,
                "thumb_160": "https:\/\/files.slack.com\/files-tmb\/TCR2U6UEM-F01E7TS34VA-53799c1bf6\/image_160.png?t=xoxe-433096232497-1684125439971-1696548615153-cd1d3d402b441a7d6039d167da7d37bd",
                "original_w": 536,
                "original_h": 338,
                "thumb_tiny": "AwAeADC+v3R9KCDnrihfuj6UtACYP979KMH+9+lGT7\/lSZPv+VAC4P8Ae\/SloHSigBF+6PpS0in5F+gpc0AFFJ+FA+lAC0UZooA\/\/9k=",
                "permalink": "https:\/\/rawbaconrobotics.slack.com\/files\/U01ALNAL79C\/F01E7TS34VA\/image.png",
                "permalink_public": "https:\/\/slack-files.com\/TCR2U6UEM-F01E7TS34VA-4f8fbaf84b",
                "is_starred": false,
                "has_rich_preview": false
            }
        ],
        "upload": false,
        "user": "U01ALNAL79C",
        "display_as_bot": false,
        "ts": "1604528204.025700",
        "reactions": [
            {
                "name": "kamen_pog",
                "users": [
                    "U018URES8KV",
                    "U0103BWEQSD"
                ],
                "count": 2
            }
        ]
    },
    {
        "client_msg_id": "91c4c53b-7492-4e6d-97bd-8f33839d83df",
        "type": "message",
        "text": "Tell me when it starts, I am taking a test",
        "user": "U016G7WR3KJ",
        "ts": "1604528217.026300",
        "team": "TCR2U6UEM",
        "user_team": "TCR2U6UEM",
        "source_team": "TCR2U6UEM",
        "user_profile": {
            "avatar_hash": "bbe6b64d1e6f",
            "image_72": "https:\/\/avatars.slack-edge.com\/2020-09-12\/1359637227778_bbe6b64d1e6f191982dd_72.jpg",
            "first_name": "Robbie",
            "real_name": "Robbie Thibodeau",
            "display_name": "Robbie Thibodeau",
            "team": "TCR2U6UEM",
            "name": "rgtthibodeau",
            "is_restricted": false,
            "is_ultra_restricted": false
        },
        "blocks": [
            {
                "type": "rich_text",
                "block_id": "=8Z9Z",
                "elements": [
                    {
                        "type": "rich_text_section",
                        "elements": [
                            {
                                "type": "text",
                                "text": "Tell me when it starts, I am taking a test"
                            }
                        ]
                    }
                ]
            }
        ]
    },
    {
        "client_msg_id": "2d9a7d29-0cac-4589-b46f-2aba22d503d9",
        "type": "message",
        "text": "right now? lol",
        "user": "U01ALNAL79C",
        "ts": "1604528227.026500",
        "team": "TCR2U6UEM",
        "user_team": "TCR2U6UEM",
        "source_team": "TCR2U6UEM",
        "user_profile": {
            "avatar_hash": "8d3a0093398e",
            "image_72": "https:\/\/avatars.slack-edge.com\/2020-09-16\/1367697021763_8d3a0093398e950c95a2_72.jpg",
            "first_name": "Brian",
            "real_name": "Brian Morris",
            "display_name": "Brian Morris",
            "team": "TCR2U6UEM",
            "name": "brmor21",
            "is_restricted": false,
            "is_ultra_restricted": false
        },
        "blocks": [
            {
                "type": "rich_text",
                "block_id": "SYfzB",
                "elements": [
                    {
                        "type": "rich_text_section",
                        "elements": [
                            {
                                "type": "text",
                                "text": "right now? lol"
                            }
                        ]
                    }
                ]
            }
        ]
    },
    {
        "client_msg_id": "fafc8aff-94a1-42e0-90ac-45004999c165",
        "type": "message",
        "text": "Yes",
        "user": "U016G7WR3KJ",
        "ts": "1604528233.026700",
        "team": "TCR2U6UEM",
        "user_team": "TCR2U6UEM",
        "source_team": "TCR2U6UEM",
        "user_profile": {
            "avatar_hash": "bbe6b64d1e6f",
            "image_72": "https:\/\/avatars.slack-edge.com\/2020-09-12\/1359637227778_bbe6b64d1e6f191982dd_72.jpg",
            "first_name": "Robbie",
            "real_name": "Robbie Thibodeau",
            "display_name": "Robbie Thibodeau",
            "team": "TCR2U6UEM",
            "name": "rgtthibodeau",
            "is_restricted": false,
            "is_ultra_restricted": false
        },
        "blocks": [
            {
                "type": "rich_text",
                "block_id": "zkA5",
                "elements": [
                    {
                        "type": "rich_text_section",
                        "elements": [
                            {
                                "type": "text",
                                "text": "Yes"
                            }
                        ]
                    }
                ]
            }
        ]
    },
    {
        "client_msg_id": "4f2d9e26-4626-4e8f-a439-a5e686255e88",
        "type": "message",
        "text": "time for you to get a watch",
        "user": "U018X7N6MMG",
        "ts": "1604528239.026900",
        "team": "TCR2U6UEM",
        "user_team": "TCR2U6UEM",
        "source_team": "TCR2U6UEM",
        "user_profile": {
            "avatar_hash": "ba89825d3b7b",
            "image_72": "https:\/\/avatars.slack-edge.com\/2020-09-11\/1355949232709_ba89825d3b7bcf995dc9_72.png",
            "first_name": "Keith",
            "real_name": "Keith Friestad",
            "display_name": "",
            "team": "TCR2U6UEM",
            "name": "keith.friestad",
            "is_restricted": false,
            "is_ultra_restricted": false
        },
        "blocks": [
            {
                "type": "rich_text",
                "block_id": "GYc",
                "elements": [
                    {
                        "type": "rich_text_section",
                        "elements": [
                            {
                                "type": "text",
                                "text": "time for you to get a watch"
                            }
                        ]
                    }
                ]
            }
        ]
    },
    {
        "client_msg_id": "6c599305-225d-4eb4-9c91-e15147c01dcf",
        "type": "message",
        "text": "What",
        "user": "U016G7WR3KJ",
        "ts": "1604528245.027200",
        "team": "TCR2U6UEM",
        "user_team": "TCR2U6UEM",
        "source_team": "TCR2U6UEM",
        "user_profile": {
            "avatar_hash": "bbe6b64d1e6f",
            "image_72": "https:\/\/avatars.slack-edge.com\/2020-09-12\/1359637227778_bbe6b64d1e6f191982dd_72.jpg",
            "first_name": "Robbie",
            "real_name": "Robbie Thibodeau",
            "display_name": "Robbie Thibodeau",
            "team": "TCR2U6UEM",
            "name": "rgtthibodeau",
            "is_restricted": false,
            "is_ultra_restricted": false
        },
        "blocks": [
            {
                "type": "rich_text",
                "block_id": "nzmC",
                "elements": [
                    {
                        "type": "rich_text_section",
                        "elements": [
                            {
                                "type": "text",
                                "text": "What"
                            }
                        ]
                    }
                ]
            }
        ]
    },
    {
        "client_msg_id": "05aca551-23d0-4ea1-b30a-4e78e5d3e102",
        "type": "message",
        "text": ":clap::skin-tone-2:",
        "user": "U01ALNAL79C",
        "ts": "1604528250.027600",
        "team": "TCR2U6UEM",
        "user_team": "TCR2U6UEM",
        "source_team": "TCR2U6UEM",
        "user_profile": {
            "avatar_hash": "8d3a0093398e",
            "image_72": "https:\/\/avatars.slack-edge.com\/2020-09-16\/1367697021763_8d3a0093398e950c95a2_72.jpg",
            "first_name": "Brian",
            "real_name": "Brian Morris",
            "display_name": "Brian Morris",
            "team": "TCR2U6UEM",
            "name": "brmor21",
            "is_restricted": false,
            "is_ultra_restricted": false
        },
        "blocks": [
            {
                "type": "rich_text",
                "block_id": "uBu6",
                "elements": [
                    {
                        "type": "rich_text_section",
                        "elements": [
                            {
                                "type": "emoji",
                                "name": "clap",
                                "skin_tone": 2
                            }
                        ]
                    }
                ]
            }
        ]
    },
    {
        "client_msg_id": "80fa1627-1eb1-4ff3-b5c3-48e6295eee21",
        "type": "message",
        "text": "time for you to watch the time",
        "user": "U018URES8KV",
        "ts": "1604528254.027700",
        "team": "TCR2U6UEM",
        "user_team": "TCR2U6UEM",
        "source_team": "TCR2U6UEM",
        "user_profile": {
            "avatar_hash": "1b6b64ea950d",
            "image_72": "https:\/\/avatars.slack-edge.com\/2020-09-18\/1380553169540_1b6b64ea950dd455ff25_72.jpg",
            "first_name": "Adam",
            "real_name": "Adam Holmes",
            "display_name": "Adam Holmes",
            "team": "TCR2U6UEM",
            "name": "adamup555",
            "is_restricted": false,
            "is_ultra_restricted": false
        },
        "blocks": [
            {
                "type": "rich_text",
                "block_id": "\/X3",
                "elements": [
                    {
                        "type": "rich_text_section",
                        "elements": [
                            {
                                "type": "text",
                                "text": "time for you to watch the time"
                            }
                        ]
                    }
                ]
            }
        ],
        "reactions": [
            {
                "name": "watch",
                "users": [
                    "U018URES8KV",
                    "U01ALNAL79C",
                    "U010DDZ3FJR",
                    "U010FNPUQP8"
                ],
                "count": 4
            }
        ]
    },
    {
        "client_msg_id": "cc127f5a-6a10-4846-bdaa-d2b0f06b7d63",
        "type": "message",
        "text": "well if it doesn't start by like 4:22 we might as well start our own",
        "user": "U010DDZ3FJR",
        "ts": "1604528312.029500",
        "team": "TCR2U6UEM",
        "user_team": "TCR2U6UEM",
        "source_team": "TCR2U6UEM",
        "user_profile": {
            "avatar_hash": "fda0a36a8605",
            "image_72": "https:\/\/avatars.slack-edge.com\/2020-09-18\/1386993799393_fda0a36a86053c692b20_72.jpg",
            "first_name": "Luke",
            "real_name": "Luke Aschenbrenner",
            "display_name": "Luke Aschenbrenner",
            "team": "TCR2U6UEM",
            "name": "ashbren21",
            "is_restricted": false,
            "is_ultra_restricted": false
        },
        "edited": {
            "user": "U010DDZ3FJR",
            "ts": "1604528327.000000"
        },
        "blocks": [
            {
                "type": "rich_text",
                "block_id": "k\/tA",
                "elements": [
                    {
                        "type": "rich_text_section",
                        "elements": [
                            {
                                "type": "text",
                                "text": "well if it doesn't start by like 4:22 we might as well start our own"
                            }
                        ]
                    }
                ]
            }
        ]
    },
    {
        "client_msg_id": "acfebea1-9611-4e78-89da-2edbd890fc98",
        "type": "message",
        "text": "4:22*",
        "user": "U010DDZ3FJR",
        "ts": "1604528315.029700",
        "team": "TCR2U6UEM",
        "user_team": "TCR2U6UEM",
        "source_team": "TCR2U6UEM",
        "user_profile": {
            "avatar_hash": "fda0a36a8605",
            "image_72": "https:\/\/avatars.slack-edge.com\/2020-09-18\/1386993799393_fda0a36a86053c692b20_72.jpg",
            "first_name": "Luke",
            "real_name": "Luke Aschenbrenner",
            "display_name": "Luke Aschenbrenner",
            "team": "TCR2U6UEM",
            "name": "ashbren21",
            "is_restricted": false,
            "is_ultra_restricted": false
        },
        "blocks": [
            {
                "type": "rich_text",
                "block_id": "4l86v",
                "elements": [
                    {
                        "type": "rich_text_section",
                        "elements": [
                            {
                                "type": "text",
                                "text": "4:22*"
                            }
                        ]
                    }
                ]
            }
        ]
    },
    {
        "client_msg_id": "d47117cf-6de4-46a6-9468-827b011550d6",
        "type": "message",
        "text": "^",
        "user": "U01ALNAL79C",
        "ts": "1604528318.029900",
        "team": "TCR2U6UEM",
        "user_team": "TCR2U6UEM",
        "source_team": "TCR2U6UEM",
        "user_profile": {
            "avatar_hash": "8d3a0093398e",
            "image_72": "https:\/\/avatars.slack-edge.com\/2020-09-16\/1367697021763_8d3a0093398e950c95a2_72.jpg",
            "first_name": "Brian",
            "real_name": "Brian Morris",
            "display_name": "Brian Morris",
            "team": "TCR2U6UEM",
            "name": "brmor21",
            "is_restricted": false,
            "is_ultra_restricted": false
        },
        "blocks": [
            {
                "type": "rich_text",
                "block_id": "+ZqL",
                "elements": [
                    {
                        "type": "rich_text_section",
                        "elements": [
                            {
                                "type": "text",
                                "text": "^"
                            }
                        ]
                    }
                ]
            }
        ]
    },
    {
        "client_msg_id": "f9c729cc-752c-4fa3-8bbe-472ee72ce395",
        "type": "message",
        "text": "15 minutes and we can leave",
        "user": "U018URES8KV",
        "ts": "1604528328.030500",
        "team": "TCR2U6UEM",
        "user_team": "TCR2U6UEM",
        "source_team": "TCR2U6UEM",
        "user_profile": {
            "avatar_hash": "1b6b64ea950d",
            "image_72": "https:\/\/avatars.slack-edge.com\/2020-09-18\/1380553169540_1b6b64ea950dd455ff25_72.jpg",
            "first_name": "Adam",
            "real_name": "Adam Holmes",
            "display_name": "Adam Holmes",
            "team": "TCR2U6UEM",
            "name": "adamup555",
            "is_restricted": false,
            "is_ultra_restricted": false
        },
        "blocks": [
            {
                "type": "rich_text",
                "block_id": "F=Z",
                "elements": [
                    {
                        "type": "rich_text_section",
                        "elements": [
                            {
                                "type": "text",
                                "text": "15 minutes and we can leave"
                            }
                        ]
                    }
                ]
            }
        ],
        "reactions": [
            {
                "name": "frog_car",
                "users": [
                    "U010DDZ3FJR",
                    "U018URES8KV",
                    "U010FNPUQP8",
                    "U0103BWEQSD"
                ],
                "count": 4
            }
        ]
    },
    {
        "client_msg_id": "3cb0c4c5-0bac-43e8-87b8-fa09cc7561ca",
        "type": "message",
        "text": "kjkdfdkjkdjfdkjkdfdkjkdfdkjkdfdkjkdf",
        "user": "U018X7N6MMG",
        "ts": "1604528328.030600",
        "team": "TCR2U6UEM",
        "user_team": "TCR2U6UEM",
        "source_team": "TCR2U6UEM",
        "user_profile": {
            "avatar_hash": "ba89825d3b7b",
            "image_72": "https:\/\/avatars.slack-edge.com\/2020-09-11\/1355949232709_ba89825d3b7bcf995dc9_72.png",
            "first_name": "Keith",
            "real_name": "Keith Friestad",
            "display_name": "",
            "team": "TCR2U6UEM",
            "name": "keith.friestad",
            "is_restricted": false,
            "is_ultra_restricted": false
        },
        "blocks": [
            {
                "type": "rich_text",
                "block_id": "IpYP",
                "elements": [
                    {
                        "type": "rich_text_section",
                        "elements": [
                            {
                                "type": "text",
                                "text": "kjkdfdkjkdjfdkjkdfdkjkdfdkjkdfdkjkdf"
                            }
                        ]
                    }
                ]
            }
        ]
    },
    {
        "client_msg_id": "ee80bc42-bfa2-40f3-9d59-54f37301a42b",
        "type": "message",
        "text": "did mons forget?",
        "user": "U018QFKN44W",
        "ts": "1604528341.031200",
        "team": "TCR2U6UEM",
        "user_team": "TCR2U6UEM",
        "source_team": "TCR2U6UEM",
        "user_profile": {
            "avatar_hash": "032f80dfd458",
            "image_72": "https:\/\/avatars.slack-edge.com\/2020-09-11\/1371096170705_032f80dfd458ccdaccbe_72.png",
            "first_name": "Cecilia",
            "real_name": "Cecilia Clark",
            "display_name": "Ceci",
            "team": "TCR2U6UEM",
            "name": "cecla22",
            "is_restricted": false,
            "is_ultra_restricted": false
        },
        "blocks": [
            {
                "type": "rich_text",
                "block_id": "zhC",
                "elements": [
                    {
                        "type": "rich_text_section",
                        "elements": [
                            {
                                "type": "text",
                                "text": "did mons forget?"
                            }
                        ]
                    }
                ]
            }
        ]
    },
    {
        "client_msg_id": "3f00dd16-60b5-4bda-b5f2-1f64d91b292b",
        "type": "message",
        "text": "it started",
        "user": "U01ALNAL79C",
        "ts": "1604528343.031400",
        "team": "TCR2U6UEM",
        "user_team": "TCR2U6UEM",
        "source_team": "TCR2U6UEM",
        "user_profile": {
            "avatar_hash": "8d3a0093398e",
            "image_72": "https:\/\/avatars.slack-edge.com\/2020-09-16\/1367697021763_8d3a0093398e950c95a2_72.jpg",
            "first_name": "Brian",
            "real_name": "Brian Morris",
            "display_name": "Brian Morris",
            "team": "TCR2U6UEM",
            "name": "brmor21",
            "is_restricted": false,
            "is_ultra_restricted": false
        },
        "blocks": [
            {
                "type": "rich_text",
                "block_id": "bz64y",
                "elements": [
                    {
                        "type": "rich_text_section",
                        "elements": [
                            {
                                "type": "text",
                                "text": "it started"
                            }
                        ]
                    }
                ]
            }
        ],
        "reactions": [
            {
                "name": "ice_hockey_stick_and_puck",
                "users": [
                    "U010FNPUQP8",
                    "U018X7N6MMG",
                    "U010DDZ3FJR",
                    "U01ALNAL79C",
                    "U018URES8KV",
                    "U0103BWEQSD"
                ],
                "count": 6
            }
        ]
    },
    {
        "client_msg_id": "743ae084-75d4-4839-beb2-88681c855466",
        "type": "message",
        "text": "Has it started",
        "user": "U016G7WR3KJ",
        "ts": "1604528961.032200",
        "team": "TCR2U6UEM",
        "user_team": "TCR2U6UEM",
        "source_team": "TCR2U6UEM",
        "user_profile": {
            "avatar_hash": "bbe6b64d1e6f",
            "image_72": "https:\/\/avatars.slack-edge.com\/2020-09-12\/1359637227778_bbe6b64d1e6f191982dd_72.jpg",
            "first_name": "Robbie",
            "real_name": "Robbie Thibodeau",
            "display_name": "Robbie Thibodeau",
            "team": "TCR2U6UEM",
            "name": "rgtthibodeau",
            "is_restricted": false,
            "is_ultra_restricted": false
        },
        "blocks": [
            {
                "type": "rich_text",
                "block_id": "EEw",
                "elements": [
                    {
                        "type": "rich_text_section",
                        "elements": [
                            {
                                "type": "text",
                                "text": "Has it started"
                            }
                        ]
                    }
                ]
            }
        ]
    },
    {
        "client_msg_id": "6CE626EC-EC17-4B45-A6D6-7D90D30BB6FE",
        "type": "message",
        "text": "Yes",
        "user": "U018X7N3K42",
        "ts": "1604528973.032400",
        "team": "TCR2U6UEM",
        "user_team": "TCR2U6UEM",
        "source_team": "TCR2U6UEM",
        "user_profile": {
            "avatar_hash": "g50b311404ea",
            "image_72": "https:\/\/secure.gravatar.com\/avatar\/50b311404eaf5a4cbd50a42846f515df.jpg?s=72&d=https%3A%2F%2Fa.slack-edge.com%2Fdf10d%2Fimg%2Favatars%2Fava_0016-72.png",
            "first_name": "",
            "real_name": "Nathan Bradford",
            "display_name": "Nathan Bradford",
            "team": "TCR2U6UEM",
            "name": "nabra22",
            "is_restricted": false,
            "is_ultra_restricted": false
        },
        "blocks": [
            {
                "type": "rich_text",
                "block_id": "uxMi4",
                "elements": [
                    {
                        "type": "rich_text_section",
                        "elements": [
                            {
                                "type": "text",
                                "text": "Yes"
                            }
                        ]
                    }
                ]
            }
        ]
    },
    {
        "client_msg_id": "d8d40f65-5a21-44cd-9d1b-d1407ea0697c",
        "type": "message",
        "text": "I will join in like 15 mins",
        "user": "U016G7WR3KJ",
        "ts": "1604528989.033000",
        "team": "TCR2U6UEM",
        "user_team": "TCR2U6UEM",
        "source_team": "TCR2U6UEM",
        "user_profile": {
            "avatar_hash": "bbe6b64d1e6f",
            "image_72": "https:\/\/avatars.slack-edge.com\/2020-09-12\/1359637227778_bbe6b64d1e6f191982dd_72.jpg",
            "first_name": "Robbie",
            "real_name": "Robbie Thibodeau",
            "display_name": "Robbie Thibodeau",
            "team": "TCR2U6UEM",
            "name": "rgtthibodeau",
            "is_restricted": false,
            "is_ultra_restricted": false
        },
        "blocks": [
            {
                "type": "rich_text",
                "block_id": "Yl5y",
                "elements": [
                    {
                        "type": "rich_text_section",
                        "elements": [
                            {
                                "type": "text",
                                "text": "I will join in like 15 mins"
                            }
                        ]
                    }
                ]
            }
        ]
    }
]