[
    {
        "client_msg_id": "5b34bda2-a969-4fcc-85ca-919da91c6421",
        "type": "message",
        "text": "Hey guys! I officially live in North Liberty now, but I will be back in Iowa City to clean my old house this weekend. I can drop off the launcher at anyone's house this weekend if you would like so it is close to the school for the trials on December 19. If this weekend is too early, I can definitely make something work and go into Iowa City to do something and drop the launcher off later this month. Just let me know what you guys think would be a good plan. Thanks! (Just to be clear, I'm not leaving City High or quitting robotics. I just wanted to avoid getting in a situation where the launcher portion is unavailable because I'm way out here in North Liberty.)",
        "user": "U01ADEF18N6",
        "ts": "1606855221.003700",
        "team": "TCR2U6UEM",
        "user_team": "TCR2U6UEM",
        "source_team": "TCR2U6UEM",
        "user_profile": {
            "avatar_hash": "e8086e8713de",
            "image_72": "https:\/\/avatars.slack-edge.com\/2020-09-18\/1371265029141_e8086e8713de3af22fe5_72.jpg",
            "first_name": "Ashley",
            "real_name": "Ashley Sheehan",
            "display_name": "Ashley Sheehan",
            "team": "TCR2U6UEM",
            "name": "asshe21",
            "is_restricted": false,
            "is_ultra_restricted": false
        },
        "blocks": [
            {
                "type": "rich_text",
                "block_id": "g00",
                "elements": [
                    {
                        "type": "rich_text_section",
                        "elements": [
                            {
                                "type": "text",
                                "text": "Hey guys! I officially live in North Liberty now, but I will be back in Iowa City to clean my old house this weekend. I can drop off the launcher at anyone's house this weekend if you would like so it is close to the school for the trials on December 19. If this weekend is too early, I can definitely make something work and go into Iowa City to do something and drop the launcher off later this month. Just let me know what you guys think would be a good plan. Thanks! (Just to be clear, I'm not leaving City High or quitting robotics. I just wanted to avoid getting in a situation where the launcher portion is unavailable because I'm way out here in North Liberty.)"
                            }
                        ]
                    }
                ]
            }
        ],
        "reactions": [
            {
                "name": "+1",
                "users": [
                    "U010DDZ3FJR"
                ],
                "count": 1
            }
        ]
    },
    {
        "client_msg_id": "6378E375-FA1B-4E33-8CF3-32D63FCCA7C1",
        "type": "message",
        "text": "Good luck with the new place! We can figure out the launchers future home during today’s meeting. ",
        "user": "U018X7N6MMG",
        "ts": "1606857212.004500",
        "team": "TCR2U6UEM",
        "user_team": "TCR2U6UEM",
        "source_team": "TCR2U6UEM",
        "user_profile": {
            "avatar_hash": "ba89825d3b7b",
            "image_72": "https:\/\/avatars.slack-edge.com\/2020-09-11\/1355949232709_ba89825d3b7bcf995dc9_72.png",
            "first_name": "Keith",
            "real_name": "Keith Friestad",
            "display_name": "",
            "team": "TCR2U6UEM",
            "name": "keith.friestad",
            "is_restricted": false,
            "is_ultra_restricted": false
        },
        "blocks": [
            {
                "type": "rich_text",
                "block_id": "BTt",
                "elements": [
                    {
                        "type": "rich_text_section",
                        "elements": [
                            {
                                "type": "text",
                                "text": "Good luck with the new place! We can figure out the launchers future home during today’s meeting. "
                            }
                        ]
                    }
                ]
            }
        ]
    },
    {
        "client_msg_id": "7c14683b-b930-4a4d-a392-335246db77f5",
        "type": "message",
        "text": "Okay that sounds great! Thanks Keith!",
        "user": "U01ADEF18N6",
        "ts": "1606858025.004600",
        "team": "TCR2U6UEM",
        "user_team": "TCR2U6UEM",
        "source_team": "TCR2U6UEM",
        "user_profile": {
            "avatar_hash": "e8086e8713de",
            "image_72": "https:\/\/avatars.slack-edge.com\/2020-09-18\/1371265029141_e8086e8713de3af22fe5_72.jpg",
            "first_name": "Ashley",
            "real_name": "Ashley Sheehan",
            "display_name": "Ashley Sheehan",
            "team": "TCR2U6UEM",
            "name": "asshe21",
            "is_restricted": false,
            "is_ultra_restricted": false
        },
        "blocks": [
            {
                "type": "rich_text",
                "block_id": "+dt",
                "elements": [
                    {
                        "type": "rich_text_section",
                        "elements": [
                            {
                                "type": "text",
                                "text": "Okay that sounds great! Thanks Keith!"
                            }
                        ]
                    }
                ]
            }
        ]
    },
    {
        "client_msg_id": "9c864d77-42d1-4962-9f4e-6fc09f3a2c94",
        "type": "message",
        "text": "?zoomcall",
        "user": "U010DDZ3FJR",
        "ts": "1606860856.004800",
        "team": "TCR2U6UEM",
        "user_team": "TCR2U6UEM",
        "source_team": "TCR2U6UEM",
        "user_profile": {
            "avatar_hash": "fda0a36a8605",
            "image_72": "https:\/\/avatars.slack-edge.com\/2020-09-18\/1386993799393_fda0a36a86053c692b20_72.jpg",
            "first_name": "Luke",
            "real_name": "Luke Aschenbrenner",
            "display_name": "Luke Aschenbrenner",
            "team": "TCR2U6UEM",
            "name": "ashbren21",
            "is_restricted": false,
            "is_ultra_restricted": false
        },
        "blocks": [
            {
                "type": "rich_text",
                "block_id": "IJO4m",
                "elements": [
                    {
                        "type": "rich_text_section",
                        "elements": [
                            {
                                "type": "text",
                                "text": "?zoomcall"
                            }
                        ]
                    }
                ]
            }
        ]
    },
    {
        "type": "message",
        "subtype": "slackbot_response",
        "text": "<https:\/\/iowacityschools-org.zoom.us\/j\/92666092070>",
        "user": "USLACKBOT",
        "ts": "1606860857.004900"
    },
    {
        "client_msg_id": "6584abaf-388d-419f-bf5b-23ede16b0975",
        "type": "message",
        "text": "<@U018X7N6MMG> <@U0193D42LHJ> can someone tell mons that nathan just showed up but we have no way to get him into the breakout room with the rest of the builders",
        "user": "U018GF7AFJB",
        "ts": "1606862378.006200",
        "team": "TCR2U6UEM",
        "user_team": "TCR2U6UEM",
        "source_team": "TCR2U6UEM",
        "user_profile": {
            "avatar_hash": "c31861bbc361",
            "image_72": "https:\/\/avatars.slack-edge.com\/2020-08-16\/1316598132593_c31861bbc3618c961c77_72.jpg",
            "first_name": "",
            "real_name": "Nolan Vibhakar",
            "display_name": "Nolan Vibhakar",
            "team": "TCR2U6UEM",
            "name": "novib21",
            "is_restricted": false,
            "is_ultra_restricted": false
        },
        "blocks": [
            {
                "type": "rich_text",
                "block_id": "J8gmz",
                "elements": [
                    {
                        "type": "rich_text_section",
                        "elements": [
                            {
                                "type": "user",
                                "user_id": "U018X7N6MMG"
                            },
                            {
                                "type": "text",
                                "text": " "
                            },
                            {
                                "type": "user",
                                "user_id": "U0193D42LHJ"
                            },
                            {
                                "type": "text",
                                "text": " can someone tell mons that nathan just showed up but we have no way to get him into the breakout room with the rest of the builders"
                            }
                        ]
                    }
                ]
            }
        ]
    },
    {
        "client_msg_id": "e084372c-faeb-4735-aa8a-4d793e2243a3",
        "type": "message",
        "text": "told her",
        "user": "U0193D42LHJ",
        "ts": "1606862668.006900",
        "team": "TCR2U6UEM",
        "user_team": "TCR2U6UEM",
        "source_team": "TCR2U6UEM",
        "user_profile": {
            "avatar_hash": "ac92a4993882",
            "image_72": "https:\/\/avatars.slack-edge.com\/2020-09-18\/1380577414884_ac92a4993882a5db4876_72.png",
            "first_name": "Elliot",
            "real_name": "Elliot Schmidt",
            "display_name": "Elliot",
            "team": "TCR2U6UEM",
            "name": "elliotschmidt2002",
            "is_restricted": false,
            "is_ultra_restricted": false
        },
        "blocks": [
            {
                "type": "rich_text",
                "block_id": "XRDwr",
                "elements": [
                    {
                        "type": "rich_text_section",
                        "elements": [
                            {
                                "type": "text",
                                "text": "told her"
                            }
                        ]
                    }
                ]
            }
        ]
    },
    {
        "client_msg_id": "e91d4187-76b0-4c82-83f4-1f35388400f4",
        "type": "message",
        "text": "Yahoo bought slack for $27.7 Billion",
        "user": "U018URES8KV",
        "ts": "1606863462.007200",
        "team": "TCR2U6UEM",
        "user_team": "TCR2U6UEM",
        "source_team": "TCR2U6UEM",
        "user_profile": {
            "avatar_hash": "1b6b64ea950d",
            "image_72": "https:\/\/avatars.slack-edge.com\/2020-09-18\/1380553169540_1b6b64ea950dd455ff25_72.jpg",
            "first_name": "Adam",
            "real_name": "Adam Holmes",
            "display_name": "Adam Holmes",
            "team": "TCR2U6UEM",
            "name": "adamup555",
            "is_restricted": false,
            "is_ultra_restricted": false
        },
        "blocks": [
            {
                "type": "rich_text",
                "block_id": "hA5mO",
                "elements": [
                    {
                        "type": "rich_text_section",
                        "elements": [
                            {
                                "type": "text",
                                "text": "Yahoo bought slack for $27.7 Billion"
                            }
                        ]
                    }
                ]
            }
        ]
    },
    {
        "client_msg_id": "21489b89-a3cf-40d6-9d5f-18b3f4810e62",
        "type": "message",
        "text": "We should buy some stock with our money",
        "user": "U016G7WR3KJ",
        "ts": "1606863507.007700",
        "team": "TCR2U6UEM",
        "user_team": "TCR2U6UEM",
        "source_team": "TCR2U6UEM",
        "user_profile": {
            "avatar_hash": "bbe6b64d1e6f",
            "image_72": "https:\/\/avatars.slack-edge.com\/2020-09-12\/1359637227778_bbe6b64d1e6f191982dd_72.jpg",
            "first_name": "Robbie",
            "real_name": "Robbie Thibodeau",
            "display_name": "Robbie Thibodeau",
            "team": "TCR2U6UEM",
            "name": "rgtthibodeau",
            "is_restricted": false,
            "is_ultra_restricted": false
        },
        "blocks": [
            {
                "type": "rich_text",
                "block_id": "uIX",
                "elements": [
                    {
                        "type": "rich_text_section",
                        "elements": [
                            {
                                "type": "text",
                                "text": "We should buy some stock with our money"
                            }
                        ]
                    }
                ]
            }
        ]
    },
    {
        "client_msg_id": "01f980a9-106a-4f0f-91d3-9750588f24f8",
        "type": "message",
        "text": "AMD 5hat can go in the finance section",
        "user": "U016G7WR3KJ",
        "ts": "1606863517.008100",
        "team": "TCR2U6UEM",
        "user_team": "TCR2U6UEM",
        "source_team": "TCR2U6UEM",
        "user_profile": {
            "avatar_hash": "bbe6b64d1e6f",
            "image_72": "https:\/\/avatars.slack-edge.com\/2020-09-12\/1359637227778_bbe6b64d1e6f191982dd_72.jpg",
            "first_name": "Robbie",
            "real_name": "Robbie Thibodeau",
            "display_name": "Robbie Thibodeau",
            "team": "TCR2U6UEM",
            "name": "rgtthibodeau",
            "is_restricted": false,
            "is_ultra_restricted": false
        },
        "blocks": [
            {
                "type": "rich_text",
                "block_id": "9J8Qy",
                "elements": [
                    {
                        "type": "rich_text_section",
                        "elements": [
                            {
                                "type": "text",
                                "text": "AMD 5hat can go in the finance section"
                            }
                        ]
                    }
                ]
            }
        ]
    },
    {
        "client_msg_id": "9d95a205-3468-41c6-9c52-bd5764507513",
        "type": "message",
        "text": "And that",
        "user": "U016G7WR3KJ",
        "ts": "1606863521.008300",
        "team": "TCR2U6UEM",
        "user_team": "TCR2U6UEM",
        "source_team": "TCR2U6UEM",
        "user_profile": {
            "avatar_hash": "bbe6b64d1e6f",
            "image_72": "https:\/\/avatars.slack-edge.com\/2020-09-12\/1359637227778_bbe6b64d1e6f191982dd_72.jpg",
            "first_name": "Robbie",
            "real_name": "Robbie Thibodeau",
            "display_name": "Robbie Thibodeau",
            "team": "TCR2U6UEM",
            "name": "rgtthibodeau",
            "is_restricted": false,
            "is_ultra_restricted": false
        },
        "blocks": [
            {
                "type": "rich_text",
                "block_id": "W3P",
                "elements": [
                    {
                        "type": "rich_text_section",
                        "elements": [
                            {
                                "type": "text",
                                "text": "And that"
                            }
                        ]
                    }
                ]
            }
        ]
    },
    {
        "client_msg_id": "c9c653c4-157d-45bd-a96c-a5967191a781",
        "type": "message",
        "text": "bruh",
        "user": "U018URES8KV",
        "ts": "1606865132.008500",
        "team": "TCR2U6UEM",
        "user_team": "TCR2U6UEM",
        "source_team": "TCR2U6UEM",
        "user_profile": {
            "avatar_hash": "1b6b64ea950d",
            "image_72": "https:\/\/avatars.slack-edge.com\/2020-09-18\/1380553169540_1b6b64ea950dd455ff25_72.jpg",
            "first_name": "Adam",
            "real_name": "Adam Holmes",
            "display_name": "Adam Holmes",
            "team": "TCR2U6UEM",
            "name": "adamup555",
            "is_restricted": false,
            "is_ultra_restricted": false
        },
        "blocks": [
            {
                "type": "rich_text",
                "block_id": "YAY",
                "elements": [
                    {
                        "type": "rich_text_section",
                        "elements": [
                            {
                                "type": "text",
                                "text": "bruh"
                            }
                        ]
                    }
                ]
            }
        ]
    },
    {
        "client_msg_id": "d87bd560-b8e9-4b4c-adc6-8be33346f60e",
        "type": "message",
        "text": "<!everyone> we still need one more driver (wheels or miscellaneous) and another coach, so stop by the drivers channel and ping me if you're interested",
        "user": "U018GF7AFJB",
        "ts": "1606865357.009700",
        "team": "TCR2U6UEM",
        "user_team": "TCR2U6UEM",
        "source_team": "TCR2U6UEM",
        "user_profile": {
            "avatar_hash": "c31861bbc361",
            "image_72": "https:\/\/avatars.slack-edge.com\/2020-08-16\/1316598132593_c31861bbc3618c961c77_72.jpg",
            "first_name": "",
            "real_name": "Nolan Vibhakar",
            "display_name": "Nolan Vibhakar",
            "team": "TCR2U6UEM",
            "name": "novib21",
            "is_restricted": false,
            "is_ultra_restricted": false
        },
        "blocks": [
            {
                "type": "rich_text",
                "block_id": "Z+8",
                "elements": [
                    {
                        "type": "rich_text_section",
                        "elements": [
                            {
                                "type": "broadcast",
                                "range": "everyone"
                            },
                            {
                                "type": "text",
                                "text": " we still need one more driver (wheels or miscellaneous) and another coach, so stop by the drivers channel and ping me if you're interested"
                            }
                        ]
                    }
                ]
            }
        ]
    },
    {
        "client_msg_id": "54377bc9-0325-40ba-bf70-117df9b0a8f4",
        "type": "message",
        "text": "also we need a name for the robot",
        "user": "U018X7N6MMG",
        "ts": "1606865383.010000",
        "team": "TCR2U6UEM",
        "user_team": "TCR2U6UEM",
        "source_team": "TCR2U6UEM",
        "user_profile": {
            "avatar_hash": "ba89825d3b7b",
            "image_72": "https:\/\/avatars.slack-edge.com\/2020-09-11\/1355949232709_ba89825d3b7bcf995dc9_72.png",
            "first_name": "Keith",
            "real_name": "Keith Friestad",
            "display_name": "",
            "team": "TCR2U6UEM",
            "name": "keith.friestad",
            "is_restricted": false,
            "is_ultra_restricted": false
        },
        "blocks": [
            {
                "type": "rich_text",
                "block_id": "hZZ",
                "elements": [
                    {
                        "type": "rich_text_section",
                        "elements": [
                            {
                                "type": "text",
                                "text": "also we need a name for the robot"
                            }
                        ]
                    }
                ]
            }
        ]
    },
    {
        "client_msg_id": "c90a7c82-baf7-490c-a675-d7d595cd98fa",
        "type": "message",
        "text": "Ooh a NAME? So exciting!",
        "user": "U01ADEF18N6",
        "ts": "1606865401.010300",
        "team": "TCR2U6UEM",
        "user_team": "TCR2U6UEM",
        "source_team": "TCR2U6UEM",
        "user_profile": {
            "avatar_hash": "e8086e8713de",
            "image_72": "https:\/\/avatars.slack-edge.com\/2020-09-18\/1371265029141_e8086e8713de3af22fe5_72.jpg",
            "first_name": "Ashley",
            "real_name": "Ashley Sheehan",
            "display_name": "Ashley Sheehan",
            "team": "TCR2U6UEM",
            "name": "asshe21",
            "is_restricted": false,
            "is_ultra_restricted": false
        },
        "blocks": [
            {
                "type": "rich_text",
                "block_id": "M0i",
                "elements": [
                    {
                        "type": "rich_text_section",
                        "elements": [
                            {
                                "type": "text",
                                "text": "Ooh a NAME? So exciting!"
                            }
                        ]
                    }
                ]
            }
        ]
    },
    {
        "client_msg_id": "82b6307d-7b30-4a17-90f8-d6f331377338",
        "type": "message",
        "text": "I vote donut",
        "user": "U018URES8KV",
        "ts": "1606865413.010600",
        "team": "TCR2U6UEM",
        "user_team": "TCR2U6UEM",
        "source_team": "TCR2U6UEM",
        "user_profile": {
            "avatar_hash": "1b6b64ea950d",
            "image_72": "https:\/\/avatars.slack-edge.com\/2020-09-18\/1380553169540_1b6b64ea950dd455ff25_72.jpg",
            "first_name": "Adam",
            "real_name": "Adam Holmes",
            "display_name": "Adam Holmes",
            "team": "TCR2U6UEM",
            "name": "adamup555",
            "is_restricted": false,
            "is_ultra_restricted": false
        },
        "blocks": [
            {
                "type": "rich_text",
                "block_id": "9Z2po",
                "elements": [
                    {
                        "type": "rich_text_section",
                        "elements": [
                            {
                                "type": "text",
                                "text": "I vote donut"
                            }
                        ]
                    }
                ]
            }
        ],
        "reactions": [
            {
                "name": "egg",
                "users": [
                    "U010FNPUQP8",
                    "U01ADEF18N6"
                ],
                "count": 2
            }
        ]
    },
    {
        "client_msg_id": "e7c7e6de-1daf-42af-9389-086ce2fdd02a",
        "type": "message",
        "text": "actually wait no",
        "user": "U018URES8KV",
        "ts": "1606865424.010800",
        "team": "TCR2U6UEM",
        "user_team": "TCR2U6UEM",
        "source_team": "TCR2U6UEM",
        "user_profile": {
            "avatar_hash": "1b6b64ea950d",
            "image_72": "https:\/\/avatars.slack-edge.com\/2020-09-18\/1380553169540_1b6b64ea950dd455ff25_72.jpg",
            "first_name": "Adam",
            "real_name": "Adam Holmes",
            "display_name": "Adam Holmes",
            "team": "TCR2U6UEM",
            "name": "adamup555",
            "is_restricted": false,
            "is_ultra_restricted": false
        },
        "blocks": [
            {
                "type": "rich_text",
                "block_id": "rksFj",
                "elements": [
                    {
                        "type": "rich_text_section",
                        "elements": [
                            {
                                "type": "text",
                                "text": "actually wait no"
                            }
                        ]
                    }
                ]
            }
        ]
    },
    {
        "client_msg_id": "6c549062-449b-4ca7-9bdb-ee93e82d7cde",
        "type": "message",
        "text": "Dunkin",
        "user": "U018URES8KV",
        "ts": "1606865426.011100",
        "team": "TCR2U6UEM",
        "user_team": "TCR2U6UEM",
        "source_team": "TCR2U6UEM",
        "user_profile": {
            "avatar_hash": "1b6b64ea950d",
            "image_72": "https:\/\/avatars.slack-edge.com\/2020-09-18\/1380553169540_1b6b64ea950dd455ff25_72.jpg",
            "first_name": "Adam",
            "real_name": "Adam Holmes",
            "display_name": "Adam Holmes",
            "team": "TCR2U6UEM",
            "name": "adamup555",
            "is_restricted": false,
            "is_ultra_restricted": false
        },
        "blocks": [
            {
                "type": "rich_text",
                "block_id": "MjjU0",
                "elements": [
                    {
                        "type": "rich_text_section",
                        "elements": [
                            {
                                "type": "text",
                                "text": "Dunkin"
                            }
                        ]
                    }
                ]
            }
        ]
    },
    {
        "client_msg_id": "d557c4f4-bd28-4dca-9ad4-aa8b84ccfbbe",
        "type": "message",
        "text": "alternatively Duncan",
        "user": "U018URES8KV",
        "ts": "1606865438.011400",
        "team": "TCR2U6UEM",
        "user_team": "TCR2U6UEM",
        "source_team": "TCR2U6UEM",
        "user_profile": {
            "avatar_hash": "1b6b64ea950d",
            "image_72": "https:\/\/avatars.slack-edge.com\/2020-09-18\/1380553169540_1b6b64ea950dd455ff25_72.jpg",
            "first_name": "Adam",
            "real_name": "Adam Holmes",
            "display_name": "Adam Holmes",
            "team": "TCR2U6UEM",
            "name": "adamup555",
            "is_restricted": false,
            "is_ultra_restricted": false
        },
        "blocks": [
            {
                "type": "rich_text",
                "block_id": "hk7",
                "elements": [
                    {
                        "type": "rich_text_section",
                        "elements": [
                            {
                                "type": "text",
                                "text": "alternatively Duncan"
                            }
                        ]
                    }
                ]
            }
        ]
    },
    {
        "client_msg_id": "f61d0d6e-2d15-4612-b72c-900a4471dc07",
        "type": "message",
        "text": ":donut-ring:",
        "user": "U018URES8KV",
        "ts": "1606865457.011800",
        "team": "TCR2U6UEM",
        "user_team": "TCR2U6UEM",
        "source_team": "TCR2U6UEM",
        "user_profile": {
            "avatar_hash": "1b6b64ea950d",
            "image_72": "https:\/\/avatars.slack-edge.com\/2020-09-18\/1380553169540_1b6b64ea950dd455ff25_72.jpg",
            "first_name": "Adam",
            "real_name": "Adam Holmes",
            "display_name": "Adam Holmes",
            "team": "TCR2U6UEM",
            "name": "adamup555",
            "is_restricted": false,
            "is_ultra_restricted": false
        },
        "blocks": [
            {
                "type": "rich_text",
                "block_id": "qRzH",
                "elements": [
                    {
                        "type": "rich_text_section",
                        "elements": [
                            {
                                "type": "emoji",
                                "name": "donut-ring"
                            }
                        ]
                    }
                ]
            }
        ]
    },
    {
        "client_msg_id": "32f56c77-7161-45c8-8c8e-a4c76f409caf",
        "type": "message",
        "text": "I like duncan",
        "user": "U016G7WR3KJ",
        "ts": "1606865487.012700",
        "team": "TCR2U6UEM",
        "user_team": "TCR2U6UEM",
        "source_team": "TCR2U6UEM",
        "user_profile": {
            "avatar_hash": "bbe6b64d1e6f",
            "image_72": "https:\/\/avatars.slack-edge.com\/2020-09-12\/1359637227778_bbe6b64d1e6f191982dd_72.jpg",
            "first_name": "Robbie",
            "real_name": "Robbie Thibodeau",
            "display_name": "Robbie Thibodeau",
            "team": "TCR2U6UEM",
            "name": "rgtthibodeau",
            "is_restricted": false,
            "is_ultra_restricted": false
        },
        "blocks": [
            {
                "type": "rich_text",
                "block_id": "NVDe",
                "elements": [
                    {
                        "type": "rich_text_section",
                        "elements": [
                            {
                                "type": "text",
                                "text": "I like duncan"
                            }
                        ]
                    }
                ]
            }
        ]
    },
    {
        "client_msg_id": "a6fb7204-28e9-480e-a05b-e000a7f6545b",
        "type": "message",
        "text": "It has multiple meanings",
        "user": "U018URES8KV",
        "ts": "1606865496.013300",
        "team": "TCR2U6UEM",
        "user_team": "TCR2U6UEM",
        "source_team": "TCR2U6UEM",
        "user_profile": {
            "avatar_hash": "1b6b64ea950d",
            "image_72": "https:\/\/avatars.slack-edge.com\/2020-09-18\/1380553169540_1b6b64ea950dd455ff25_72.jpg",
            "first_name": "Adam",
            "real_name": "Adam Holmes",
            "display_name": "Adam Holmes",
            "team": "TCR2U6UEM",
            "name": "adamup555",
            "is_restricted": false,
            "is_ultra_restricted": false
        },
        "blocks": [
            {
                "type": "rich_text",
                "block_id": "0GwDD",
                "elements": [
                    {
                        "type": "rich_text_section",
                        "elements": [
                            {
                                "type": "text",
                                "text": "It has multiple meanings"
                            }
                        ]
                    }
                ]
            }
        ]
    },
    {
        "client_msg_id": "74c30eaa-e7ec-44dd-894c-d1ff62d59ebd",
        "type": "message",
        "text": "Because we're shooting things like dunking in basketball",
        "user": "U018URES8KV",
        "ts": "1606865506.014000",
        "team": "TCR2U6UEM",
        "user_team": "TCR2U6UEM",
        "source_team": "TCR2U6UEM",
        "user_profile": {
            "avatar_hash": "1b6b64ea950d",
            "image_72": "https:\/\/avatars.slack-edge.com\/2020-09-18\/1380553169540_1b6b64ea950dd455ff25_72.jpg",
            "first_name": "Adam",
            "real_name": "Adam Holmes",
            "display_name": "Adam Holmes",
            "team": "TCR2U6UEM",
            "name": "adamup555",
            "is_restricted": false,
            "is_ultra_restricted": false
        },
        "blocks": [
            {
                "type": "rich_text",
                "block_id": "y4c",
                "elements": [
                    {
                        "type": "rich_text_section",
                        "elements": [
                            {
                                "type": "text",
                                "text": "Because we're shooting things like dunking in basketball"
                            }
                        ]
                    }
                ]
            }
        ]
    },
    {
        "client_msg_id": "93246274-899e-4330-abe7-4062dc6010d8",
        "type": "message",
        "text": "Lol. As long as we don't name it after another rental vehicle service I think any name we pick is a good one",
        "user": "U010FNPUQP8",
        "ts": "1606865509.014200",
        "team": "TCR2U6UEM",
        "user_team": "TCR2U6UEM",
        "source_team": "TCR2U6UEM",
        "user_profile": {
            "avatar_hash": "09e03a757dfc",
            "image_72": "https:\/\/avatars.slack-edge.com\/2020-10-16\/1427166742294_09e03a757dfcc5429a42_72.jpg",
            "first_name": "Fergie",
            "real_name": "Fergie",
            "display_name": "Fergie",
            "team": "TCR2U6UEM",
            "name": "fergusonward314",
            "is_restricted": false,
            "is_ultra_restricted": false
        },
        "blocks": [
            {
                "type": "rich_text",
                "block_id": "nb3i",
                "elements": [
                    {
                        "type": "rich_text_section",
                        "elements": [
                            {
                                "type": "text",
                                "text": "Lol. As long as we don't name it after another rental vehicle service I think any name we pick is a good one"
                            }
                        ]
                    }
                ]
            }
        ],
        "reactions": [
            {
                "name": "stonks",
                "users": [
                    "U018URES8KV",
                    "U018GF7AFJB",
                    "U01ADEF18N6",
                    "U018X7N6MMG",
                    "U010DDZ3FJR"
                ],
                "count": 5
            }
        ]
    },
    {
        "client_msg_id": "55a652f3-518a-4452-b4c8-3a594dc779f3",
        "type": "message",
        "text": "And then also dunking donuts",
        "user": "U018URES8KV",
        "ts": "1606865511.014300",
        "team": "TCR2U6UEM",
        "user_team": "TCR2U6UEM",
        "source_team": "TCR2U6UEM",
        "user_profile": {
            "avatar_hash": "1b6b64ea950d",
            "image_72": "https:\/\/avatars.slack-edge.com\/2020-09-18\/1380553169540_1b6b64ea950dd455ff25_72.jpg",
            "first_name": "Adam",
            "real_name": "Adam Holmes",
            "display_name": "Adam Holmes",
            "team": "TCR2U6UEM",
            "name": "adamup555",
            "is_restricted": false,
            "is_ultra_restricted": false
        },
        "blocks": [
            {
                "type": "rich_text",
                "block_id": "mjs",
                "elements": [
                    {
                        "type": "rich_text_section",
                        "elements": [
                            {
                                "type": "text",
                                "text": "And then also dunking donuts"
                            }
                        ]
                    }
                ]
            }
        ]
    },
    {
        "client_msg_id": "bc4bbe5a-9412-4437-af00-99459c8a6504",
        "type": "message",
        "text": "Let's name it Penske",
        "user": "U016G7WR3KJ",
        "ts": "1606865535.014700",
        "team": "TCR2U6UEM",
        "user_team": "TCR2U6UEM",
        "source_team": "TCR2U6UEM",
        "user_profile": {
            "avatar_hash": "bbe6b64d1e6f",
            "image_72": "https:\/\/avatars.slack-edge.com\/2020-09-12\/1359637227778_bbe6b64d1e6f191982dd_72.jpg",
            "first_name": "Robbie",
            "real_name": "Robbie Thibodeau",
            "display_name": "Robbie Thibodeau",
            "team": "TCR2U6UEM",
            "name": "rgtthibodeau",
            "is_restricted": false,
            "is_ultra_restricted": false
        },
        "blocks": [
            {
                "type": "rich_text",
                "block_id": "QP3O",
                "elements": [
                    {
                        "type": "rich_text_section",
                        "elements": [
                            {
                                "type": "text",
                                "text": "Let's name it Penske"
                            }
                        ]
                    }
                ]
            }
        ],
        "reactions": [
            {
                "name": "ice_hockey_stick_and_puck",
                "users": [
                    "U010FNPUQP8",
                    "U018GF7AFJB",
                    "U018URES8KV",
                    "U018X7N6MMG"
                ],
                "count": 4
            }
        ]
    },
    {
        "client_msg_id": "097c1fef-304c-4856-a7bb-2df587a39459",
        "type": "message",
        "text": "YES BOTNAME PLEASE",
        "user": "U018GF7AFJB",
        "ts": "1606865542.015100",
        "team": "TCR2U6UEM",
        "user_team": "TCR2U6UEM",
        "source_team": "TCR2U6UEM",
        "user_profile": {
            "avatar_hash": "c31861bbc361",
            "image_72": "https:\/\/avatars.slack-edge.com\/2020-08-16\/1316598132593_c31861bbc3618c961c77_72.jpg",
            "first_name": "",
            "real_name": "Nolan Vibhakar",
            "display_name": "Nolan Vibhakar",
            "team": "TCR2U6UEM",
            "name": "novib21",
            "is_restricted": false,
            "is_ultra_restricted": false
        },
        "blocks": [
            {
                "type": "rich_text",
                "block_id": "x3b0f",
                "elements": [
                    {
                        "type": "rich_text_section",
                        "elements": [
                            {
                                "type": "text",
                                "text": "YES BOTNAME PLEASE"
                            }
                        ]
                    }
                ]
            }
        ]
    },
    {
        "client_msg_id": "5eba09eb-cc4c-48e9-8c42-21de19a27d42",
        "type": "message",
        "text": "SO I CAN FINALLY RENAME ALL THE CODE FILES",
        "user": "U018GF7AFJB",
        "ts": "1606865559.016000",
        "team": "TCR2U6UEM",
        "user_team": "TCR2U6UEM",
        "source_team": "TCR2U6UEM",
        "user_profile": {
            "avatar_hash": "c31861bbc361",
            "image_72": "https:\/\/avatars.slack-edge.com\/2020-08-16\/1316598132593_c31861bbc3618c961c77_72.jpg",
            "first_name": "",
            "real_name": "Nolan Vibhakar",
            "display_name": "Nolan Vibhakar",
            "team": "TCR2U6UEM",
            "name": "novib21",
            "is_restricted": false,
            "is_ultra_restricted": false
        },
        "blocks": [
            {
                "type": "rich_text",
                "block_id": "HQ46",
                "elements": [
                    {
                        "type": "rich_text_section",
                        "elements": [
                            {
                                "type": "text",
                                "text": "SO I CAN FINALLY RENAME ALL THE CODE FILES"
                            }
                        ]
                    }
                ]
            }
        ]
    },
    {
        "client_msg_id": "2f39113e-f293-4b95-94b7-2aa29d979d0a",
        "type": "message",
        "text": "What if we named it Nichigo after our sponsor",
        "user": "U010FNPUQP8",
        "ts": "1606865605.016900",
        "team": "TCR2U6UEM",
        "user_team": "TCR2U6UEM",
        "source_team": "TCR2U6UEM",
        "user_profile": {
            "avatar_hash": "09e03a757dfc",
            "image_72": "https:\/\/avatars.slack-edge.com\/2020-10-16\/1427166742294_09e03a757dfcc5429a42_72.jpg",
            "first_name": "Fergie",
            "real_name": "Fergie",
            "display_name": "Fergie",
            "team": "TCR2U6UEM",
            "name": "fergusonward314",
            "is_restricted": false,
            "is_ultra_restricted": false
        },
        "blocks": [
            {
                "type": "rich_text",
                "block_id": "thFJ4",
                "elements": [
                    {
                        "type": "rich_text_section",
                        "elements": [
                            {
                                "type": "text",
                                "text": "What if we named it Nichigo after our sponsor"
                            }
                        ]
                    }
                ]
            }
        ]
    },
    {
        "client_msg_id": "f6910ef6-36cb-4cb5-aae5-b74b50e9b096",
        "type": "message",
        "text": "<https:\/\/poll.ly\/#\/G1qJeJyG>",
        "user": "U018URES8KV",
        "ts": "1606865674.017300",
        "team": "TCR2U6UEM",
        "user_team": "TCR2U6UEM",
        "source_team": "TCR2U6UEM",
        "user_profile": {
            "avatar_hash": "1b6b64ea950d",
            "image_72": "https:\/\/avatars.slack-edge.com\/2020-09-18\/1380553169540_1b6b64ea950dd455ff25_72.jpg",
            "first_name": "Adam",
            "real_name": "Adam Holmes",
            "display_name": "Adam Holmes",
            "team": "TCR2U6UEM",
            "name": "adamup555",
            "is_restricted": false,
            "is_ultra_restricted": false
        },
        "attachments": [
            {
                "title": "pollly",
                "title_link": "https:\/\/poll.ly\/#\/G1qJeJyG",
                "text": "pollly is your perfect partner to gather ideas and opinions no registering required, free and absolutely fool-proofed.",
                "fallback": "pollly",
                "image_url": "http:\/\/poll.ly\/share-image.png",
                "from_url": "https:\/\/poll.ly\/#\/G1qJeJyG",
                "image_width": 341,
                "image_height": 250,
                "image_bytes": 7372,
                "service_icon": "https:\/\/poll.ly\/favicon.ico",
                "service_name": "poll.ly",
                "id": 1,
                "original_url": "https:\/\/poll.ly\/#\/G1qJeJyG"
            }
        ],
        "blocks": [
            {
                "type": "rich_text",
                "block_id": "77J",
                "elements": [
                    {
                        "type": "rich_text_section",
                        "elements": [
                            {
                                "type": "link",
                                "url": "https:\/\/poll.ly\/#\/G1qJeJyG"
                            }
                        ]
                    }
                ]
            }
        ]
    },
    {
        "client_msg_id": "e9f6ee20-cd55-4dfa-bc97-97606d9d0826",
        "type": "message",
        "text": "poll",
        "user": "U018URES8KV",
        "ts": "1606865680.017700",
        "team": "TCR2U6UEM",
        "user_team": "TCR2U6UEM",
        "source_team": "TCR2U6UEM",
        "user_profile": {
            "avatar_hash": "1b6b64ea950d",
            "image_72": "https:\/\/avatars.slack-edge.com\/2020-09-18\/1380553169540_1b6b64ea950dd455ff25_72.jpg",
            "first_name": "Adam",
            "real_name": "Adam Holmes",
            "display_name": "Adam Holmes",
            "team": "TCR2U6UEM",
            "name": "adamup555",
            "is_restricted": false,
            "is_ultra_restricted": false
        },
        "blocks": [
            {
                "type": "rich_text",
                "block_id": "NmOcZ",
                "elements": [
                    {
                        "type": "rich_text_section",
                        "elements": [
                            {
                                "type": "text",
                                "text": "poll"
                            }
                        ]
                    }
                ]
            }
        ]
    },
    {
        "client_msg_id": "18c3cc2d-c117-4fcf-a8bb-0a7b32c2d6dc",
        "type": "message",
        "text": "pick a bot name or add another one",
        "user": "U018URES8KV",
        "ts": "1606865685.017900",
        "team": "TCR2U6UEM",
        "user_team": "TCR2U6UEM",
        "source_team": "TCR2U6UEM",
        "user_profile": {
            "avatar_hash": "1b6b64ea950d",
            "image_72": "https:\/\/avatars.slack-edge.com\/2020-09-18\/1380553169540_1b6b64ea950dd455ff25_72.jpg",
            "first_name": "Adam",
            "real_name": "Adam Holmes",
            "display_name": "Adam Holmes",
            "team": "TCR2U6UEM",
            "name": "adamup555",
            "is_restricted": false,
            "is_ultra_restricted": false
        },
        "blocks": [
            {
                "type": "rich_text",
                "block_id": "E4o",
                "elements": [
                    {
                        "type": "rich_text_section",
                        "elements": [
                            {
                                "type": "text",
                                "text": "pick a bot name or add another one"
                            }
                        ]
                    }
                ]
            }
        ]
    },
    {
        "client_msg_id": "662097e2-e634-46a0-97a4-440a9097ba27",
        "type": "message",
        "text": "yaknow for as cutesie and weird as this poll site looks it actually works really well",
        "user": "U018URES8KV",
        "ts": "1606865838.018300",
        "team": "TCR2U6UEM",
        "user_team": "TCR2U6UEM",
        "source_team": "TCR2U6UEM",
        "user_profile": {
            "avatar_hash": "1b6b64ea950d",
            "image_72": "https:\/\/avatars.slack-edge.com\/2020-09-18\/1380553169540_1b6b64ea950dd455ff25_72.jpg",
            "first_name": "Adam",
            "real_name": "Adam Holmes",
            "display_name": "Adam Holmes",
            "team": "TCR2U6UEM",
            "name": "adamup555",
            "is_restricted": false,
            "is_ultra_restricted": false
        },
        "blocks": [
            {
                "type": "rich_text",
                "block_id": "yBF",
                "elements": [
                    {
                        "type": "rich_text_section",
                        "elements": [
                            {
                                "type": "text",
                                "text": "yaknow for as cutesie and weird as this poll site looks it actually works really well"
                            }
                        ]
                    }
                ]
            }
        ],
        "reactions": [
            {
                "name": "glitch_crab",
                "users": [
                    "U010FNPUQP8"
                ],
                "count": 1
            }
        ]
    },
    {
        "client_msg_id": "c3c0a327-d543-48a1-b102-a16b79425f9c",
        "type": "message",
        "text": "Yeah I like it",
        "user": "U018GF7AFJB",
        "ts": "1606865848.018500",
        "team": "TCR2U6UEM",
        "user_team": "TCR2U6UEM",
        "source_team": "TCR2U6UEM",
        "user_profile": {
            "avatar_hash": "c31861bbc361",
            "image_72": "https:\/\/avatars.slack-edge.com\/2020-08-16\/1316598132593_c31861bbc3618c961c77_72.jpg",
            "first_name": "",
            "real_name": "Nolan Vibhakar",
            "display_name": "Nolan Vibhakar",
            "team": "TCR2U6UEM",
            "name": "novib21",
            "is_restricted": false,
            "is_ultra_restricted": false
        },
        "blocks": [
            {
                "type": "rich_text",
                "block_id": "Hdxw",
                "elements": [
                    {
                        "type": "rich_text_section",
                        "elements": [
                            {
                                "type": "text",
                                "text": "Yeah I like it"
                            }
                        ]
                    }
                ]
            }
        ]
    },
    {
        "client_msg_id": "19db8f78-c27d-4482-a524-4812ec3ca733",
        "type": "message",
        "text": "and it took like 20 seconds to make lol",
        "user": "U018URES8KV",
        "ts": "1606865862.018800",
        "team": "TCR2U6UEM",
        "user_team": "TCR2U6UEM",
        "source_team": "TCR2U6UEM",
        "user_profile": {
            "avatar_hash": "1b6b64ea950d",
            "image_72": "https:\/\/avatars.slack-edge.com\/2020-09-18\/1380553169540_1b6b64ea950dd455ff25_72.jpg",
            "first_name": "Adam",
            "real_name": "Adam Holmes",
            "display_name": "Adam Holmes",
            "team": "TCR2U6UEM",
            "name": "adamup555",
            "is_restricted": false,
            "is_ultra_restricted": false
        },
        "blocks": [
            {
                "type": "rich_text",
                "block_id": "i8mtb",
                "elements": [
                    {
                        "type": "rich_text_section",
                        "elements": [
                            {
                                "type": "text",
                                "text": "and it took like 20 seconds to make lol"
                            }
                        ]
                    }
                ]
            }
        ]
    },
    {
        "client_msg_id": "13b81c45-cbe1-42e7-bdf8-67f19f25418d",
        "type": "message",
        "text": "So I guess Duncan is the provisional name then?",
        "user": "U010FNPUQP8",
        "ts": "1606875150.019300",
        "team": "TCR2U6UEM",
        "user_team": "TCR2U6UEM",
        "source_team": "TCR2U6UEM",
        "user_profile": {
            "avatar_hash": "09e03a757dfc",
            "image_72": "https:\/\/avatars.slack-edge.com\/2020-10-16\/1427166742294_09e03a757dfcc5429a42_72.jpg",
            "first_name": "Fergie",
            "real_name": "Fergie",
            "display_name": "Fergie",
            "team": "TCR2U6UEM",
            "name": "fergusonward314",
            "is_restricted": false,
            "is_ultra_restricted": false
        },
        "blocks": [
            {
                "type": "rich_text",
                "block_id": "YTbG",
                "elements": [
                    {
                        "type": "rich_text_section",
                        "elements": [
                            {
                                "type": "text",
                                "text": "So I guess Duncan is the provisional name then?"
                            }
                        ]
                    }
                ]
            }
        ]
    },
    {
        "client_msg_id": "60b5a7c9-cc1f-4fd7-aa2f-833534063124",
        "type": "message",
        "text": "The question is which way do we spell it",
        "user": "U018URES8KV",
        "ts": "1606875213.019600",
        "team": "TCR2U6UEM",
        "user_team": "TCR2U6UEM",
        "source_team": "TCR2U6UEM",
        "user_profile": {
            "avatar_hash": "1b6b64ea950d",
            "image_72": "https:\/\/avatars.slack-edge.com\/2020-09-18\/1380553169540_1b6b64ea950dd455ff25_72.jpg",
            "first_name": "Adam",
            "real_name": "Adam Holmes",
            "display_name": "Adam Holmes",
            "team": "TCR2U6UEM",
            "name": "adamup555",
            "is_restricted": false,
            "is_ultra_restricted": false
        },
        "blocks": [
            {
                "type": "rich_text",
                "block_id": "Qlj7c",
                "elements": [
                    {
                        "type": "rich_text_section",
                        "elements": [
                            {
                                "type": "text",
                                "text": "The question is which way do we spell it"
                            }
                        ]
                    }
                ]
            }
        ]
    },
    {
        "client_msg_id": "fbe38e8e-28cb-4906-9dfe-9c398ee0d15a",
        "type": "message",
        "text": "<https:\/\/poll.ly\/#\/Glbx9RpB>",
        "user": "U018URES8KV",
        "ts": "1606875271.019800",
        "team": "TCR2U6UEM",
        "user_team": "TCR2U6UEM",
        "source_team": "TCR2U6UEM",
        "user_profile": {
            "avatar_hash": "1b6b64ea950d",
            "image_72": "https:\/\/avatars.slack-edge.com\/2020-09-18\/1380553169540_1b6b64ea950dd455ff25_72.jpg",
            "first_name": "Adam",
            "real_name": "Adam Holmes",
            "display_name": "Adam Holmes",
            "team": "TCR2U6UEM",
            "name": "adamup555",
            "is_restricted": false,
            "is_ultra_restricted": false
        },
        "attachments": [
            {
                "title": "pollly",
                "title_link": "https:\/\/poll.ly\/#\/Glbx9RpB",
                "text": "pollly is your perfect partner to gather ideas and opinions no registering required, free and absolutely fool-proofed.",
                "fallback": "pollly",
                "image_url": "http:\/\/poll.ly\/share-image.png",
                "from_url": "https:\/\/poll.ly\/#\/Glbx9RpB",
                "image_width": 341,
                "image_height": 250,
                "image_bytes": 7372,
                "service_icon": "https:\/\/poll.ly\/favicon.ico",
                "service_name": "poll.ly",
                "id": 1,
                "original_url": "https:\/\/poll.ly\/#\/Glbx9RpB"
            }
        ],
        "blocks": [
            {
                "type": "rich_text",
                "block_id": "dchyL",
                "elements": [
                    {
                        "type": "rich_text_section",
                        "elements": [
                            {
                                "type": "link",
                                "url": "https:\/\/poll.ly\/#\/Glbx9RpB"
                            }
                        ]
                    }
                ]
            }
        ]
    },
    {
        "client_msg_id": "229d9260-325f-4365-8db5-5ba011bb781b",
        "type": "message",
        "text": "An is superior change my mind",
        "user": "U0193D42LHJ",
        "ts": "1606875384.020700",
        "team": "TCR2U6UEM",
        "user_team": "TCR2U6UEM",
        "source_team": "TCR2U6UEM",
        "user_profile": {
            "avatar_hash": "ac92a4993882",
            "image_72": "https:\/\/avatars.slack-edge.com\/2020-09-18\/1380577414884_ac92a4993882a5db4876_72.png",
            "first_name": "Elliot",
            "real_name": "Elliot Schmidt",
            "display_name": "Elliot",
            "team": "TCR2U6UEM",
            "name": "elliotschmidt2002",
            "is_restricted": false,
            "is_ultra_restricted": false
        },
        "blocks": [
            {
                "type": "rich_text",
                "block_id": "bfX+I",
                "elements": [
                    {
                        "type": "rich_text_section",
                        "elements": [
                            {
                                "type": "text",
                                "text": "An is superior change my mind"
                            }
                        ]
                    }
                ]
            }
        ]
    },
    {
        "client_msg_id": "4341ba30-21bf-4826-ad54-acd95ca04d7e",
        "type": "message",
        "text": "100%",
        "user": "U016G7WR3KJ",
        "ts": "1606875416.021000",
        "team": "TCR2U6UEM",
        "user_team": "TCR2U6UEM",
        "source_team": "TCR2U6UEM",
        "user_profile": {
            "avatar_hash": "bbe6b64d1e6f",
            "image_72": "https:\/\/avatars.slack-edge.com\/2020-09-12\/1359637227778_bbe6b64d1e6f191982dd_72.jpg",
            "first_name": "Robbie",
            "real_name": "Robbie Thibodeau",
            "display_name": "Robbie Thibodeau",
            "team": "TCR2U6UEM",
            "name": "rgtthibodeau",
            "is_restricted": false,
            "is_ultra_restricted": false
        },
        "blocks": [
            {
                "type": "rich_text",
                "block_id": "Heyjz",
                "elements": [
                    {
                        "type": "rich_text_section",
                        "elements": [
                            {
                                "type": "text",
                                "text": "100%"
                            }
                        ]
                    }
                ]
            }
        ]
    },
    {
        "client_msg_id": "9633f448-1501-4196-ad33-fe2f0a982aee",
        "type": "message",
        "text": "Wait theres a polly bot :O",
        "user": "U018URES8KV",
        "ts": "1606875526.021800",
        "team": "TCR2U6UEM",
        "user_team": "TCR2U6UEM",
        "source_team": "TCR2U6UEM",
        "user_profile": {
            "avatar_hash": "1b6b64ea950d",
            "image_72": "https:\/\/avatars.slack-edge.com\/2020-09-18\/1380553169540_1b6b64ea950dd455ff25_72.jpg",
            "first_name": "Adam",
            "real_name": "Adam Holmes",
            "display_name": "Adam Holmes",
            "team": "TCR2U6UEM",
            "name": "adamup555",
            "is_restricted": false,
            "is_ultra_restricted": false
        },
        "blocks": [
            {
                "type": "rich_text",
                "block_id": "yDfPe",
                "elements": [
                    {
                        "type": "rich_text_section",
                        "elements": [
                            {
                                "type": "text",
                                "text": "Wait theres a polly bot :O"
                            }
                        ]
                    }
                ]
            }
        ]
    },
    {
        "client_msg_id": "c7ba7400-43a6-4661-8485-c45b71ff1e55",
        "type": "message",
        "text": "There's been ome",
        "user": "U0193D42LHJ",
        "ts": "1606875531.022200",
        "team": "TCR2U6UEM",
        "user_team": "TCR2U6UEM",
        "source_team": "TCR2U6UEM",
        "user_profile": {
            "avatar_hash": "ac92a4993882",
            "image_72": "https:\/\/avatars.slack-edge.com\/2020-09-18\/1380577414884_ac92a4993882a5db4876_72.png",
            "first_name": "Elliot",
            "real_name": "Elliot Schmidt",
            "display_name": "Elliot",
            "team": "TCR2U6UEM",
            "name": "elliotschmidt2002",
            "is_restricted": false,
            "is_ultra_restricted": false
        },
        "blocks": [
            {
                "type": "rich_text",
                "block_id": "K\/U6",
                "elements": [
                    {
                        "type": "rich_text_section",
                        "elements": [
                            {
                                "type": "text",
                                "text": "There's been ome"
                            }
                        ]
                    }
                ]
            }
        ]
    },
    {
        "client_msg_id": "ebc8253d-9cd4-404a-82a1-9089eaa165e6",
        "type": "message",
        "text": "You've used it before lmao",
        "user": "U0193D42LHJ",
        "ts": "1606875536.022900",
        "team": "TCR2U6UEM",
        "user_team": "TCR2U6UEM",
        "source_team": "TCR2U6UEM",
        "user_profile": {
            "avatar_hash": "ac92a4993882",
            "image_72": "https:\/\/avatars.slack-edge.com\/2020-09-18\/1380577414884_ac92a4993882a5db4876_72.png",
            "first_name": "Elliot",
            "real_name": "Elliot Schmidt",
            "display_name": "Elliot",
            "team": "TCR2U6UEM",
            "name": "elliotschmidt2002",
            "is_restricted": false,
            "is_ultra_restricted": false
        },
        "blocks": [
            {
                "type": "rich_text",
                "block_id": "iQc",
                "elements": [
                    {
                        "type": "rich_text_section",
                        "elements": [
                            {
                                "type": "text",
                                "text": "You've used it before lmao"
                            }
                        ]
                    }
                ]
            }
        ]
    },
    {
        "client_msg_id": "21a8d5f5-ea89-4fed-8268-74915f3c83f5",
        "type": "message",
        "text": "Click the lightning bolt",
        "user": "U016G7WR3KJ",
        "ts": "1606875542.023800",
        "team": "TCR2U6UEM",
        "user_team": "TCR2U6UEM",
        "source_team": "TCR2U6UEM",
        "user_profile": {
            "avatar_hash": "bbe6b64d1e6f",
            "image_72": "https:\/\/avatars.slack-edge.com\/2020-09-12\/1359637227778_bbe6b64d1e6f191982dd_72.jpg",
            "first_name": "Robbie",
            "real_name": "Robbie Thibodeau",
            "display_name": "Robbie Thibodeau",
            "team": "TCR2U6UEM",
            "name": "rgtthibodeau",
            "is_restricted": false,
            "is_ultra_restricted": false
        },
        "blocks": [
            {
                "type": "rich_text",
                "block_id": "yhl9",
                "elements": [
                    {
                        "type": "rich_text_section",
                        "elements": [
                            {
                                "type": "text",
                                "text": "Click the lightning bolt"
                            }
                        ]
                    }
                ]
            }
        ]
    },
    {
        "client_msg_id": "31f72a4c-e624-4650-980c-c3ed42b98389",
        "type": "message",
        "text": "Also robbie make the votes visible",
        "user": "U0193D42LHJ",
        "ts": "1606875544.023900",
        "team": "TCR2U6UEM",
        "user_team": "TCR2U6UEM",
        "source_team": "TCR2U6UEM",
        "user_profile": {
            "avatar_hash": "ac92a4993882",
            "image_72": "https:\/\/avatars.slack-edge.com\/2020-09-18\/1380577414884_ac92a4993882a5db4876_72.png",
            "first_name": "Elliot",
            "real_name": "Elliot Schmidt",
            "display_name": "Elliot",
            "team": "TCR2U6UEM",
            "name": "elliotschmidt2002",
            "is_restricted": false,
            "is_ultra_restricted": false
        },
        "blocks": [
            {
                "type": "rich_text",
                "block_id": "RnWlD",
                "elements": [
                    {
                        "type": "rich_text_section",
                        "elements": [
                            {
                                "type": "text",
                                "text": "Also robbie make the votes visible"
                            }
                        ]
                    }
                ]
            }
        ]
    },
    {
        "client_msg_id": "25403820-4c9f-430c-9d98-697d2d63a1d1",
        "type": "message",
        "text": "I messed it up pol",
        "user": "U016G7WR3KJ",
        "ts": "1606875554.024400",
        "team": "TCR2U6UEM",
        "user_team": "TCR2U6UEM",
        "source_team": "TCR2U6UEM",
        "user_profile": {
            "avatar_hash": "bbe6b64d1e6f",
            "image_72": "https:\/\/avatars.slack-edge.com\/2020-09-12\/1359637227778_bbe6b64d1e6f191982dd_72.jpg",
            "first_name": "Robbie",
            "real_name": "Robbie Thibodeau",
            "display_name": "Robbie Thibodeau",
            "team": "TCR2U6UEM",
            "name": "rgtthibodeau",
            "is_restricted": false,
            "is_ultra_restricted": false
        },
        "blocks": [
            {
                "type": "rich_text",
                "block_id": "z+E",
                "elements": [
                    {
                        "type": "rich_text_section",
                        "elements": [
                            {
                                "type": "text",
                                "text": "I messed it up pol"
                            }
                        ]
                    }
                ]
            }
        ],
        "reactions": [
            {
                "name": "kamen_pog",
                "users": [
                    "U010FNPUQP8",
                    "U018URES8KV"
                ],
                "count": 2
            }
        ]
    },
    {
        "client_msg_id": "e3a28c60-f32b-4241-9010-6fdcfcfe05e3",
        "type": "message",
        "text": "Lol",
        "user": "U016G7WR3KJ",
        "ts": "1606875556.024500",
        "team": "TCR2U6UEM",
        "user_team": "TCR2U6UEM",
        "source_team": "TCR2U6UEM",
        "user_profile": {
            "avatar_hash": "bbe6b64d1e6f",
            "image_72": "https:\/\/avatars.slack-edge.com\/2020-09-12\/1359637227778_bbe6b64d1e6f191982dd_72.jpg",
            "first_name": "Robbie",
            "real_name": "Robbie Thibodeau",
            "display_name": "Robbie Thibodeau",
            "team": "TCR2U6UEM",
            "name": "rgtthibodeau",
            "is_restricted": false,
            "is_ultra_restricted": false
        },
        "blocks": [
            {
                "type": "rich_text",
                "block_id": "HHgm",
                "elements": [
                    {
                        "type": "rich_text_section",
                        "elements": [
                            {
                                "type": "text",
                                "text": "Lol"
                            }
                        ]
                    }
                ]
            }
        ]
    },
    {
        "type": "message",
        "subtype": "bot_message",
        "text": "<@U016G7WR3KJ> has a polly for you!",
        "ts": "1606875606.025300",
        "username": "Polly",
        "bot_id": "B010HM324DU",
        "blocks": [
            {
                "type": "section",
                "block_id": "LwE3",
                "text": {
                    "type": "mrkdwn",
                    "text": "*what spelling *\n",
                    "verbatim": true
                }
            },
            {
                "type": "actions",
                "block_id": "i5=96",
                "elements": [
                    {
                        "type": "button",
                        "action_id": "PollMessage(3N6xQ3GTKZDjgwZ8s).VotingButton(0)",
                        "text": {
                            "type": "plain_text",
                            "text": "Duncan ",
                            "emoji": true
                        },
                        "value": "one"
                    },
                    {
                        "type": "button",
                        "action_id": "PollMessage(3N6xQ3GTKZDjgwZ8s).VotingButton(1)",
                        "text": {
                            "type": "plain_text",
                            "text": "Dunkin",
                            "emoji": true
                        },
                        "value": "two"
                    }
                ]
            },
            {
                "type": "section",
                "block_id": "ALbkt",
                "fields": [
                    {
                        "type": "mrkdwn",
                        "text": "Duncan   \n\n`█████████████████████████`  |  100% (5)\n\n<@U010DDZ3FJR>, <@U018GF7AFJB>, <@U0193D42LHJ> + 2 more",
                        "verbatim": true
                    },
                    {
                        "type": "mrkdwn",
                        "text": "Dunkin  \n\n`⁢ ⁢ ⁢ ⁢ ⁢ ⁢ ⁢ ⁢ ⁢ ⁢ ⁢ ⁢ ⁢ ⁢ ⁢ ⁢ ⁢ ⁢ ⁢ ⁢ ⁢ ⁢ ⁢ ⁢ ⁢ `  |  0% (0)\n\n",
                        "verbatim": true
                    }
                ]
            },
            {
                "type": "context",
                "block_id": "GbsP",
                "elements": [
                    {
                        "type": "mrkdwn",
                        "text": "*Total Votes*: 5",
                        "verbatim": true
                    }
                ]
            },
            {
                "type": "actions",
                "block_id": "KPS7",
                "elements": [
                    {
                        "type": "button",
                        "action_id": "PollMessage(3N6xQ3GTKZDjgwZ8s).AddCommentButton",
                        "text": {
                            "type": "plain_text",
                            "text": "Add a Comment",
                            "emoji": true
                        }
                    },
                    {
                        "type": "button",
                        "action_id": "PollMessage(3N6xQ3GTKZDjgwZ8s).ViewAllResponsesButton",
                        "text": {
                            "type": "plain_text",
                            "text": "View All Responses",
                            "emoji": true
                        }
                    }
                ]
            },
            {
                "type": "divider",
                "block_id": "+puK"
            },
            {
                "type": "context",
                "block_id": "ipAIl",
                "elements": [
                    {
                        "type": "mrkdwn",
                        "text": "Sender: @Robbie Thibodeau  |  *:clock930: Closes: *<!date^1609467604^{date_short} at {time}|Jan 1, 2021 at 02:20 AM>  |  :unlock: Responses are Non-Anonymous\n\n:smile: Get insight on your meeting’s effectiveness with our <https:\/\/app.polly.ai\/templates\/global\/meeting-feedback?utm_source=poll-message&amp;utm_medium=slack&amp;utm_term=meeting-feedback-template|meeting feedback template>",
                        "verbatim": true
                    }
                ]
            }
        ],
        "edited": {
            "user": "B010HM324DU",
            "ts": "1606877452.000000"
        }
    }
]