[
    {
        "client_msg_id": "33a83785-04cd-480a-a24f-704f9857b888",
        "type": "message",
        "text": "<@U018X7N6MMG> is anyone going in today",
        "user": "U016G7WR3KJ",
        "ts": "1605112692.000700",
        "team": "TCR2U6UEM",
        "user_team": "TCR2U6UEM",
        "source_team": "TCR2U6UEM",
        "user_profile": {
            "avatar_hash": "bbe6b64d1e6f",
            "image_72": "https:\/\/avatars.slack-edge.com\/2020-09-12\/1359637227778_bbe6b64d1e6f191982dd_72.jpg",
            "first_name": "Robbie",
            "real_name": "Robbie Thibodeau",
            "display_name": "Robbie Thibodeau",
            "team": "TCR2U6UEM",
            "name": "rgtthibodeau",
            "is_restricted": false,
            "is_ultra_restricted": false
        },
        "blocks": [
            {
                "type": "rich_text",
                "block_id": "nJ9",
                "elements": [
                    {
                        "type": "rich_text_section",
                        "elements": [
                            {
                                "type": "user",
                                "user_id": "U018X7N6MMG"
                            },
                            {
                                "type": "text",
                                "text": " is anyone going in today"
                            }
                        ]
                    }
                ]
            }
        ]
    },
    {
        "client_msg_id": "ff4c3b21-f67e-489e-9859-489dd3a91aec",
        "type": "message",
        "text": "yeah",
        "user": "U018X7N6MMG",
        "ts": "1605112790.000900",
        "team": "TCR2U6UEM",
        "user_team": "TCR2U6UEM",
        "source_team": "TCR2U6UEM",
        "user_profile": {
            "avatar_hash": "ba89825d3b7b",
            "image_72": "https:\/\/avatars.slack-edge.com\/2020-09-11\/1355949232709_ba89825d3b7bcf995dc9_72.png",
            "first_name": "Keith",
            "real_name": "Keith Friestad",
            "display_name": "",
            "team": "TCR2U6UEM",
            "name": "keith.friestad",
            "is_restricted": false,
            "is_ultra_restricted": false
        },
        "blocks": [
            {
                "type": "rich_text",
                "block_id": "CF=",
                "elements": [
                    {
                        "type": "rich_text_section",
                        "elements": [
                            {
                                "type": "text",
                                "text": "yeah"
                            }
                        ]
                    }
                ]
            }
        ]
    },
    {
        "client_msg_id": "66dcfeab-d4eb-47e6-9c59-4f0224900f37",
        "type": "message",
        "text": "What time",
        "user": "U016G7WR3KJ",
        "ts": "1605112827.001200",
        "team": "TCR2U6UEM",
        "user_team": "TCR2U6UEM",
        "source_team": "TCR2U6UEM",
        "user_profile": {
            "avatar_hash": "bbe6b64d1e6f",
            "image_72": "https:\/\/avatars.slack-edge.com\/2020-09-12\/1359637227778_bbe6b64d1e6f191982dd_72.jpg",
            "first_name": "Robbie",
            "real_name": "Robbie Thibodeau",
            "display_name": "Robbie Thibodeau",
            "team": "TCR2U6UEM",
            "name": "rgtthibodeau",
            "is_restricted": false,
            "is_ultra_restricted": false
        },
        "blocks": [
            {
                "type": "rich_text",
                "block_id": "LiQ",
                "elements": [
                    {
                        "type": "rich_text_section",
                        "elements": [
                            {
                                "type": "text",
                                "text": "What time"
                            }
                        ]
                    }
                ]
            }
        ]
    },
    {
        "client_msg_id": "41d2b2ee-a55f-445c-b9f5-9812cc026f97",
        "type": "message",
        "text": "1:00 ish",
        "user": "U018X7N6MMG",
        "ts": "1605113195.001500",
        "team": "TCR2U6UEM",
        "user_team": "TCR2U6UEM",
        "source_team": "TCR2U6UEM",
        "user_profile": {
            "avatar_hash": "ba89825d3b7b",
            "image_72": "https:\/\/avatars.slack-edge.com\/2020-09-11\/1355949232709_ba89825d3b7bcf995dc9_72.png",
            "first_name": "Keith",
            "real_name": "Keith Friestad",
            "display_name": "",
            "team": "TCR2U6UEM",
            "name": "keith.friestad",
            "is_restricted": false,
            "is_ultra_restricted": false
        },
        "blocks": [
            {
                "type": "rich_text",
                "block_id": "jPW",
                "elements": [
                    {
                        "type": "rich_text_section",
                        "elements": [
                            {
                                "type": "text",
                                "text": "1:00 ish"
                            }
                        ]
                    }
                ]
            }
        ]
    },
    {
        "client_msg_id": "58a1eed7-79e1-470f-8105-3f4e1d4181d8",
        "type": "message",
        "text": "I believe rn it will be luke, keith, and i",
        "user": "U018GF7AFJB",
        "ts": "1605114505.002200",
        "team": "TCR2U6UEM",
        "user_team": "TCR2U6UEM",
        "source_team": "TCR2U6UEM",
        "user_profile": {
            "avatar_hash": "c31861bbc361",
            "image_72": "https:\/\/avatars.slack-edge.com\/2020-08-16\/1316598132593_c31861bbc3618c961c77_72.jpg",
            "first_name": "",
            "real_name": "Nolan Vibhakar",
            "display_name": "Nolan Vibhakar",
            "team": "TCR2U6UEM",
            "name": "novib21",
            "is_restricted": false,
            "is_ultra_restricted": false
        },
        "blocks": [
            {
                "type": "rich_text",
                "block_id": "jL9",
                "elements": [
                    {
                        "type": "rich_text_section",
                        "elements": [
                            {
                                "type": "text",
                                "text": "I believe rn it will be luke, keith, and i"
                            }
                        ]
                    }
                ]
            }
        ]
    },
    {
        "client_msg_id": "c288d3c5-b6d7-43e4-b900-802dd874ddbe",
        "type": "message",
        "text": "Yeah, I'll show up around 1 too",
        "user": "U010DDZ3FJR",
        "ts": "1605114708.002700",
        "team": "TCR2U6UEM",
        "user_team": "TCR2U6UEM",
        "source_team": "TCR2U6UEM",
        "user_profile": {
            "avatar_hash": "fda0a36a8605",
            "image_72": "https:\/\/avatars.slack-edge.com\/2020-09-18\/1386993799393_fda0a36a86053c692b20_72.jpg",
            "first_name": "Luke",
            "real_name": "Luke Aschenbrenner",
            "display_name": "Luke Aschenbrenner",
            "team": "TCR2U6UEM",
            "name": "ashbren21",
            "is_restricted": false,
            "is_ultra_restricted": false
        },
        "blocks": [
            {
                "type": "rich_text",
                "block_id": "R7aAr",
                "elements": [
                    {
                        "type": "rich_text_section",
                        "elements": [
                            {
                                "type": "text",
                                "text": "Yeah, I'll show up around 1 too"
                            }
                        ]
                    }
                ]
            }
        ]
    },
    {
        "client_msg_id": "f06f532d-6be3-4b51-9608-3e708bf73d8b",
        "type": "message",
        "text": "I'll be there a little later since I have a 5th period class. I'll head down after that",
        "user": "U018GF7AFJB",
        "ts": "1605114749.003400",
        "team": "TCR2U6UEM",
        "user_team": "TCR2U6UEM",
        "source_team": "TCR2U6UEM",
        "user_profile": {
            "avatar_hash": "c31861bbc361",
            "image_72": "https:\/\/avatars.slack-edge.com\/2020-08-16\/1316598132593_c31861bbc3618c961c77_72.jpg",
            "first_name": "",
            "real_name": "Nolan Vibhakar",
            "display_name": "Nolan Vibhakar",
            "team": "TCR2U6UEM",
            "name": "novib21",
            "is_restricted": false,
            "is_ultra_restricted": false
        },
        "blocks": [
            {
                "type": "rich_text",
                "block_id": "qge",
                "elements": [
                    {
                        "type": "rich_text_section",
                        "elements": [
                            {
                                "type": "text",
                                "text": "I'll be there a little later since I have a 5th period class. I'll head down after that"
                            }
                        ]
                    }
                ]
            }
        ],
        "reactions": [
            {
                "name": "+1",
                "users": [
                    "U010DDZ3FJR"
                ],
                "count": 1
            }
        ]
    },
    {
        "client_msg_id": "1be97b8e-4793-4abe-aa8d-074a5d0d7ad6",
        "type": "message",
        "text": "<@U018X7N6MMG> Can you guys send a zoom link?",
        "user": "U010DDZ3FJR",
        "ts": "1605125588.004200",
        "team": "TCR2U6UEM",
        "user_team": "TCR2U6UEM",
        "source_team": "TCR2U6UEM",
        "user_profile": {
            "avatar_hash": "fda0a36a8605",
            "image_72": "https:\/\/avatars.slack-edge.com\/2020-09-18\/1386993799393_fda0a36a86053c692b20_72.jpg",
            "first_name": "Luke",
            "real_name": "Luke Aschenbrenner",
            "display_name": "Luke Aschenbrenner",
            "team": "TCR2U6UEM",
            "name": "ashbren21",
            "is_restricted": false,
            "is_ultra_restricted": false
        },
        "blocks": [
            {
                "type": "rich_text",
                "block_id": "loq",
                "elements": [
                    {
                        "type": "rich_text_section",
                        "elements": [
                            {
                                "type": "user",
                                "user_id": "U018X7N6MMG"
                            },
                            {
                                "type": "text",
                                "text": " Can you guys send a zoom link?"
                            }
                        ]
                    }
                ]
            }
        ]
    },
    {
        "client_msg_id": "16be477e-decd-4fbb-9c80-acdb3ffb020c",
        "type": "message",
        "text": "Also pinging <@U018GF7AFJB> <@U016G7WR3KJ>",
        "user": "U010DDZ3FJR",
        "ts": "1605125665.004600",
        "team": "TCR2U6UEM",
        "user_team": "TCR2U6UEM",
        "source_team": "TCR2U6UEM",
        "user_profile": {
            "avatar_hash": "fda0a36a8605",
            "image_72": "https:\/\/avatars.slack-edge.com\/2020-09-18\/1386993799393_fda0a36a86053c692b20_72.jpg",
            "first_name": "Luke",
            "real_name": "Luke Aschenbrenner",
            "display_name": "Luke Aschenbrenner",
            "team": "TCR2U6UEM",
            "name": "ashbren21",
            "is_restricted": false,
            "is_ultra_restricted": false
        },
        "blocks": [
            {
                "type": "rich_text",
                "block_id": "yWzK",
                "elements": [
                    {
                        "type": "rich_text_section",
                        "elements": [
                            {
                                "type": "text",
                                "text": "Also pinging "
                            },
                            {
                                "type": "user",
                                "user_id": "U018GF7AFJB"
                            },
                            {
                                "type": "text",
                                "text": " "
                            },
                            {
                                "type": "user",
                                "user_id": "U016G7WR3KJ"
                            }
                        ]
                    }
                ]
            }
        ]
    },
    {
        "client_msg_id": "a4c6d6f1-d848-48ac-993e-a58722ac703a",
        "type": "message",
        "text": "Yeah 1 sec",
        "user": "U018GF7AFJB",
        "ts": "1605125872.004800",
        "team": "TCR2U6UEM",
        "user_team": "TCR2U6UEM",
        "source_team": "TCR2U6UEM",
        "user_profile": {
            "avatar_hash": "c31861bbc361",
            "image_72": "https:\/\/avatars.slack-edge.com\/2020-08-16\/1316598132593_c31861bbc3618c961c77_72.jpg",
            "first_name": "",
            "real_name": "Nolan Vibhakar",
            "display_name": "Nolan Vibhakar",
            "team": "TCR2U6UEM",
            "name": "novib21",
            "is_restricted": false,
            "is_ultra_restricted": false
        },
        "blocks": [
            {
                "type": "rich_text",
                "block_id": "7Y3",
                "elements": [
                    {
                        "type": "rich_text_section",
                        "elements": [
                            {
                                "type": "text",
                                "text": "Yeah 1 sec"
                            }
                        ]
                    }
                ]
            }
        ]
    },
    {
        "client_msg_id": "edcbcf4e-df92-4008-b758-9cfc7d2ceb16",
        "type": "message",
        "text": "i got it",
        "user": "U016G7WR3KJ",
        "ts": "1605126167.005100",
        "team": "TCR2U6UEM",
        "user_team": "TCR2U6UEM",
        "source_team": "TCR2U6UEM",
        "user_profile": {
            "avatar_hash": "bbe6b64d1e6f",
            "image_72": "https:\/\/avatars.slack-edge.com\/2020-09-12\/1359637227778_bbe6b64d1e6f191982dd_72.jpg",
            "first_name": "Robbie",
            "real_name": "Robbie Thibodeau",
            "display_name": "Robbie Thibodeau",
            "team": "TCR2U6UEM",
            "name": "rgtthibodeau",
            "is_restricted": false,
            "is_ultra_restricted": false
        },
        "blocks": [
            {
                "type": "rich_text",
                "block_id": "Thw",
                "elements": [
                    {
                        "type": "rich_text_section",
                        "elements": [
                            {
                                "type": "text",
                                "text": "i got it"
                            }
                        ]
                    }
                ]
            }
        ]
    },
    {
        "client_msg_id": "1bb5751a-6747-4cd6-a30e-2fd9755d05c0",
        "type": "message",
        "text": "sweet",
        "user": "U010DDZ3FJR",
        "ts": "1605126172.005300",
        "team": "TCR2U6UEM",
        "user_team": "TCR2U6UEM",
        "source_team": "TCR2U6UEM",
        "user_profile": {
            "avatar_hash": "fda0a36a8605",
            "image_72": "https:\/\/avatars.slack-edge.com\/2020-09-18\/1386993799393_fda0a36a86053c692b20_72.jpg",
            "first_name": "Luke",
            "real_name": "Luke Aschenbrenner",
            "display_name": "Luke Aschenbrenner",
            "team": "TCR2U6UEM",
            "name": "ashbren21",
            "is_restricted": false,
            "is_ultra_restricted": false
        },
        "blocks": [
            {
                "type": "rich_text",
                "block_id": "817c",
                "elements": [
                    {
                        "type": "rich_text_section",
                        "elements": [
                            {
                                "type": "text",
                                "text": "sweet"
                            }
                        ]
                    }
                ]
            }
        ]
    },
    {
        "client_msg_id": "769a9993-7098-48e3-96e4-ba7bd98e46a1",
        "type": "message",
        "text": "ok",
        "user": "U016G7WR3KJ",
        "ts": "1605126186.005600",
        "team": "TCR2U6UEM",
        "user_team": "TCR2U6UEM",
        "source_team": "TCR2U6UEM",
        "user_profile": {
            "avatar_hash": "bbe6b64d1e6f",
            "image_72": "https:\/\/avatars.slack-edge.com\/2020-09-12\/1359637227778_bbe6b64d1e6f191982dd_72.jpg",
            "first_name": "Robbie",
            "real_name": "Robbie Thibodeau",
            "display_name": "Robbie Thibodeau",
            "team": "TCR2U6UEM",
            "name": "rgtthibodeau",
            "is_restricted": false,
            "is_ultra_restricted": false
        },
        "blocks": [
            {
                "type": "rich_text",
                "block_id": "k83",
                "elements": [
                    {
                        "type": "rich_text_section",
                        "elements": [
                            {
                                "type": "text",
                                "text": "ok"
                            }
                        ]
                    }
                ]
            }
        ]
    },
    {
        "client_msg_id": "f59df942-4638-496d-abc4-39b991e48f3e",
        "type": "message",
        "text": "<https:\/\/us05web.zoom.us\/j\/85006479322?pwd=dXhsSGNhd0F4VjdXL0N3RUpVc0gwQT09>",
        "user": "U016G7WR3KJ",
        "ts": "1605126187.005800",
        "team": "TCR2U6UEM",
        "user_team": "TCR2U6UEM",
        "source_team": "TCR2U6UEM",
        "user_profile": {
            "avatar_hash": "bbe6b64d1e6f",
            "image_72": "https:\/\/avatars.slack-edge.com\/2020-09-12\/1359637227778_bbe6b64d1e6f191982dd_72.jpg",
            "first_name": "Robbie",
            "real_name": "Robbie Thibodeau",
            "display_name": "Robbie Thibodeau",
            "team": "TCR2U6UEM",
            "name": "rgtthibodeau",
            "is_restricted": false,
            "is_ultra_restricted": false
        },
        "blocks": [
            {
                "type": "rich_text",
                "block_id": "S62F",
                "elements": [
                    {
                        "type": "rich_text_section",
                        "elements": [
                            {
                                "type": "link",
                                "url": "https:\/\/us05web.zoom.us\/j\/85006479322?pwd=dXhsSGNhd0F4VjdXL0N3RUpVc0gwQT09"
                            }
                        ]
                    }
                ]
            }
        ]
    },
    {
        "client_msg_id": "d4bd2e91-1ca8-4f7b-a73d-7e70a62ec877",
        "type": "message",
        "text": "our internet sucks",
        "user": "U016G7WR3KJ",
        "ts": "1605126191.006100",
        "team": "TCR2U6UEM",
        "user_team": "TCR2U6UEM",
        "source_team": "TCR2U6UEM",
        "user_profile": {
            "avatar_hash": "bbe6b64d1e6f",
            "image_72": "https:\/\/avatars.slack-edge.com\/2020-09-12\/1359637227778_bbe6b64d1e6f191982dd_72.jpg",
            "first_name": "Robbie",
            "real_name": "Robbie Thibodeau",
            "display_name": "Robbie Thibodeau",
            "team": "TCR2U6UEM",
            "name": "rgtthibodeau",
            "is_restricted": false,
            "is_ultra_restricted": false
        },
        "blocks": [
            {
                "type": "rich_text",
                "block_id": "z=Q",
                "elements": [
                    {
                        "type": "rich_text_section",
                        "elements": [
                            {
                                "type": "text",
                                "text": "our internet sucks"
                            }
                        ]
                    }
                ]
            }
        ]
    },
    {
        "client_msg_id": "0af98e11-c4a2-42ac-b863-78e9e12f22b1",
        "type": "message",
        "text": "we are getting 10 download",
        "user": "U016G7WR3KJ",
        "ts": "1605126200.006500",
        "team": "TCR2U6UEM",
        "user_team": "TCR2U6UEM",
        "source_team": "TCR2U6UEM",
        "user_profile": {
            "avatar_hash": "bbe6b64d1e6f",
            "image_72": "https:\/\/avatars.slack-edge.com\/2020-09-12\/1359637227778_bbe6b64d1e6f191982dd_72.jpg",
            "first_name": "Robbie",
            "real_name": "Robbie Thibodeau",
            "display_name": "Robbie Thibodeau",
            "team": "TCR2U6UEM",
            "name": "rgtthibodeau",
            "is_restricted": false,
            "is_ultra_restricted": false
        },
        "blocks": [
            {
                "type": "rich_text",
                "block_id": "IIu",
                "elements": [
                    {
                        "type": "rich_text_section",
                        "elements": [
                            {
                                "type": "text",
                                "text": "we are getting 10 download"
                            }
                        ]
                    }
                ]
            }
        ]
    },
    {
        "client_msg_id": "bfb698dc-e8a1-4449-b257-3c56952e4b7f",
        "type": "message",
        "text": "dang really? that's so weird",
        "user": "U010DDZ3FJR",
        "ts": "1605126205.006700",
        "team": "TCR2U6UEM",
        "user_team": "TCR2U6UEM",
        "source_team": "TCR2U6UEM",
        "user_profile": {
            "avatar_hash": "fda0a36a8605",
            "image_72": "https:\/\/avatars.slack-edge.com\/2020-09-18\/1386993799393_fda0a36a86053c692b20_72.jpg",
            "first_name": "Luke",
            "real_name": "Luke Aschenbrenner",
            "display_name": "Luke Aschenbrenner",
            "team": "TCR2U6UEM",
            "name": "ashbren21",
            "is_restricted": false,
            "is_ultra_restricted": false
        },
        "blocks": [
            {
                "type": "rich_text",
                "block_id": "LOs9",
                "elements": [
                    {
                        "type": "rich_text_section",
                        "elements": [
                            {
                                "type": "text",
                                "text": "dang really? that's so weird"
                            }
                        ]
                    }
                ]
            }
        ]
    },
    {
        "client_msg_id": "2982e7d7-827d-497b-91b2-6fee6939858b",
        "type": "message",
        "text": "I wonder if it's because the router's trash",
        "user": "U010DDZ3FJR",
        "ts": "1605126211.007000",
        "team": "TCR2U6UEM",
        "user_team": "TCR2U6UEM",
        "source_team": "TCR2U6UEM",
        "user_profile": {
            "avatar_hash": "fda0a36a8605",
            "image_72": "https:\/\/avatars.slack-edge.com\/2020-09-18\/1386993799393_fda0a36a86053c692b20_72.jpg",
            "first_name": "Luke",
            "real_name": "Luke Aschenbrenner",
            "display_name": "Luke Aschenbrenner",
            "team": "TCR2U6UEM",
            "name": "ashbren21",
            "is_restricted": false,
            "is_ultra_restricted": false
        },
        "blocks": [
            {
                "type": "rich_text",
                "block_id": "eWvVx",
                "elements": [
                    {
                        "type": "rich_text_section",
                        "elements": [
                            {
                                "type": "text",
                                "text": "I wonder if it's because the router's trash"
                            }
                        ]
                    }
                ]
            }
        ]
    },
    {
        "client_msg_id": "b6963239-2cde-4ca6-ba60-b4bf4079a503",
        "type": "message",
        "text": "y=ea",
        "user": "U016G7WR3KJ",
        "ts": "1605126217.007200",
        "team": "TCR2U6UEM",
        "user_team": "TCR2U6UEM",
        "source_team": "TCR2U6UEM",
        "user_profile": {
            "avatar_hash": "bbe6b64d1e6f",
            "image_72": "https:\/\/avatars.slack-edge.com\/2020-09-12\/1359637227778_bbe6b64d1e6f191982dd_72.jpg",
            "first_name": "Robbie",
            "real_name": "Robbie Thibodeau",
            "display_name": "Robbie Thibodeau",
            "team": "TCR2U6UEM",
            "name": "rgtthibodeau",
            "is_restricted": false,
            "is_ultra_restricted": false
        },
        "blocks": [
            {
                "type": "rich_text",
                "block_id": "u4Dtt",
                "elements": [
                    {
                        "type": "rich_text_section",
                        "elements": [
                            {
                                "type": "text",
                                "text": "y=ea"
                            }
                        ]
                    }
                ]
            }
        ]
    },
    {
        "type": "message",
        "text": "",
        "files": [
            {
                "id": "F01EX96RDJM",
                "created": 1605127805,
                "timestamp": 1605127805,
                "name": "image.png",
                "title": "image.png",
                "mimetype": "image\/png",
                "filetype": "png",
                "pretty_type": "PNG",
                "user": "U010DDZ3FJR",
                "editable": false,
                "size": 1846790,
                "mode": "hosted",
                "is_external": false,
                "external_type": "",
                "is_public": true,
                "public_url_shared": false,
                "display_as_bot": false,
                "username": "",
                "url_private": "https:\/\/files.slack.com\/files-pri\/TCR2U6UEM-F01EX96RDJM\/image.png?t=xoxe-433096232497-1684125439971-1696548615153-cd1d3d402b441a7d6039d167da7d37bd",
                "url_private_download": "https:\/\/files.slack.com\/files-pri\/TCR2U6UEM-F01EX96RDJM\/download\/image.png?t=xoxe-433096232497-1684125439971-1696548615153-cd1d3d402b441a7d6039d167da7d37bd",
                "thumb_64": "https:\/\/files.slack.com\/files-tmb\/TCR2U6UEM-F01EX96RDJM-ad8309df6e\/image_64.png?t=xoxe-433096232497-1684125439971-1696548615153-cd1d3d402b441a7d6039d167da7d37bd",
                "thumb_80": "https:\/\/files.slack.com\/files-tmb\/TCR2U6UEM-F01EX96RDJM-ad8309df6e\/image_80.png?t=xoxe-433096232497-1684125439971-1696548615153-cd1d3d402b441a7d6039d167da7d37bd",
                "thumb_360": "https:\/\/files.slack.com\/files-tmb\/TCR2U6UEM-F01EX96RDJM-ad8309df6e\/image_360.png?t=xoxe-433096232497-1684125439971-1696548615153-cd1d3d402b441a7d6039d167da7d37bd",
                "thumb_360_w": 360,
                "thumb_360_h": 203,
                "thumb_480": "https:\/\/files.slack.com\/files-tmb\/TCR2U6UEM-F01EX96RDJM-ad8309df6e\/image_480.png?t=xoxe-433096232497-1684125439971-1696548615153-cd1d3d402b441a7d6039d167da7d37bd",
                "thumb_480_w": 480,
                "thumb_480_h": 270,
                "thumb_160": "https:\/\/files.slack.com\/files-tmb\/TCR2U6UEM-F01EX96RDJM-ad8309df6e\/image_160.png?t=xoxe-433096232497-1684125439971-1696548615153-cd1d3d402b441a7d6039d167da7d37bd",
                "thumb_720": "https:\/\/files.slack.com\/files-tmb\/TCR2U6UEM-F01EX96RDJM-ad8309df6e\/image_720.png?t=xoxe-433096232497-1684125439971-1696548615153-cd1d3d402b441a7d6039d167da7d37bd",
                "thumb_720_w": 720,
                "thumb_720_h": 405,
                "thumb_800": "https:\/\/files.slack.com\/files-tmb\/TCR2U6UEM-F01EX96RDJM-ad8309df6e\/image_800.png?t=xoxe-433096232497-1684125439971-1696548615153-cd1d3d402b441a7d6039d167da7d37bd",
                "thumb_800_w": 800,
                "thumb_800_h": 450,
                "thumb_960": "https:\/\/files.slack.com\/files-tmb\/TCR2U6UEM-F01EX96RDJM-ad8309df6e\/image_960.png?t=xoxe-433096232497-1684125439971-1696548615153-cd1d3d402b441a7d6039d167da7d37bd",
                "thumb_960_w": 960,
                "thumb_960_h": 540,
                "thumb_1024": "https:\/\/files.slack.com\/files-tmb\/TCR2U6UEM-F01EX96RDJM-ad8309df6e\/image_1024.png?t=xoxe-433096232497-1684125439971-1696548615153-cd1d3d402b441a7d6039d167da7d37bd",
                "thumb_1024_w": 1024,
                "thumb_1024_h": 576,
                "original_w": 1920,
                "original_h": 1080,
                "thumb_tiny": "AwAbADCT+z8\/x\/pQdPPaTj6VP9pwWzjAJHWmQ3yy9AAc9M0irkQ09v8Anpig6cx6y\/zqzNKVhdhwQKpwSqw+eRwfrQO7tcd\/Zh\/56D8qd\/Zvo4\/KmRXI3Hzt5x2zWkOlArmc6Hzn\/dscse1QyI5YBIzgc5xSfap8n941N+1z\/wDPVqZK0LcURO8bDgr0Ix3oNnznyufrVVbqcjmVqVbqcqcyNQBcW13feXB9zmrg6VjSXU46St1pBdz\/APPVqAP\/2Q==",
                "permalink": "https:\/\/rawbaconrobotics.slack.com\/files\/U010DDZ3FJR\/F01EX96RDJM\/image.png",
                "permalink_public": "https:\/\/slack-files.com\/TCR2U6UEM-F01EX96RDJM-0a93c5e9e5",
                "is_starred": true,
                "has_rich_preview": false
            }
        ],
        "upload": false,
        "user": "U010DDZ3FJR",
        "display_as_bot": false,
        "ts": "1605127813.007800"
    },
    {
        "type": "message",
        "text": "",
        "files": [
            {
                "id": "F01EFJKV8J1",
                "created": 1605128633,
                "timestamp": 1605128633,
                "name": "image.png",
                "title": "image.png",
                "mimetype": "image\/png",
                "filetype": "png",
                "pretty_type": "PNG",
                "user": "U010DDZ3FJR",
                "editable": false,
                "size": 288556,
                "mode": "hosted",
                "is_external": false,
                "external_type": "",
                "is_public": true,
                "public_url_shared": false,
                "display_as_bot": false,
                "username": "",
                "url_private": "https:\/\/files.slack.com\/files-pri\/TCR2U6UEM-F01EFJKV8J1\/image.png?t=xoxe-433096232497-1684125439971-1696548615153-cd1d3d402b441a7d6039d167da7d37bd",
                "url_private_download": "https:\/\/files.slack.com\/files-pri\/TCR2U6UEM-F01EFJKV8J1\/download\/image.png?t=xoxe-433096232497-1684125439971-1696548615153-cd1d3d402b441a7d6039d167da7d37bd",
                "thumb_64": "https:\/\/files.slack.com\/files-tmb\/TCR2U6UEM-F01EFJKV8J1-30baa7e725\/image_64.png?t=xoxe-433096232497-1684125439971-1696548615153-cd1d3d402b441a7d6039d167da7d37bd",
                "thumb_80": "https:\/\/files.slack.com\/files-tmb\/TCR2U6UEM-F01EFJKV8J1-30baa7e725\/image_80.png?t=xoxe-433096232497-1684125439971-1696548615153-cd1d3d402b441a7d6039d167da7d37bd",
                "thumb_360": "https:\/\/files.slack.com\/files-tmb\/TCR2U6UEM-F01EFJKV8J1-30baa7e725\/image_360.png?t=xoxe-433096232497-1684125439971-1696548615153-cd1d3d402b441a7d6039d167da7d37bd",
                "thumb_360_w": 360,
                "thumb_360_h": 203,
                "thumb_480": "https:\/\/files.slack.com\/files-tmb\/TCR2U6UEM-F01EFJKV8J1-30baa7e725\/image_480.png?t=xoxe-433096232497-1684125439971-1696548615153-cd1d3d402b441a7d6039d167da7d37bd",
                "thumb_480_w": 480,
                "thumb_480_h": 270,
                "thumb_160": "https:\/\/files.slack.com\/files-tmb\/TCR2U6UEM-F01EFJKV8J1-30baa7e725\/image_160.png?t=xoxe-433096232497-1684125439971-1696548615153-cd1d3d402b441a7d6039d167da7d37bd",
                "thumb_720": "https:\/\/files.slack.com\/files-tmb\/TCR2U6UEM-F01EFJKV8J1-30baa7e725\/image_720.png?t=xoxe-433096232497-1684125439971-1696548615153-cd1d3d402b441a7d6039d167da7d37bd",
                "thumb_720_w": 720,
                "thumb_720_h": 405,
                "thumb_800": "https:\/\/files.slack.com\/files-tmb\/TCR2U6UEM-F01EFJKV8J1-30baa7e725\/image_800.png?t=xoxe-433096232497-1684125439971-1696548615153-cd1d3d402b441a7d6039d167da7d37bd",
                "thumb_800_w": 800,
                "thumb_800_h": 450,
                "thumb_960": "https:\/\/files.slack.com\/files-tmb\/TCR2U6UEM-F01EFJKV8J1-30baa7e725\/image_960.png?t=xoxe-433096232497-1684125439971-1696548615153-cd1d3d402b441a7d6039d167da7d37bd",
                "thumb_960_w": 960,
                "thumb_960_h": 540,
                "thumb_1024": "https:\/\/files.slack.com\/files-tmb\/TCR2U6UEM-F01EFJKV8J1-30baa7e725\/image_1024.png?t=xoxe-433096232497-1684125439971-1696548615153-cd1d3d402b441a7d6039d167da7d37bd",
                "thumb_1024_w": 1024,
                "thumb_1024_h": 576,
                "original_w": 1920,
                "original_h": 1080,
                "thumb_tiny": "AwAbADCkpLHGRTtpP8Qpq9adTANuP4xRt\/21pCfWigAOQfvA\/SheXAPQkUrABiAQR6jvSJ\/rU\/3hQA0daWn7Rk8U3AouAlFPVQRyKVVBUkii4EdKn+uT\/eFOkUDoO9IvXPcUAf\/Z",
                "permalink": "https:\/\/rawbaconrobotics.slack.com\/files\/U010DDZ3FJR\/F01EFJKV8J1\/image.png",
                "permalink_public": "https:\/\/slack-files.com\/TCR2U6UEM-F01EFJKV8J1-e1ff5b888c",
                "is_starred": false,
                "has_rich_preview": false
            }
        ],
        "upload": false,
        "user": "U010DDZ3FJR",
        "display_as_bot": false,
        "ts": "1605128636.008100"
    },
    {
        "client_msg_id": "fac58cbb-cb63-44b8-8f18-fb056dbc7363",
        "type": "message",
        "text": "If you guys want to get some good video and images of the bot driving around remotely that would be great",
        "user": "U018GF7AFJB",
        "ts": "1605128660.009100",
        "team": "TCR2U6UEM",
        "user_team": "TCR2U6UEM",
        "source_team": "TCR2U6UEM",
        "user_profile": {
            "avatar_hash": "c31861bbc361",
            "image_72": "https:\/\/avatars.slack-edge.com\/2020-08-16\/1316598132593_c31861bbc3618c961c77_72.jpg",
            "first_name": "",
            "real_name": "Nolan Vibhakar",
            "display_name": "Nolan Vibhakar",
            "team": "TCR2U6UEM",
            "name": "novib21",
            "is_restricted": false,
            "is_ultra_restricted": false
        },
        "blocks": [
            {
                "type": "rich_text",
                "block_id": "7WCP1",
                "elements": [
                    {
                        "type": "rich_text_section",
                        "elements": [
                            {
                                "type": "text",
                                "text": "If you guys want to get some good video and images of the bot driving around remotely that would be great"
                            }
                        ]
                    }
                ]
            }
        ]
    },
    {
        "client_msg_id": "91b75a21-ccb5-42df-80f5-2dde6ad08b68",
        "type": "message",
        "text": "yeah for sure, we're just dealing with a stupid problem",
        "user": "U010DDZ3FJR",
        "ts": "1605128794.009700",
        "team": "TCR2U6UEM",
        "user_team": "TCR2U6UEM",
        "source_team": "TCR2U6UEM",
        "user_profile": {
            "avatar_hash": "fda0a36a8605",
            "image_72": "https:\/\/avatars.slack-edge.com\/2020-09-18\/1386993799393_fda0a36a86053c692b20_72.jpg",
            "first_name": "Luke",
            "real_name": "Luke Aschenbrenner",
            "display_name": "Luke Aschenbrenner",
            "team": "TCR2U6UEM",
            "name": "ashbren21",
            "is_restricted": false,
            "is_ultra_restricted": false
        },
        "blocks": [
            {
                "type": "rich_text",
                "block_id": "FRDbv",
                "elements": [
                    {
                        "type": "rich_text_section",
                        "elements": [
                            {
                                "type": "text",
                                "text": "yeah for sure, we're just dealing with a stupid problem"
                            }
                        ]
                    }
                ]
            }
        ]
    },
    {
        "client_msg_id": "f00fbeb8-f5ea-4efb-82bb-b7636c5cf01a",
        "type": "message",
        "text": "none of the logitechs are working",
        "user": "U010DDZ3FJR",
        "ts": "1605128799.010000",
        "team": "TCR2U6UEM",
        "user_team": "TCR2U6UEM",
        "source_team": "TCR2U6UEM",
        "user_profile": {
            "avatar_hash": "fda0a36a8605",
            "image_72": "https:\/\/avatars.slack-edge.com\/2020-09-18\/1386993799393_fda0a36a86053c692b20_72.jpg",
            "first_name": "Luke",
            "real_name": "Luke Aschenbrenner",
            "display_name": "Luke Aschenbrenner",
            "team": "TCR2U6UEM",
            "name": "ashbren21",
            "is_restricted": false,
            "is_ultra_restricted": false
        },
        "blocks": [
            {
                "type": "rich_text",
                "block_id": "fQB4",
                "elements": [
                    {
                        "type": "rich_text_section",
                        "elements": [
                            {
                                "type": "text",
                                "text": "none of the logitechs are working"
                            }
                        ]
                    }
                ]
            }
        ]
    },
    {
        "client_msg_id": "a28fa71f-db86-47c7-a878-200233efe918",
        "type": "message",
        "text": "Ok np",
        "user": "U018GF7AFJB",
        "ts": "1605129674.010300",
        "team": "TCR2U6UEM",
        "user_team": "TCR2U6UEM",
        "source_team": "TCR2U6UEM",
        "user_profile": {
            "avatar_hash": "c31861bbc361",
            "image_72": "https:\/\/avatars.slack-edge.com\/2020-08-16\/1316598132593_c31861bbc3618c961c77_72.jpg",
            "first_name": "",
            "real_name": "Nolan Vibhakar",
            "display_name": "Nolan Vibhakar",
            "team": "TCR2U6UEM",
            "name": "novib21",
            "is_restricted": false,
            "is_ultra_restricted": false
        },
        "blocks": [
            {
                "type": "rich_text",
                "block_id": "hGn",
                "elements": [
                    {
                        "type": "rich_text_section",
                        "elements": [
                            {
                                "type": "text",
                                "text": "Ok np"
                            }
                        ]
                    }
                ]
            }
        ]
    },
    {
        "client_msg_id": "f4feacec-abe6-4c23-83b3-4dd1cd161aad",
        "type": "message",
        "text": "?zoomcall",
        "user": "U018QFKN44W",
        "ts": "1605132486.010600",
        "team": "TCR2U6UEM",
        "user_team": "TCR2U6UEM",
        "source_team": "TCR2U6UEM",
        "user_profile": {
            "avatar_hash": "032f80dfd458",
            "image_72": "https:\/\/avatars.slack-edge.com\/2020-09-11\/1371096170705_032f80dfd458ccdaccbe_72.png",
            "first_name": "Cecilia",
            "real_name": "Cecilia Clark",
            "display_name": "Ceci",
            "team": "TCR2U6UEM",
            "name": "cecla22",
            "is_restricted": false,
            "is_ultra_restricted": false
        },
        "blocks": [
            {
                "type": "rich_text",
                "block_id": "rdn",
                "elements": [
                    {
                        "type": "rich_text_section",
                        "elements": [
                            {
                                "type": "text",
                                "text": "?zoomcall"
                            }
                        ]
                    }
                ]
            }
        ]
    },
    {
        "type": "message",
        "subtype": "slackbot_response",
        "text": "<https:\/\/iowacityschools-org.zoom.us\/j\/92666092070>",
        "user": "USLACKBOT",
        "ts": "1605132487.010700"
    },
    {
        "client_msg_id": "423c9171-b8ca-4f44-9c5c-83c3fa70b130",
        "type": "message",
        "text": "<http:\/\/cf8e4132163f.ngrok.io\/dash>",
        "user": "U010DDZ3FJR",
        "ts": "1605134295.011000",
        "team": "TCR2U6UEM",
        "user_team": "TCR2U6UEM",
        "source_team": "TCR2U6UEM",
        "user_profile": {
            "avatar_hash": "fda0a36a8605",
            "image_72": "https:\/\/avatars.slack-edge.com\/2020-09-18\/1386993799393_fda0a36a86053c692b20_72.jpg",
            "first_name": "Luke",
            "real_name": "Luke Aschenbrenner",
            "display_name": "Luke Aschenbrenner",
            "team": "TCR2U6UEM",
            "name": "ashbren21",
            "is_restricted": false,
            "is_ultra_restricted": false
        },
        "blocks": [
            {
                "type": "rich_text",
                "block_id": "WfR",
                "elements": [
                    {
                        "type": "rich_text_section",
                        "elements": [
                            {
                                "type": "link",
                                "url": "http:\/\/cf8e4132163f.ngrok.io\/dash"
                            }
                        ]
                    }
                ]
            }
        ]
    },
    {
        "client_msg_id": "6df5d18d-e789-442b-ab7e-db5d99bfcd1e",
        "type": "message",
        "text": "a14f2567ca31",
        "user": "U010DDZ3FJR",
        "ts": "1605134304.011200",
        "team": "TCR2U6UEM",
        "user_team": "TCR2U6UEM",
        "source_team": "TCR2U6UEM",
        "user_profile": {
            "avatar_hash": "fda0a36a8605",
            "image_72": "https:\/\/avatars.slack-edge.com\/2020-09-18\/1386993799393_fda0a36a86053c692b20_72.jpg",
            "first_name": "Luke",
            "real_name": "Luke Aschenbrenner",
            "display_name": "Luke Aschenbrenner",
            "team": "TCR2U6UEM",
            "name": "ashbren21",
            "is_restricted": false,
            "is_ultra_restricted": false
        },
        "blocks": [
            {
                "type": "rich_text",
                "block_id": "uVfk",
                "elements": [
                    {
                        "type": "rich_text_section",
                        "elements": [
                            {
                                "type": "text",
                                "text": "a14f2567ca31"
                            }
                        ]
                    }
                ]
            }
        ]
    },
    {
        "client_msg_id": "ec9fdc0f-0e91-4171-a411-97dbe62d32ba",
        "type": "message",
        "text": "<https:\/\/www.reddit.com\/r\/FTC\/comments\/js19d1\/linear_puncher_prototype_team_12091\/?utm_medium=android_app&amp;utm_source=share|https:\/\/www.reddit.com\/r\/FTC\/comments\/js19d1\/linear_puncher_prototype_team_12091\/?utm_medium=android_app&amp;utm_source=share>",
        "user": "U0193D42LHJ",
        "ts": "1605143185.011300",
        "team": "TCR2U6UEM",
        "user_team": "TCR2U6UEM",
        "source_team": "TCR2U6UEM",
        "user_profile": {
            "avatar_hash": "ac92a4993882",
            "image_72": "https:\/\/avatars.slack-edge.com\/2020-09-18\/1380577414884_ac92a4993882a5db4876_72.png",
            "first_name": "Elliot",
            "real_name": "Elliot Schmidt",
            "display_name": "Elliot",
            "team": "TCR2U6UEM",
            "name": "elliotschmidt2002",
            "is_restricted": false,
            "is_ultra_restricted": false
        },
        "attachments": [
            {
                "service_name": "reddit",
                "title": "Linear puncher prototype Team 12091",
                "title_link": "https:\/\/www.reddit.com\/r\/FTC\/comments\/js19d1\/linear_puncher_prototype_team_12091\/?utm_medium=android_app&utm_source=share",
                "text": "Posted in r\/FTC by u\/jimmyneub • 205 points and 16 comments",
                "fallback": "reddit: Linear puncher prototype Team 12091",
                "image_url": "https:\/\/external-preview.redd.it\/pnyjg8FxCMRgQ9fCIjnogw5mpPbZM-sOf4SgRl-3tbk.png?overlay-align=bottom,left&crop=1200:628.272251309,smart&overlay-height=15p&overlay=%2Fwatermark%2Ft5_2sks6.png%3Fs%3D48ff07de032b29e94a4b88178737ca9b65be5a08&width=1200&height=628.272251309&auto=webp&s=9674eb5186dda2e32819db4a65c2abea636a96e9",
                "image_width": 478,
                "image_height": 250,
                "from_url": "https:\/\/www.reddit.com\/r\/FTC\/comments\/js19d1\/linear_puncher_prototype_team_12091\/?utm_medium=android_app&utm_source=share",
                "image_bytes": 1023408,
                "service_icon": "http:\/\/www.redditstatic.com\/desktop2x\/img\/favicon\/apple-icon-57x57.png",
                "id": 1,
                "original_url": "https:\/\/www.reddit.com\/r\/FTC\/comments\/js19d1\/linear_puncher_prototype_team_12091\/?utm_medium=android_app&amp;utm_source=share"
            }
        ],
        "blocks": [
            {
                "type": "rich_text",
                "block_id": "51PFC",
                "elements": [
                    {
                        "type": "rich_text_section",
                        "elements": [
                            {
                                "type": "link",
                                "url": "https:\/\/www.reddit.com\/r\/FTC\/comments\/js19d1\/linear_puncher_prototype_team_12091\/?utm_medium=android_app&utm_source=share",
                                "text": "https:\/\/www.reddit.com\/r\/FTC\/comments\/js19d1\/linear_puncher_prototype_team_12091\/?utm_medium=android_app&utm_source=share"
                            }
                        ]
                    }
                ]
            }
        ]
    },
    {
        "client_msg_id": "40defa4e-3f1c-4494-910b-83d4774ef4fc",
        "type": "message",
        "text": "Someone made a ballista",
        "user": "U0193D42LHJ",
        "ts": "1605143202.011700",
        "team": "TCR2U6UEM",
        "user_team": "TCR2U6UEM",
        "source_team": "TCR2U6UEM",
        "user_profile": {
            "avatar_hash": "ac92a4993882",
            "image_72": "https:\/\/avatars.slack-edge.com\/2020-09-18\/1380577414884_ac92a4993882a5db4876_72.png",
            "first_name": "Elliot",
            "real_name": "Elliot Schmidt",
            "display_name": "Elliot",
            "team": "TCR2U6UEM",
            "name": "elliotschmidt2002",
            "is_restricted": false,
            "is_ultra_restricted": false
        },
        "blocks": [
            {
                "type": "rich_text",
                "block_id": "uI\/",
                "elements": [
                    {
                        "type": "rich_text_section",
                        "elements": [
                            {
                                "type": "text",
                                "text": "Someone made a ballista"
                            }
                        ]
                    }
                ]
            }
        ]
    },
    {
        "client_msg_id": "55ad562b-5304-42ff-9f5a-f692725d144e",
        "type": "message",
        "text": "Saw that one lol",
        "user": "U016G7WR3KJ",
        "ts": "1605143211.011900",
        "team": "TCR2U6UEM",
        "user_team": "TCR2U6UEM",
        "source_team": "TCR2U6UEM",
        "user_profile": {
            "avatar_hash": "bbe6b64d1e6f",
            "image_72": "https:\/\/avatars.slack-edge.com\/2020-09-12\/1359637227778_bbe6b64d1e6f191982dd_72.jpg",
            "first_name": "Robbie",
            "real_name": "Robbie Thibodeau",
            "display_name": "Robbie Thibodeau",
            "team": "TCR2U6UEM",
            "name": "rgtthibodeau",
            "is_restricted": false,
            "is_ultra_restricted": false
        },
        "blocks": [
            {
                "type": "rich_text",
                "block_id": "wsAXm",
                "elements": [
                    {
                        "type": "rich_text_section",
                        "elements": [
                            {
                                "type": "text",
                                "text": "Saw that one lol"
                            }
                        ]
                    }
                ]
            }
        ]
    },
    {
        "client_msg_id": "90bc0557-3b85-45a2-a71b-868d68f6fbaa",
        "type": "message",
        "text": "I'm not sure why but putting the wii shop channel theme over rendering progress bars is hilarious",
        "user": "U0193D42LHJ",
        "ts": "1605153485.012400",
        "team": "TCR2U6UEM",
        "user_team": "TCR2U6UEM",
        "source_team": "TCR2U6UEM",
        "user_profile": {
            "avatar_hash": "ac92a4993882",
            "image_72": "https:\/\/avatars.slack-edge.com\/2020-09-18\/1380577414884_ac92a4993882a5db4876_72.png",
            "first_name": "Elliot",
            "real_name": "Elliot Schmidt",
            "display_name": "Elliot",
            "team": "TCR2U6UEM",
            "name": "elliotschmidt2002",
            "is_restricted": false,
            "is_ultra_restricted": false
        },
        "blocks": [
            {
                "type": "rich_text",
                "block_id": "WIV",
                "elements": [
                    {
                        "type": "rich_text_section",
                        "elements": [
                            {
                                "type": "text",
                                "text": "I'm not sure why but putting the wii shop channel theme over rendering progress bars is hilarious"
                            }
                        ]
                    }
                ]
            }
        ]
    },
    {
        "client_msg_id": "0b023669-c108-4d00-8a70-fe1e8baf34fc",
        "type": "message",
        "text": "wii",
        "user": "U01ALNAL79C",
        "ts": "1605154597.012600",
        "team": "TCR2U6UEM",
        "user_team": "TCR2U6UEM",
        "source_team": "TCR2U6UEM",
        "user_profile": {
            "avatar_hash": "8d3a0093398e",
            "image_72": "https:\/\/avatars.slack-edge.com\/2020-09-16\/1367697021763_8d3a0093398e950c95a2_72.jpg",
            "first_name": "Brian",
            "real_name": "Brian Morris",
            "display_name": "Brian Morris",
            "team": "TCR2U6UEM",
            "name": "brmor21",
            "is_restricted": false,
            "is_ultra_restricted": false
        },
        "blocks": [
            {
                "type": "rich_text",
                "block_id": "E+DA",
                "elements": [
                    {
                        "type": "rich_text_section",
                        "elements": [
                            {
                                "type": "text",
                                "text": "wii"
                            }
                        ]
                    }
                ]
            }
        ]
    }
]