[
    {
        "client_msg_id": "54592338-aee7-4fde-88b2-7540874b0fb9",
        "type": "message",
        "text": "<@U01ADEF18N6> if I could get some pics of your prototype at some point today that would be great",
        "user": "U018GF7AFJB",
        "ts": "1603891132.041000",
        "team": "TCR2U6UEM",
        "user_team": "TCR2U6UEM",
        "source_team": "TCR2U6UEM",
        "user_profile": {
            "avatar_hash": "c31861bbc361",
            "image_72": "https:\/\/avatars.slack-edge.com\/2020-08-16\/1316598132593_c31861bbc3618c961c77_72.jpg",
            "first_name": "",
            "real_name": "Nolan Vibhakar",
            "display_name": "Nolan Vibhakar",
            "team": "TCR2U6UEM",
            "name": "novib21",
            "is_restricted": false,
            "is_ultra_restricted": false
        },
        "blocks": [
            {
                "type": "rich_text",
                "block_id": "qYmP",
                "elements": [
                    {
                        "type": "rich_text_section",
                        "elements": [
                            {
                                "type": "user",
                                "user_id": "U01ADEF18N6"
                            },
                            {
                                "type": "text",
                                "text": " if I could get some pics of your prototype at some point today that would be great"
                            }
                        ]
                    }
                ]
            }
        ]
    },
    {
        "type": "message",
        "text": "Fire selfie",
        "files": [
            {
                "id": "F01DWMKF9C1",
                "created": 1603905738,
                "timestamp": 1603905738,
                "name": "Image from iOS.jpg",
                "title": "Image from iOS",
                "mimetype": "image\/jpeg",
                "filetype": "jpg",
                "pretty_type": "JPEG",
                "user": "U018X7N6MMG",
                "editable": false,
                "size": 402029,
                "mode": "hosted",
                "is_external": false,
                "external_type": "",
                "is_public": true,
                "public_url_shared": false,
                "display_as_bot": false,
                "username": "",
                "url_private": "https:\/\/files.slack.com\/files-pri\/TCR2U6UEM-F01DWMKF9C1\/image_from_ios.jpg?t=xoxe-433096232497-1684125439971-1696548615153-cd1d3d402b441a7d6039d167da7d37bd",
                "url_private_download": "https:\/\/files.slack.com\/files-pri\/TCR2U6UEM-F01DWMKF9C1\/download\/image_from_ios.jpg?t=xoxe-433096232497-1684125439971-1696548615153-cd1d3d402b441a7d6039d167da7d37bd",
                "thumb_64": "https:\/\/files.slack.com\/files-tmb\/TCR2U6UEM-F01DWMKF9C1-ddef39cf44\/image_from_ios_64.jpg?t=xoxe-433096232497-1684125439971-1696548615153-cd1d3d402b441a7d6039d167da7d37bd",
                "thumb_80": "https:\/\/files.slack.com\/files-tmb\/TCR2U6UEM-F01DWMKF9C1-ddef39cf44\/image_from_ios_80.jpg?t=xoxe-433096232497-1684125439971-1696548615153-cd1d3d402b441a7d6039d167da7d37bd",
                "thumb_360": "https:\/\/files.slack.com\/files-tmb\/TCR2U6UEM-F01DWMKF9C1-ddef39cf44\/image_from_ios_360.jpg?t=xoxe-433096232497-1684125439971-1696548615153-cd1d3d402b441a7d6039d167da7d37bd",
                "thumb_360_w": 360,
                "thumb_360_h": 270,
                "thumb_480": "https:\/\/files.slack.com\/files-tmb\/TCR2U6UEM-F01DWMKF9C1-ddef39cf44\/image_from_ios_480.jpg?t=xoxe-433096232497-1684125439971-1696548615153-cd1d3d402b441a7d6039d167da7d37bd",
                "thumb_480_w": 480,
                "thumb_480_h": 360,
                "thumb_160": "https:\/\/files.slack.com\/files-tmb\/TCR2U6UEM-F01DWMKF9C1-ddef39cf44\/image_from_ios_160.jpg?t=xoxe-433096232497-1684125439971-1696548615153-cd1d3d402b441a7d6039d167da7d37bd",
                "thumb_720": "https:\/\/files.slack.com\/files-tmb\/TCR2U6UEM-F01DWMKF9C1-ddef39cf44\/image_from_ios_720.jpg?t=xoxe-433096232497-1684125439971-1696548615153-cd1d3d402b441a7d6039d167da7d37bd",
                "thumb_720_w": 720,
                "thumb_720_h": 540,
                "thumb_800": "https:\/\/files.slack.com\/files-tmb\/TCR2U6UEM-F01DWMKF9C1-ddef39cf44\/image_from_ios_800.jpg?t=xoxe-433096232497-1684125439971-1696548615153-cd1d3d402b441a7d6039d167da7d37bd",
                "thumb_800_w": 800,
                "thumb_800_h": 600,
                "thumb_960": "https:\/\/files.slack.com\/files-tmb\/TCR2U6UEM-F01DWMKF9C1-ddef39cf44\/image_from_ios_960.jpg?t=xoxe-433096232497-1684125439971-1696548615153-cd1d3d402b441a7d6039d167da7d37bd",
                "thumb_960_w": 960,
                "thumb_960_h": 720,
                "thumb_1024": "https:\/\/files.slack.com\/files-tmb\/TCR2U6UEM-F01DWMKF9C1-ddef39cf44\/image_from_ios_1024.jpg?t=xoxe-433096232497-1684125439971-1696548615153-cd1d3d402b441a7d6039d167da7d37bd",
                "thumb_1024_w": 1024,
                "thumb_1024_h": 768,
                "original_w": 2576,
                "original_h": 1932,
                "thumb_tiny": "AwAkADC7BceacFcH+dTVnxIRIrK\/Tsas\/a4wTuIGDigCeioGu4gBzn6dqaLxD0VqALDuEUs3QVUlu3wfLXHuaJ7oMhUKee+agY\/IfpQAiMWTJHGaCoUcgcjNNjfacZ\/KpJPnT07VDLlGxULb26Y9hUqsAu716D0quBlto9cVYKbI8HucmqZK3GqABhs896mESgk4HXNRhtzLwBipc1LY5FdT89ToxKsD6VXH3\/wqdOjUzSRWjH7xDU05\/dGoo\/vp+NST\/wCpND3MSGDmTn0qz1qtB\/rPwqyKUgP\/2Q==",
                "permalink": "https:\/\/rawbaconrobotics.slack.com\/files\/U018X7N6MMG\/F01DWMKF9C1\/image_from_ios.jpg",
                "permalink_public": "https:\/\/slack-files.com\/TCR2U6UEM-F01DWMKF9C1-b0f35c659d",
                "is_starred": false,
                "has_rich_preview": false
            }
        ],
        "upload": true,
        "blocks": [
            {
                "type": "rich_text",
                "block_id": "Jsp",
                "elements": [
                    {
                        "type": "rich_text_section",
                        "elements": [
                            {
                                "type": "text",
                                "text": "Fire selfie"
                            }
                        ]
                    }
                ]
            }
        ],
        "user": "U018X7N6MMG",
        "display_as_bot": false,
        "ts": "1603905774.041200",
        "client_msg_id": "A63A997D-326F-4A68-ABC2-2BDA151C954A",
        "reactions": [
            {
                "name": "ice_hockey_stick_and_puck",
                "users": [
                    "U018GF7AFJB",
                    "U018URES8KV",
                    "U010DDZ3FJR"
                ],
                "count": 3
            }
        ]
    },
    {
        "type": "message",
        "text": "",
        "files": [
            {
                "id": "F01DJ9FKSMR",
                "created": 1603905955,
                "timestamp": 1603905955,
                "name": "20201028_122544.jpg",
                "title": "20201028_122544.jpg",
                "mimetype": "image\/jpeg",
                "filetype": "jpg",
                "pretty_type": "JPEG",
                "user": "U018GF7AFJB",
                "editable": false,
                "size": 513343,
                "mode": "hosted",
                "is_external": false,
                "external_type": "",
                "is_public": true,
                "public_url_shared": false,
                "display_as_bot": false,
                "username": "",
                "url_private": "https:\/\/files.slack.com\/files-pri\/TCR2U6UEM-F01DJ9FKSMR\/20201028_122544.jpg?t=xoxe-433096232497-1684125439971-1696548615153-cd1d3d402b441a7d6039d167da7d37bd",
                "url_private_download": "https:\/\/files.slack.com\/files-pri\/TCR2U6UEM-F01DJ9FKSMR\/download\/20201028_122544.jpg?t=xoxe-433096232497-1684125439971-1696548615153-cd1d3d402b441a7d6039d167da7d37bd",
                "thumb_64": "https:\/\/files.slack.com\/files-tmb\/TCR2U6UEM-F01DJ9FKSMR-a04dfbdea7\/20201028_122544_64.jpg?t=xoxe-433096232497-1684125439971-1696548615153-cd1d3d402b441a7d6039d167da7d37bd",
                "thumb_80": "https:\/\/files.slack.com\/files-tmb\/TCR2U6UEM-F01DJ9FKSMR-a04dfbdea7\/20201028_122544_80.jpg?t=xoxe-433096232497-1684125439971-1696548615153-cd1d3d402b441a7d6039d167da7d37bd",
                "thumb_360": "https:\/\/files.slack.com\/files-tmb\/TCR2U6UEM-F01DJ9FKSMR-a04dfbdea7\/20201028_122544_360.jpg?t=xoxe-433096232497-1684125439971-1696548615153-cd1d3d402b441a7d6039d167da7d37bd",
                "thumb_360_w": 360,
                "thumb_360_h": 270,
                "thumb_480": "https:\/\/files.slack.com\/files-tmb\/TCR2U6UEM-F01DJ9FKSMR-a04dfbdea7\/20201028_122544_480.jpg?t=xoxe-433096232497-1684125439971-1696548615153-cd1d3d402b441a7d6039d167da7d37bd",
                "thumb_480_w": 480,
                "thumb_480_h": 360,
                "thumb_160": "https:\/\/files.slack.com\/files-tmb\/TCR2U6UEM-F01DJ9FKSMR-a04dfbdea7\/20201028_122544_160.jpg?t=xoxe-433096232497-1684125439971-1696548615153-cd1d3d402b441a7d6039d167da7d37bd",
                "thumb_720": "https:\/\/files.slack.com\/files-tmb\/TCR2U6UEM-F01DJ9FKSMR-a04dfbdea7\/20201028_122544_720.jpg?t=xoxe-433096232497-1684125439971-1696548615153-cd1d3d402b441a7d6039d167da7d37bd",
                "thumb_720_w": 720,
                "thumb_720_h": 540,
                "thumb_800": "https:\/\/files.slack.com\/files-tmb\/TCR2U6UEM-F01DJ9FKSMR-a04dfbdea7\/20201028_122544_800.jpg?t=xoxe-433096232497-1684125439971-1696548615153-cd1d3d402b441a7d6039d167da7d37bd",
                "thumb_800_w": 800,
                "thumb_800_h": 600,
                "thumb_960": "https:\/\/files.slack.com\/files-tmb\/TCR2U6UEM-F01DJ9FKSMR-a04dfbdea7\/20201028_122544_960.jpg?t=xoxe-433096232497-1684125439971-1696548615153-cd1d3d402b441a7d6039d167da7d37bd",
                "thumb_960_w": 960,
                "thumb_960_h": 720,
                "thumb_1024": "https:\/\/files.slack.com\/files-tmb\/TCR2U6UEM-F01DJ9FKSMR-a04dfbdea7\/20201028_122544_1024.jpg?t=xoxe-433096232497-1684125439971-1696548615153-cd1d3d402b441a7d6039d167da7d37bd",
                "thumb_1024_w": 1024,
                "thumb_1024_h": 768,
                "original_w": 3264,
                "original_h": 2448,
                "thumb_tiny": "AwAkADC5JKSSExj1qHILYLbiPemBzsbpnHFUiT5nBbf7dqQy3EBk5bAyeKc7KmFAGT3pkaGSNmKlhuxgd6jYbZWVODg8GgpLuTpJ5kfuDUyMAi5I4NUoxKqMYxnmpY2LL8\/ynODQJkXnFVHGeeKjYkclMMeOOtLI2JiQBwMip7Rf30e6qatoJdxbSQLbgOSME4BqtNOHlAHbPNW7pkBKgDJ\/SqccaNkg9PWptrce6EE21cYHTHNO8+RV6DqD0pGJjJGAynnkUm8sxZjVWFsOk5mP4fzqTeUlRh1zTH\/1x\/D+dK33lpy3HH4RgdmfJOSeabb\/AH2+lKnUfjSW\/wDrG+lSPqTH5hg96g\/5aH2OKnqA\/wCsP1oHM\/\/Z",
                "permalink": "https:\/\/rawbaconrobotics.slack.com\/files\/U018GF7AFJB\/F01DJ9FKSMR\/20201028_122544.jpg",
                "permalink_public": "https:\/\/slack-files.com\/TCR2U6UEM-F01DJ9FKSMR-14cbb20c20",
                "is_starred": false,
                "has_rich_preview": false
            }
        ],
        "upload": false,
        "blocks": [
            {
                "type": "rich_text",
                "block_id": "lVV",
                "elements": [
                    {
                        "type": "rich_text_section",
                        "elements": []
                    }
                ]
            }
        ],
        "user": "U018GF7AFJB",
        "display_as_bot": false,
        "ts": "1603905959.041500",
        "client_msg_id": "68ebe29a-e0a7-43a4-943d-512a1f906bba",
        "reactions": [
            {
                "name": "watermelon",
                "users": [
                    "U018URES8KV",
                    "U010DDZ3FJR"
                ],
                "count": 2
            }
        ]
    },
    {
        "client_msg_id": "b6c659d8-917f-4162-bc50-5827f116d807",
        "type": "message",
        "text": "Fire selfie",
        "user": "U018GF7AFJB",
        "ts": "1603905962.041900",
        "team": "TCR2U6UEM",
        "user_team": "TCR2U6UEM",
        "source_team": "TCR2U6UEM",
        "user_profile": {
            "avatar_hash": "c31861bbc361",
            "image_72": "https:\/\/avatars.slack-edge.com\/2020-08-16\/1316598132593_c31861bbc3618c961c77_72.jpg",
            "first_name": "",
            "real_name": "Nolan Vibhakar",
            "display_name": "Nolan Vibhakar",
            "team": "TCR2U6UEM",
            "name": "novib21",
            "is_restricted": false,
            "is_ultra_restricted": false
        },
        "blocks": [
            {
                "type": "rich_text",
                "block_id": "XhehH",
                "elements": [
                    {
                        "type": "rich_text_section",
                        "elements": [
                            {
                                "type": "text",
                                "text": "Fire selfie"
                            }
                        ]
                    }
                ]
            }
        ]
    },
    {
        "client_msg_id": "27bbdd63-f84f-4434-9ace-204b4486e182",
        "type": "message",
        "text": "Aerospace moment",
        "user": "U018URES8KV",
        "ts": "1603906182.042400",
        "team": "TCR2U6UEM",
        "user_team": "TCR2U6UEM",
        "source_team": "TCR2U6UEM",
        "user_profile": {
            "avatar_hash": "1b6b64ea950d",
            "image_72": "https:\/\/avatars.slack-edge.com\/2020-09-18\/1380553169540_1b6b64ea950dd455ff25_72.jpg",
            "first_name": "Adam",
            "real_name": "Adam Holmes",
            "display_name": "Adam Holmes",
            "team": "TCR2U6UEM",
            "name": "adamup555",
            "is_restricted": false,
            "is_ultra_restricted": false
        },
        "blocks": [
            {
                "type": "rich_text",
                "block_id": "u=d",
                "elements": [
                    {
                        "type": "rich_text_section",
                        "elements": [
                            {
                                "type": "text",
                                "text": "Aerospace moment"
                            }
                        ]
                    }
                ]
            }
        ]
    },
    {
        "client_msg_id": "f48dbe0a-1f96-4cfd-a2b4-34582dbdf755",
        "type": "message",
        "text": "Aerospace moment",
        "user": "U018GF7AFJB",
        "ts": "1603906387.042700",
        "team": "TCR2U6UEM",
        "user_team": "TCR2U6UEM",
        "source_team": "TCR2U6UEM",
        "user_profile": {
            "avatar_hash": "c31861bbc361",
            "image_72": "https:\/\/avatars.slack-edge.com\/2020-08-16\/1316598132593_c31861bbc3618c961c77_72.jpg",
            "first_name": "",
            "real_name": "Nolan Vibhakar",
            "display_name": "Nolan Vibhakar",
            "team": "TCR2U6UEM",
            "name": "novib21",
            "is_restricted": false,
            "is_ultra_restricted": false
        },
        "blocks": [
            {
                "type": "rich_text",
                "block_id": "8Gopi",
                "elements": [
                    {
                        "type": "rich_text_section",
                        "elements": [
                            {
                                "type": "text",
                                "text": "Aerospace moment"
                            }
                        ]
                    }
                ]
            }
        ]
    },
    {
        "client_msg_id": "b94b8b5d-32eb-404f-8018-4adade4ba8ee",
        "type": "message",
        "text": "Our plane works",
        "user": "U018GF7AFJB",
        "ts": "1603906391.042900",
        "team": "TCR2U6UEM",
        "user_team": "TCR2U6UEM",
        "source_team": "TCR2U6UEM",
        "user_profile": {
            "avatar_hash": "c31861bbc361",
            "image_72": "https:\/\/avatars.slack-edge.com\/2020-08-16\/1316598132593_c31861bbc3618c961c77_72.jpg",
            "first_name": "",
            "real_name": "Nolan Vibhakar",
            "display_name": "Nolan Vibhakar",
            "team": "TCR2U6UEM",
            "name": "novib21",
            "is_restricted": false,
            "is_ultra_restricted": false
        },
        "blocks": [
            {
                "type": "rich_text",
                "block_id": "Tyy",
                "elements": [
                    {
                        "type": "rich_text_section",
                        "elements": [
                            {
                                "type": "text",
                                "text": "Our plane works"
                            }
                        ]
                    }
                ]
            }
        ]
    },
    {
        "client_msg_id": "4af48681-1766-4f05-b28c-b252a9fa5bbb",
        "type": "message",
        "text": "Bogus",
        "user": "U018URES8KV",
        "ts": "1603906406.043100",
        "team": "TCR2U6UEM",
        "user_team": "TCR2U6UEM",
        "source_team": "TCR2U6UEM",
        "user_profile": {
            "avatar_hash": "1b6b64ea950d",
            "image_72": "https:\/\/avatars.slack-edge.com\/2020-09-18\/1380553169540_1b6b64ea950dd455ff25_72.jpg",
            "first_name": "Adam",
            "real_name": "Adam Holmes",
            "display_name": "Adam Holmes",
            "team": "TCR2U6UEM",
            "name": "adamup555",
            "is_restricted": false,
            "is_ultra_restricted": false
        },
        "blocks": [
            {
                "type": "rich_text",
                "block_id": "Oh5Xm",
                "elements": [
                    {
                        "type": "rich_text_section",
                        "elements": [
                            {
                                "type": "text",
                                "text": "Bogus"
                            }
                        ]
                    }
                ]
            }
        ]
    },
    {
        "client_msg_id": "ffdb0224-fea1-49b1-a553-0ab2e3f6e785",
        "type": "message",
        "text": "Miller said all pur planes are better than a day's",
        "user": "U018GF7AFJB",
        "ts": "1603906567.043600",
        "team": "TCR2U6UEM",
        "user_team": "TCR2U6UEM",
        "source_team": "TCR2U6UEM",
        "user_profile": {
            "avatar_hash": "c31861bbc361",
            "image_72": "https:\/\/avatars.slack-edge.com\/2020-08-16\/1316598132593_c31861bbc3618c961c77_72.jpg",
            "first_name": "",
            "real_name": "Nolan Vibhakar",
            "display_name": "Nolan Vibhakar",
            "team": "TCR2U6UEM",
            "name": "novib21",
            "is_restricted": false,
            "is_ultra_restricted": false
        },
        "blocks": [
            {
                "type": "rich_text",
                "block_id": "QrUD3",
                "elements": [
                    {
                        "type": "rich_text_section",
                        "elements": [
                            {
                                "type": "text",
                                "text": "Miller said all pur planes are better than a day's"
                            }
                        ]
                    }
                ]
            }
        ]
    },
    {
        "client_msg_id": "d2b0af0d-4f08-4ef6-82a1-a05c29914615",
        "type": "message",
        "text": "With the exception of maybe evan and ravens",
        "user": "U018GF7AFJB",
        "ts": "1603906576.044000",
        "team": "TCR2U6UEM",
        "user_team": "TCR2U6UEM",
        "source_team": "TCR2U6UEM",
        "user_profile": {
            "avatar_hash": "c31861bbc361",
            "image_72": "https:\/\/avatars.slack-edge.com\/2020-08-16\/1316598132593_c31861bbc3618c961c77_72.jpg",
            "first_name": "",
            "real_name": "Nolan Vibhakar",
            "display_name": "Nolan Vibhakar",
            "team": "TCR2U6UEM",
            "name": "novib21",
            "is_restricted": false,
            "is_ultra_restricted": false
        },
        "blocks": [
            {
                "type": "rich_text",
                "block_id": "emlJI",
                "elements": [
                    {
                        "type": "rich_text_section",
                        "elements": [
                            {
                                "type": "text",
                                "text": "With the exception of maybe evan and ravens"
                            }
                        ]
                    }
                ]
            }
        ]
    },
    {
        "type": "message",
        "text": "This was mine. It flew better without any stabilizers",
        "files": [
            {
                "id": "F01DQ9BS51S",
                "created": 1603906716,
                "timestamp": 1603906716,
                "name": "IMG951069.3gp",
                "title": "IMG951069.3gp",
                "mimetype": "video\/quicktime",
                "filetype": "mov",
                "pretty_type": "QuickTime Movie",
                "user": "U018URES8KV",
                "editable": false,
                "size": 85013,
                "mode": "hosted",
                "is_external": false,
                "external_type": "",
                "is_public": true,
                "public_url_shared": false,
                "display_as_bot": false,
                "username": "",
                "url_private": "https:\/\/files.slack.com\/files-pri\/TCR2U6UEM-F01DQ9BS51S\/img951069.3gp?t=xoxe-433096232497-1684125439971-1696548615153-cd1d3d402b441a7d6039d167da7d37bd",
                "url_private_download": "https:\/\/files.slack.com\/files-pri\/TCR2U6UEM-F01DQ9BS51S\/download\/img951069.3gp?t=xoxe-433096232497-1684125439971-1696548615153-cd1d3d402b441a7d6039d167da7d37bd",
                "thumb_video": "https:\/\/files.slack.com\/files-tmb\/TCR2U6UEM-F01DQ9BS51S-479205a61e\/img951069_thumb_video.jpeg?t=xoxe-433096232497-1684125439971-1696548615153-cd1d3d402b441a7d6039d167da7d37bd",
                "permalink": "https:\/\/rawbaconrobotics.slack.com\/files\/U018URES8KV\/F01DQ9BS51S\/img951069.3gp",
                "permalink_public": "https:\/\/slack-files.com\/TCR2U6UEM-F01DQ9BS51S-28e6eba144",
                "is_starred": false,
                "has_rich_preview": false
            }
        ],
        "upload": false,
        "blocks": [
            {
                "type": "rich_text",
                "block_id": "E9ISY",
                "elements": [
                    {
                        "type": "rich_text_section",
                        "elements": [
                            {
                                "type": "text",
                                "text": "This was mine. It flew better without any stabilizers"
                            }
                        ]
                    }
                ]
            }
        ],
        "user": "U018URES8KV",
        "display_as_bot": false,
        "ts": "1603906730.044400",
        "client_msg_id": "e5a65b59-df04-4946-84d9-6f7f2993c061"
    },
    {
        "type": "message",
        "text": "",
        "files": [
            {
                "id": "F01DJ4TK742",
                "created": 1603906873,
                "timestamp": 1603906873,
                "name": "20201028_121126.mp4",
                "title": "20201028_121126.mp4",
                "mimetype": "video\/mp4",
                "filetype": "mp4",
                "pretty_type": "MPEG 4 Video",
                "user": "U018GF7AFJB",
                "editable": false,
                "size": 85838437,
                "mode": "hosted",
                "is_external": false,
                "external_type": "",
                "is_public": true,
                "public_url_shared": false,
                "display_as_bot": false,
                "username": "",
                "url_private": "https:\/\/files.slack.com\/files-pri\/TCR2U6UEM-F01DJ4TK742\/20201028_121126.mp4?t=xoxe-433096232497-1684125439971-1696548615153-cd1d3d402b441a7d6039d167da7d37bd",
                "url_private_download": "https:\/\/files.slack.com\/files-pri\/TCR2U6UEM-F01DJ4TK742\/download\/20201028_121126.mp4?t=xoxe-433096232497-1684125439971-1696548615153-cd1d3d402b441a7d6039d167da7d37bd",
                "thumb_video": "https:\/\/files.slack.com\/files-tmb\/TCR2U6UEM-F01DJ4TK742-4de657d6ce\/20201028_121126_thumb_video.jpeg?t=xoxe-433096232497-1684125439971-1696548615153-cd1d3d402b441a7d6039d167da7d37bd",
                "permalink": "https:\/\/rawbaconrobotics.slack.com\/files\/U018GF7AFJB\/F01DJ4TK742\/20201028_121126.mp4",
                "permalink_public": "https:\/\/slack-files.com\/TCR2U6UEM-F01DJ4TK742-29f7aaf8c6",
                "is_starred": false,
                "has_rich_preview": false
            }
        ],
        "upload": false,
        "blocks": [
            {
                "type": "rich_text",
                "block_id": "Br8C0",
                "elements": [
                    {
                        "type": "rich_text_section",
                        "elements": []
                    }
                ]
            }
        ],
        "user": "U018GF7AFJB",
        "display_as_bot": false,
        "ts": "1603906960.044900",
        "client_msg_id": "b4aafa81-ebdb-40c6-9644-5cf1545ece32"
    },
    {
        "client_msg_id": "73040b93-af9b-44e6-b8d7-bd7f62801c1b",
        "type": "message",
        "text": "This is a pay to win game",
        "user": "U018GF7AFJB",
        "ts": "1603906963.045200",
        "team": "TCR2U6UEM",
        "user_team": "TCR2U6UEM",
        "source_team": "TCR2U6UEM",
        "user_profile": {
            "avatar_hash": "c31861bbc361",
            "image_72": "https:\/\/avatars.slack-edge.com\/2020-08-16\/1316598132593_c31861bbc3618c961c77_72.jpg",
            "first_name": "",
            "real_name": "Nolan Vibhakar",
            "display_name": "Nolan Vibhakar",
            "team": "TCR2U6UEM",
            "name": "novib21",
            "is_restricted": false,
            "is_ultra_restricted": false
        },
        "blocks": [
            {
                "type": "rich_text",
                "block_id": "ef3Z",
                "elements": [
                    {
                        "type": "rich_text_section",
                        "elements": [
                            {
                                "type": "text",
                                "text": "This is a pay to win game"
                            }
                        ]
                    }
                ]
            }
        ]
    },
    {
        "client_msg_id": "21dac76d-68ec-4b6d-bc5b-6d967ca8bfea",
        "type": "message",
        "text": "Penny weight coming in clutch",
        "user": "U018GF7AFJB",
        "ts": "1603906973.045600",
        "team": "TCR2U6UEM",
        "user_team": "TCR2U6UEM",
        "source_team": "TCR2U6UEM",
        "user_profile": {
            "avatar_hash": "c31861bbc361",
            "image_72": "https:\/\/avatars.slack-edge.com\/2020-08-16\/1316598132593_c31861bbc3618c961c77_72.jpg",
            "first_name": "",
            "real_name": "Nolan Vibhakar",
            "display_name": "Nolan Vibhakar",
            "team": "TCR2U6UEM",
            "name": "novib21",
            "is_restricted": false,
            "is_ultra_restricted": false
        },
        "blocks": [
            {
                "type": "rich_text",
                "block_id": "kl8rP",
                "elements": [
                    {
                        "type": "rich_text_section",
                        "elements": [
                            {
                                "type": "text",
                                "text": "Penny weight coming in clutch"
                            }
                        ]
                    }
                ]
            }
        ]
    },
    {
        "client_msg_id": "9c52875f-276a-4cc1-bce7-1537238b2553",
        "type": "message",
        "text": "<@U018GF7AFJB> Of course! I have them on my phone, I just need to upload them to send them to the Slack.",
        "user": "U01ADEF18N6",
        "ts": "1603908928.046200",
        "team": "TCR2U6UEM",
        "user_team": "TCR2U6UEM",
        "source_team": "TCR2U6UEM",
        "user_profile": {
            "avatar_hash": "e8086e8713de",
            "image_72": "https:\/\/avatars.slack-edge.com\/2020-09-18\/1371265029141_e8086e8713de3af22fe5_72.jpg",
            "first_name": "Ashley",
            "real_name": "Ashley Sheehan",
            "display_name": "Ashley Sheehan",
            "team": "TCR2U6UEM",
            "name": "asshe21",
            "is_restricted": false,
            "is_ultra_restricted": false
        },
        "blocks": [
            {
                "type": "rich_text",
                "block_id": "L3qL",
                "elements": [
                    {
                        "type": "rich_text_section",
                        "elements": [
                            {
                                "type": "user",
                                "user_id": "U018GF7AFJB"
                            },
                            {
                                "type": "text",
                                "text": " Of course! I have them on my phone, I just need to upload them to send them to the Slack."
                            }
                        ]
                    }
                ]
            }
        ]
    },
    {
        "client_msg_id": "9f545f9c-5621-40c2-9e86-2d145578f336",
        "type": "message",
        "text": "hahahaha",
        "user": "U01ADEF18N6",
        "ts": "1603909160.046300",
        "team": "TCR2U6UEM",
        "user_team": "TCR2U6UEM",
        "source_team": "TCR2U6UEM",
        "user_profile": {
            "avatar_hash": "e8086e8713de",
            "image_72": "https:\/\/avatars.slack-edge.com\/2020-09-18\/1371265029141_e8086e8713de3af22fe5_72.jpg",
            "first_name": "Ashley",
            "real_name": "Ashley Sheehan",
            "display_name": "Ashley Sheehan",
            "team": "TCR2U6UEM",
            "name": "asshe21",
            "is_restricted": false,
            "is_ultra_restricted": false
        },
        "blocks": [
            {
                "type": "rich_text",
                "block_id": "x6XgK",
                "elements": [
                    {
                        "type": "rich_text_section",
                        "elements": [
                            {
                                "type": "text",
                                "text": "hahahaha"
                            }
                        ]
                    }
                ]
            }
        ],
        "thread_ts": "1603716568.000600",
        "parent_user_id": "U01ADEF18N6"
    },
    {
        "type": "message",
        "text": "Here you go! <@U018GF7AFJB> If you need any more pics, no problem, just let me know. Thanks!",
        "files": [
            {
                "id": "F01DJEZP258",
                "created": 1603913803,
                "timestamp": 1603913803,
                "name": "IMG-3083.jpg",
                "title": "IMG-3083.jpg",
                "mimetype": "image\/jpeg",
                "filetype": "jpg",
                "pretty_type": "JPEG",
                "user": "U01ADEF18N6",
                "editable": false,
                "size": 1404121,
                "mode": "hosted",
                "is_external": false,
                "external_type": "",
                "is_public": true,
                "public_url_shared": false,
                "display_as_bot": false,
                "username": "",
                "url_private": "https:\/\/files.slack.com\/files-pri\/TCR2U6UEM-F01DJEZP258\/img-3083.jpg?t=xoxe-433096232497-1684125439971-1696548615153-cd1d3d402b441a7d6039d167da7d37bd",
                "url_private_download": "https:\/\/files.slack.com\/files-pri\/TCR2U6UEM-F01DJEZP258\/download\/img-3083.jpg?t=xoxe-433096232497-1684125439971-1696548615153-cd1d3d402b441a7d6039d167da7d37bd",
                "thumb_64": "https:\/\/files.slack.com\/files-tmb\/TCR2U6UEM-F01DJEZP258-03d1b8f19c\/img-3083_64.jpg?t=xoxe-433096232497-1684125439971-1696548615153-cd1d3d402b441a7d6039d167da7d37bd",
                "thumb_80": "https:\/\/files.slack.com\/files-tmb\/TCR2U6UEM-F01DJEZP258-03d1b8f19c\/img-3083_80.jpg?t=xoxe-433096232497-1684125439971-1696548615153-cd1d3d402b441a7d6039d167da7d37bd",
                "thumb_360": "https:\/\/files.slack.com\/files-tmb\/TCR2U6UEM-F01DJEZP258-03d1b8f19c\/img-3083_360.jpg?t=xoxe-433096232497-1684125439971-1696548615153-cd1d3d402b441a7d6039d167da7d37bd",
                "thumb_360_w": 360,
                "thumb_360_h": 331,
                "thumb_480": "https:\/\/files.slack.com\/files-tmb\/TCR2U6UEM-F01DJEZP258-03d1b8f19c\/img-3083_480.jpg?t=xoxe-433096232497-1684125439971-1696548615153-cd1d3d402b441a7d6039d167da7d37bd",
                "thumb_480_w": 480,
                "thumb_480_h": 441,
                "thumb_160": "https:\/\/files.slack.com\/files-tmb\/TCR2U6UEM-F01DJEZP258-03d1b8f19c\/img-3083_160.jpg?t=xoxe-433096232497-1684125439971-1696548615153-cd1d3d402b441a7d6039d167da7d37bd",
                "thumb_720": "https:\/\/files.slack.com\/files-tmb\/TCR2U6UEM-F01DJEZP258-03d1b8f19c\/img-3083_720.jpg?t=xoxe-433096232497-1684125439971-1696548615153-cd1d3d402b441a7d6039d167da7d37bd",
                "thumb_720_w": 720,
                "thumb_720_h": 661,
                "thumb_800": "https:\/\/files.slack.com\/files-tmb\/TCR2U6UEM-F01DJEZP258-03d1b8f19c\/img-3083_800.jpg?t=xoxe-433096232497-1684125439971-1696548615153-cd1d3d402b441a7d6039d167da7d37bd",
                "thumb_800_w": 800,
                "thumb_800_h": 735,
                "thumb_960": "https:\/\/files.slack.com\/files-tmb\/TCR2U6UEM-F01DJEZP258-03d1b8f19c\/img-3083_960.jpg?t=xoxe-433096232497-1684125439971-1696548615153-cd1d3d402b441a7d6039d167da7d37bd",
                "thumb_960_w": 960,
                "thumb_960_h": 882,
                "thumb_1024": "https:\/\/files.slack.com\/files-tmb\/TCR2U6UEM-F01DJEZP258-03d1b8f19c\/img-3083_1024.jpg?t=xoxe-433096232497-1684125439971-1696548615153-cd1d3d402b441a7d6039d167da7d37bd",
                "thumb_1024_w": 1024,
                "thumb_1024_h": 940,
                "original_w": 2448,
                "original_h": 2248,
                "thumb_tiny": "AwAsADCBYXZdygY+tRvG4PKkCr0XCAegpk8Zc4HGaQymFY8AEntil2yr\/C4\/CrENu6SKzEcc1bLZpi3M+PecZB688VLiMnlWH5GrQxnk1FMu1tw6NSYxUIJOBSSkDBPQU\/aF6U113DFAEolQhVB3nvimHt3JOM56U2OMLnaMH0709gD1PGc0rWGhxAIBU+xprLvXb6\/oaectn1HagD5gPTk+1MCrC7PJhmyMdKnGM9Kyw7Kcg8ipUnkbqxoEaYVT1Ap3l+5\/EZqipYjO9vzpCT\/eb86Vx2L\/AJfqx\/DinAKowMCs0k+ppKLhY\/\/Z",
                "permalink": "https:\/\/rawbaconrobotics.slack.com\/files\/U01ADEF18N6\/F01DJEZP258\/img-3083.jpg",
                "permalink_public": "https:\/\/slack-files.com\/TCR2U6UEM-F01DJEZP258-3553e6c1fd",
                "is_starred": false,
                "has_rich_preview": false
            },
            {
                "id": "F01DJM3509H",
                "created": 1603913812,
                "timestamp": 1603913812,
                "name": "IMG-3084.JPG",
                "title": "IMG-3084.JPG",
                "mimetype": "image\/jpeg",
                "filetype": "jpg",
                "pretty_type": "JPEG",
                "user": "U01ADEF18N6",
                "editable": false,
                "size": 1303425,
                "mode": "hosted",
                "is_external": false,
                "external_type": "",
                "is_public": true,
                "public_url_shared": false,
                "display_as_bot": false,
                "username": "",
                "url_private": "https:\/\/files.slack.com\/files-pri\/TCR2U6UEM-F01DJM3509H\/img-3084.jpg?t=xoxe-433096232497-1684125439971-1696548615153-cd1d3d402b441a7d6039d167da7d37bd",
                "url_private_download": "https:\/\/files.slack.com\/files-pri\/TCR2U6UEM-F01DJM3509H\/download\/img-3084.jpg?t=xoxe-433096232497-1684125439971-1696548615153-cd1d3d402b441a7d6039d167da7d37bd",
                "thumb_64": "https:\/\/files.slack.com\/files-tmb\/TCR2U6UEM-F01DJM3509H-6a3d1ee3f8\/img-3084_64.jpg?t=xoxe-433096232497-1684125439971-1696548615153-cd1d3d402b441a7d6039d167da7d37bd",
                "thumb_80": "https:\/\/files.slack.com\/files-tmb\/TCR2U6UEM-F01DJM3509H-6a3d1ee3f8\/img-3084_80.jpg?t=xoxe-433096232497-1684125439971-1696548615153-cd1d3d402b441a7d6039d167da7d37bd",
                "thumb_360": "https:\/\/files.slack.com\/files-tmb\/TCR2U6UEM-F01DJM3509H-6a3d1ee3f8\/img-3084_360.jpg?t=xoxe-433096232497-1684125439971-1696548615153-cd1d3d402b441a7d6039d167da7d37bd",
                "thumb_360_w": 360,
                "thumb_360_h": 270,
                "thumb_480": "https:\/\/files.slack.com\/files-tmb\/TCR2U6UEM-F01DJM3509H-6a3d1ee3f8\/img-3084_480.jpg?t=xoxe-433096232497-1684125439971-1696548615153-cd1d3d402b441a7d6039d167da7d37bd",
                "thumb_480_w": 480,
                "thumb_480_h": 360,
                "thumb_160": "https:\/\/files.slack.com\/files-tmb\/TCR2U6UEM-F01DJM3509H-6a3d1ee3f8\/img-3084_160.jpg?t=xoxe-433096232497-1684125439971-1696548615153-cd1d3d402b441a7d6039d167da7d37bd",
                "thumb_720": "https:\/\/files.slack.com\/files-tmb\/TCR2U6UEM-F01DJM3509H-6a3d1ee3f8\/img-3084_720.jpg?t=xoxe-433096232497-1684125439971-1696548615153-cd1d3d402b441a7d6039d167da7d37bd",
                "thumb_720_w": 720,
                "thumb_720_h": 540,
                "thumb_800": "https:\/\/files.slack.com\/files-tmb\/TCR2U6UEM-F01DJM3509H-6a3d1ee3f8\/img-3084_800.jpg?t=xoxe-433096232497-1684125439971-1696548615153-cd1d3d402b441a7d6039d167da7d37bd",
                "thumb_800_w": 800,
                "thumb_800_h": 600,
                "thumb_960": "https:\/\/files.slack.com\/files-tmb\/TCR2U6UEM-F01DJM3509H-6a3d1ee3f8\/img-3084_960.jpg?t=xoxe-433096232497-1684125439971-1696548615153-cd1d3d402b441a7d6039d167da7d37bd",
                "thumb_960_w": 960,
                "thumb_960_h": 720,
                "thumb_1024": "https:\/\/files.slack.com\/files-tmb\/TCR2U6UEM-F01DJM3509H-6a3d1ee3f8\/img-3084_1024.jpg?t=xoxe-433096232497-1684125439971-1696548615153-cd1d3d402b441a7d6039d167da7d37bd",
                "thumb_1024_w": 1024,
                "thumb_1024_h": 768,
                "original_w": 3264,
                "original_h": 2448,
                "thumb_tiny": "AwAkADCSRmToxH0NPgkCx5Lc\/WqbR84JX8cigRgAjzFX8TSeoGhG4Z85\/WrFZK7VGCFYHqd+M1YimSJSEEfPbzKYF6s2V3E8ojzyecVbWdCgBaMDGMbs0wLEh\/dPGoPX3ouBRlYyNuPWouRkZODTyM96bsFSOwhxj\/69NwakCj0pwC+lFwSIvLJpRC\/ap1KegqeN0J5xRcdjM3N\/eNJuPqfzpKKokXJ9TSj60gpR3oAliQFlzn5iQastAoB6njPXvUEP3o\/94\/yq2\/f\/AHf60Af\/2Q==",
                "permalink": "https:\/\/rawbaconrobotics.slack.com\/files\/U01ADEF18N6\/F01DJM3509H\/img-3084.jpg",
                "permalink_public": "https:\/\/slack-files.com\/TCR2U6UEM-F01DJM3509H-8c6602a430",
                "is_starred": false,
                "has_rich_preview": false
            },
            {
                "id": "F01DBNXH6GN",
                "created": 1603913817,
                "timestamp": 1603913817,
                "name": "IMG-3087.JPG",
                "title": "IMG-3087.JPG",
                "mimetype": "image\/jpeg",
                "filetype": "jpg",
                "pretty_type": "JPEG",
                "user": "U01ADEF18N6",
                "editable": false,
                "size": 1618895,
                "mode": "hosted",
                "is_external": false,
                "external_type": "",
                "is_public": true,
                "public_url_shared": false,
                "display_as_bot": false,
                "username": "",
                "url_private": "https:\/\/files.slack.com\/files-pri\/TCR2U6UEM-F01DBNXH6GN\/img-3087.jpg?t=xoxe-433096232497-1684125439971-1696548615153-cd1d3d402b441a7d6039d167da7d37bd",
                "url_private_download": "https:\/\/files.slack.com\/files-pri\/TCR2U6UEM-F01DBNXH6GN\/download\/img-3087.jpg?t=xoxe-433096232497-1684125439971-1696548615153-cd1d3d402b441a7d6039d167da7d37bd",
                "thumb_64": "https:\/\/files.slack.com\/files-tmb\/TCR2U6UEM-F01DBNXH6GN-e3b5213af3\/img-3087_64.jpg?t=xoxe-433096232497-1684125439971-1696548615153-cd1d3d402b441a7d6039d167da7d37bd",
                "thumb_80": "https:\/\/files.slack.com\/files-tmb\/TCR2U6UEM-F01DBNXH6GN-e3b5213af3\/img-3087_80.jpg?t=xoxe-433096232497-1684125439971-1696548615153-cd1d3d402b441a7d6039d167da7d37bd",
                "thumb_360": "https:\/\/files.slack.com\/files-tmb\/TCR2U6UEM-F01DBNXH6GN-e3b5213af3\/img-3087_360.jpg?t=xoxe-433096232497-1684125439971-1696548615153-cd1d3d402b441a7d6039d167da7d37bd",
                "thumb_360_w": 270,
                "thumb_360_h": 360,
                "thumb_480": "https:\/\/files.slack.com\/files-tmb\/TCR2U6UEM-F01DBNXH6GN-e3b5213af3\/img-3087_480.jpg?t=xoxe-433096232497-1684125439971-1696548615153-cd1d3d402b441a7d6039d167da7d37bd",
                "thumb_480_w": 360,
                "thumb_480_h": 480,
                "thumb_160": "https:\/\/files.slack.com\/files-tmb\/TCR2U6UEM-F01DBNXH6GN-e3b5213af3\/img-3087_160.jpg?t=xoxe-433096232497-1684125439971-1696548615153-cd1d3d402b441a7d6039d167da7d37bd",
                "thumb_720": "https:\/\/files.slack.com\/files-tmb\/TCR2U6UEM-F01DBNXH6GN-e3b5213af3\/img-3087_720.jpg?t=xoxe-433096232497-1684125439971-1696548615153-cd1d3d402b441a7d6039d167da7d37bd",
                "thumb_720_w": 540,
                "thumb_720_h": 720,
                "thumb_800": "https:\/\/files.slack.com\/files-tmb\/TCR2U6UEM-F01DBNXH6GN-e3b5213af3\/img-3087_800.jpg?t=xoxe-433096232497-1684125439971-1696548615153-cd1d3d402b441a7d6039d167da7d37bd",
                "thumb_800_w": 800,
                "thumb_800_h": 1067,
                "thumb_960": "https:\/\/files.slack.com\/files-tmb\/TCR2U6UEM-F01DBNXH6GN-e3b5213af3\/img-3087_960.jpg?t=xoxe-433096232497-1684125439971-1696548615153-cd1d3d402b441a7d6039d167da7d37bd",
                "thumb_960_w": 720,
                "thumb_960_h": 960,
                "thumb_1024": "https:\/\/files.slack.com\/files-tmb\/TCR2U6UEM-F01DBNXH6GN-e3b5213af3\/img-3087_1024.jpg?t=xoxe-433096232497-1684125439971-1696548615153-cd1d3d402b441a7d6039d167da7d37bd",
                "thumb_1024_w": 768,
                "thumb_1024_h": 1024,
                "original_w": 2448,
                "original_h": 3264,
                "thumb_tiny": "AwAwACSu0e9iBx35pVtz3YfgKv3WN49cVAKTY7Ea2y92JqRbaP0P505TwDzUicsKLCuNtlCxkNkfMam+T+9+tRUuKBiTnMh9qipznLE+pptIBV44FSJjIqMU9OopgKOlLSDoKKAIyKSn0UgGinKeRQORyBTlAJFACL90UtVm+0A4AOPpSZufQ\/kKdhH\/2Q==",
                "permalink": "https:\/\/rawbaconrobotics.slack.com\/files\/U01ADEF18N6\/F01DBNXH6GN\/img-3087.jpg",
                "permalink_public": "https:\/\/slack-files.com\/TCR2U6UEM-F01DBNXH6GN-9871a23f58",
                "is_starred": false,
                "has_rich_preview": false
            },
            {
                "id": "F01DFCE6B2R",
                "created": 1603913822,
                "timestamp": 1603913822,
                "name": "IMG-3085.JPG",
                "title": "IMG-3085.JPG",
                "mimetype": "image\/jpeg",
                "filetype": "jpg",
                "pretty_type": "JPEG",
                "user": "U01ADEF18N6",
                "editable": false,
                "size": 1507987,
                "mode": "hosted",
                "is_external": false,
                "external_type": "",
                "is_public": true,
                "public_url_shared": false,
                "display_as_bot": false,
                "username": "",
                "url_private": "https:\/\/files.slack.com\/files-pri\/TCR2U6UEM-F01DFCE6B2R\/img-3085.jpg?t=xoxe-433096232497-1684125439971-1696548615153-cd1d3d402b441a7d6039d167da7d37bd",
                "url_private_download": "https:\/\/files.slack.com\/files-pri\/TCR2U6UEM-F01DFCE6B2R\/download\/img-3085.jpg?t=xoxe-433096232497-1684125439971-1696548615153-cd1d3d402b441a7d6039d167da7d37bd",
                "thumb_64": "https:\/\/files.slack.com\/files-tmb\/TCR2U6UEM-F01DFCE6B2R-be870f0131\/img-3085_64.jpg?t=xoxe-433096232497-1684125439971-1696548615153-cd1d3d402b441a7d6039d167da7d37bd",
                "thumb_80": "https:\/\/files.slack.com\/files-tmb\/TCR2U6UEM-F01DFCE6B2R-be870f0131\/img-3085_80.jpg?t=xoxe-433096232497-1684125439971-1696548615153-cd1d3d402b441a7d6039d167da7d37bd",
                "thumb_360": "https:\/\/files.slack.com\/files-tmb\/TCR2U6UEM-F01DFCE6B2R-be870f0131\/img-3085_360.jpg?t=xoxe-433096232497-1684125439971-1696548615153-cd1d3d402b441a7d6039d167da7d37bd",
                "thumb_360_w": 360,
                "thumb_360_h": 270,
                "thumb_480": "https:\/\/files.slack.com\/files-tmb\/TCR2U6UEM-F01DFCE6B2R-be870f0131\/img-3085_480.jpg?t=xoxe-433096232497-1684125439971-1696548615153-cd1d3d402b441a7d6039d167da7d37bd",
                "thumb_480_w": 480,
                "thumb_480_h": 360,
                "thumb_160": "https:\/\/files.slack.com\/files-tmb\/TCR2U6UEM-F01DFCE6B2R-be870f0131\/img-3085_160.jpg?t=xoxe-433096232497-1684125439971-1696548615153-cd1d3d402b441a7d6039d167da7d37bd",
                "thumb_720": "https:\/\/files.slack.com\/files-tmb\/TCR2U6UEM-F01DFCE6B2R-be870f0131\/img-3085_720.jpg?t=xoxe-433096232497-1684125439971-1696548615153-cd1d3d402b441a7d6039d167da7d37bd",
                "thumb_720_w": 720,
                "thumb_720_h": 540,
                "thumb_800": "https:\/\/files.slack.com\/files-tmb\/TCR2U6UEM-F01DFCE6B2R-be870f0131\/img-3085_800.jpg?t=xoxe-433096232497-1684125439971-1696548615153-cd1d3d402b441a7d6039d167da7d37bd",
                "thumb_800_w": 800,
                "thumb_800_h": 600,
                "thumb_960": "https:\/\/files.slack.com\/files-tmb\/TCR2U6UEM-F01DFCE6B2R-be870f0131\/img-3085_960.jpg?t=xoxe-433096232497-1684125439971-1696548615153-cd1d3d402b441a7d6039d167da7d37bd",
                "thumb_960_w": 960,
                "thumb_960_h": 720,
                "thumb_1024": "https:\/\/files.slack.com\/files-tmb\/TCR2U6UEM-F01DFCE6B2R-be870f0131\/img-3085_1024.jpg?t=xoxe-433096232497-1684125439971-1696548615153-cd1d3d402b441a7d6039d167da7d37bd",
                "thumb_1024_w": 1024,
                "thumb_1024_h": 768,
                "original_w": 3264,
                "original_h": 2448,
                "thumb_tiny": "AwAkADBj3EhPzxflUTSKykEEHHcUsn7o5Jc\/jQlyg6oxPruFO4rEUQw\/PpmlVsyAds0FlL7huHGMUbVz9\/H1FIZam4s1+YHL9APaqopxCeWoV2zkk5GaFRScGQ5\/3aAJ7kec3HA9Kr\/Z\/ept3+y1ODL3VhU3HYg+zH1o8gBsFxn0qYs2flUY9zT1SUjJVRRcLCQxBDk8\/hTjEpkL4yaTLp98Af1oWT5vmHFAKNiPNJmiikUWokAUNjmpKZH\/AKsfSn\/4UgKbMXbJpG\/1f1YA0UN\/qx\/vimB\/\/9k=",
                "permalink": "https:\/\/rawbaconrobotics.slack.com\/files\/U01ADEF18N6\/F01DFCE6B2R\/img-3085.jpg",
                "permalink_public": "https:\/\/slack-files.com\/TCR2U6UEM-F01DFCE6B2R-81c41feb36",
                "is_starred": false,
                "has_rich_preview": false
            },
            {
                "id": "F01D3NNHMPH",
                "created": 1603913826,
                "timestamp": 1603913826,
                "name": "IMG-3086.JPG",
                "title": "IMG-3086.JPG",
                "mimetype": "image\/jpeg",
                "filetype": "jpg",
                "pretty_type": "JPEG",
                "user": "U01ADEF18N6",
                "editable": false,
                "size": 1568979,
                "mode": "hosted",
                "is_external": false,
                "external_type": "",
                "is_public": true,
                "public_url_shared": false,
                "display_as_bot": false,
                "username": "",
                "url_private": "https:\/\/files.slack.com\/files-pri\/TCR2U6UEM-F01D3NNHMPH\/img-3086.jpg?t=xoxe-433096232497-1684125439971-1696548615153-cd1d3d402b441a7d6039d167da7d37bd",
                "url_private_download": "https:\/\/files.slack.com\/files-pri\/TCR2U6UEM-F01D3NNHMPH\/download\/img-3086.jpg?t=xoxe-433096232497-1684125439971-1696548615153-cd1d3d402b441a7d6039d167da7d37bd",
                "thumb_64": "https:\/\/files.slack.com\/files-tmb\/TCR2U6UEM-F01D3NNHMPH-ad77b7dca9\/img-3086_64.jpg?t=xoxe-433096232497-1684125439971-1696548615153-cd1d3d402b441a7d6039d167da7d37bd",
                "thumb_80": "https:\/\/files.slack.com\/files-tmb\/TCR2U6UEM-F01D3NNHMPH-ad77b7dca9\/img-3086_80.jpg?t=xoxe-433096232497-1684125439971-1696548615153-cd1d3d402b441a7d6039d167da7d37bd",
                "thumb_360": "https:\/\/files.slack.com\/files-tmb\/TCR2U6UEM-F01D3NNHMPH-ad77b7dca9\/img-3086_360.jpg?t=xoxe-433096232497-1684125439971-1696548615153-cd1d3d402b441a7d6039d167da7d37bd",
                "thumb_360_w": 270,
                "thumb_360_h": 360,
                "thumb_480": "https:\/\/files.slack.com\/files-tmb\/TCR2U6UEM-F01D3NNHMPH-ad77b7dca9\/img-3086_480.jpg?t=xoxe-433096232497-1684125439971-1696548615153-cd1d3d402b441a7d6039d167da7d37bd",
                "thumb_480_w": 360,
                "thumb_480_h": 480,
                "thumb_160": "https:\/\/files.slack.com\/files-tmb\/TCR2U6UEM-F01D3NNHMPH-ad77b7dca9\/img-3086_160.jpg?t=xoxe-433096232497-1684125439971-1696548615153-cd1d3d402b441a7d6039d167da7d37bd",
                "thumb_720": "https:\/\/files.slack.com\/files-tmb\/TCR2U6UEM-F01D3NNHMPH-ad77b7dca9\/img-3086_720.jpg?t=xoxe-433096232497-1684125439971-1696548615153-cd1d3d402b441a7d6039d167da7d37bd",
                "thumb_720_w": 540,
                "thumb_720_h": 720,
                "thumb_800": "https:\/\/files.slack.com\/files-tmb\/TCR2U6UEM-F01D3NNHMPH-ad77b7dca9\/img-3086_800.jpg?t=xoxe-433096232497-1684125439971-1696548615153-cd1d3d402b441a7d6039d167da7d37bd",
                "thumb_800_w": 800,
                "thumb_800_h": 1067,
                "thumb_960": "https:\/\/files.slack.com\/files-tmb\/TCR2U6UEM-F01D3NNHMPH-ad77b7dca9\/img-3086_960.jpg?t=xoxe-433096232497-1684125439971-1696548615153-cd1d3d402b441a7d6039d167da7d37bd",
                "thumb_960_w": 720,
                "thumb_960_h": 960,
                "thumb_1024": "https:\/\/files.slack.com\/files-tmb\/TCR2U6UEM-F01D3NNHMPH-ad77b7dca9\/img-3086_1024.jpg?t=xoxe-433096232497-1684125439971-1696548615153-cd1d3d402b441a7d6039d167da7d37bd",
                "thumb_1024_w": 768,
                "thumb_1024_h": 1024,
                "original_w": 2448,
                "original_h": 3264,
                "thumb_tiny": "AwAwACSmBJM4VQWJ7Cr8FokI3ykMw\/IVMsaW0Xyrj+Zqu8hc8\/lSbGkMKjzWYdCaXFFFIBNpowadijHtQBJJcO4IwFBqDdzjqaazcU0HCnGck44HSmJuxLkdCQD6U4cjIqsCuw8\/Pz8vrU8Z+Zl56enApPQnmY+inBcjtS7KCyrnNNK8YycH0ozSg0xMQB\/4cA549hUuVgjJJzntTM469KryOXb2HSiwlEsre4XBQ\/gad9tH\/PNvzqoGAHSjf7Uy7I\/\/2Q==",
                "permalink": "https:\/\/rawbaconrobotics.slack.com\/files\/U01ADEF18N6\/F01D3NNHMPH\/img-3086.jpg",
                "permalink_public": "https:\/\/slack-files.com\/TCR2U6UEM-F01D3NNHMPH-9ca5f98446",
                "is_starred": false,
                "has_rich_preview": false
            }
        ],
        "upload": false,
        "blocks": [
            {
                "type": "rich_text",
                "block_id": "Ehhr",
                "elements": [
                    {
                        "type": "rich_text_section",
                        "elements": [
                            {
                                "type": "text",
                                "text": "Here you go! "
                            },
                            {
                                "type": "user",
                                "user_id": "U018GF7AFJB"
                            },
                            {
                                "type": "text",
                                "text": " If you need any more pics, no problem, just let me know. Thanks!"
                            }
                        ]
                    }
                ]
            }
        ],
        "user": "U01ADEF18N6",
        "ts": "1603913876.047600"
    },
    {
        "client_msg_id": "775d576f-8a21-42af-8e14-a4a92c5a8bf0",
        "type": "message",
        "text": "Thanks, those look great!",
        "user": "U018GF7AFJB",
        "ts": "1603916399.048900",
        "team": "TCR2U6UEM",
        "user_team": "TCR2U6UEM",
        "source_team": "TCR2U6UEM",
        "user_profile": {
            "avatar_hash": "c31861bbc361",
            "image_72": "https:\/\/avatars.slack-edge.com\/2020-08-16\/1316598132593_c31861bbc3618c961c77_72.jpg",
            "first_name": "",
            "real_name": "Nolan Vibhakar",
            "display_name": "Nolan Vibhakar",
            "team": "TCR2U6UEM",
            "name": "novib21",
            "is_restricted": false,
            "is_ultra_restricted": false
        },
        "blocks": [
            {
                "type": "rich_text",
                "block_id": "+jpJ6",
                "elements": [
                    {
                        "type": "rich_text_section",
                        "elements": [
                            {
                                "type": "text",
                                "text": "Thanks, those look great!"
                            }
                        ]
                    }
                ]
            }
        ]
    },
    {
        "client_msg_id": "54332bbd-e8cb-4cbe-9973-484b3c1a7180",
        "type": "message",
        "text": "?zoomcall",
        "user": "U016G7WR3KJ",
        "ts": "1603919604.049200",
        "team": "TCR2U6UEM",
        "user_team": "TCR2U6UEM",
        "source_team": "TCR2U6UEM",
        "user_profile": {
            "avatar_hash": "bbe6b64d1e6f",
            "image_72": "https:\/\/avatars.slack-edge.com\/2020-09-12\/1359637227778_bbe6b64d1e6f191982dd_72.jpg",
            "first_name": "Robbie",
            "real_name": "Robbie Thibodeau",
            "display_name": "Robbie Thibodeau",
            "team": "TCR2U6UEM",
            "name": "rgtthibodeau",
            "is_restricted": false,
            "is_ultra_restricted": false
        },
        "blocks": [
            {
                "type": "rich_text",
                "block_id": "dmd",
                "elements": [
                    {
                        "type": "rich_text_section",
                        "elements": [
                            {
                                "type": "text",
                                "text": "?zoomcall"
                            }
                        ]
                    }
                ]
            }
        ]
    },
    {
        "type": "message",
        "subtype": "slackbot_response",
        "text": "<https:\/\/iowacityschools-org.zoom.us\/j\/92666092070>",
        "user": "USLACKBOT",
        "ts": "1603919604.049300"
    },
    {
        "client_msg_id": "77fd608c-298f-42f0-9176-3879bd94469b",
        "type": "message",
        "text": "zoom isn't started yet?",
        "user": "U010DDZ3FJR",
        "ts": "1603919750.049700",
        "team": "TCR2U6UEM",
        "user_team": "TCR2U6UEM",
        "source_team": "TCR2U6UEM",
        "user_profile": {
            "avatar_hash": "fda0a36a8605",
            "image_72": "https:\/\/avatars.slack-edge.com\/2020-09-18\/1386993799393_fda0a36a86053c692b20_72.jpg",
            "first_name": "Luke",
            "real_name": "Luke Aschenbrenner",
            "display_name": "Luke Aschenbrenner",
            "team": "TCR2U6UEM",
            "name": "ashbren21",
            "is_restricted": false,
            "is_ultra_restricted": false
        },
        "blocks": [
            {
                "type": "rich_text",
                "block_id": "kiiYG",
                "elements": [
                    {
                        "type": "rich_text_section",
                        "elements": [
                            {
                                "type": "text",
                                "text": "zoom isn't started yet?"
                            }
                        ]
                    }
                ]
            }
        ]
    },
    {
        "client_msg_id": "8bf86ade-cdfb-4aaa-bc72-96a0d1d1b757",
        "type": "message",
        "text": "no, it isn't",
        "user": "U0193D42LHJ",
        "ts": "1603919758.049900",
        "team": "TCR2U6UEM",
        "user_team": "TCR2U6UEM",
        "source_team": "TCR2U6UEM",
        "user_profile": {
            "avatar_hash": "ac92a4993882",
            "image_72": "https:\/\/avatars.slack-edge.com\/2020-09-18\/1380577414884_ac92a4993882a5db4876_72.png",
            "first_name": "Elliot",
            "real_name": "Elliot Schmidt",
            "display_name": "Elliot",
            "team": "TCR2U6UEM",
            "name": "elliotschmidt2002",
            "is_restricted": false,
            "is_ultra_restricted": false
        },
        "blocks": [
            {
                "type": "rich_text",
                "block_id": "9F+",
                "elements": [
                    {
                        "type": "rich_text_section",
                        "elements": [
                            {
                                "type": "text",
                                "text": "no, it isn't"
                            }
                        ]
                    }
                ]
            }
        ]
    },
    {
        "client_msg_id": "f687c629-16fd-4e93-b234-8f0155f98b27",
        "type": "message",
        "text": "no",
        "user": "U018X7N3K42",
        "ts": "1603919761.050100",
        "team": "TCR2U6UEM",
        "user_team": "TCR2U6UEM",
        "source_team": "TCR2U6UEM",
        "user_profile": {
            "avatar_hash": "g50b311404ea",
            "image_72": "https:\/\/secure.gravatar.com\/avatar\/50b311404eaf5a4cbd50a42846f515df.jpg?s=72&d=https%3A%2F%2Fa.slack-edge.com%2Fdf10d%2Fimg%2Favatars%2Fava_0016-72.png",
            "first_name": "",
            "real_name": "Nathan Bradford",
            "display_name": "Nathan Bradford",
            "team": "TCR2U6UEM",
            "name": "nabra22",
            "is_restricted": false,
            "is_ultra_restricted": false
        },
        "blocks": [
            {
                "type": "rich_text",
                "block_id": "gqo2S",
                "elements": [
                    {
                        "type": "rich_text_section",
                        "elements": [
                            {
                                "type": "text",
                                "text": "no"
                            }
                        ]
                    }
                ]
            }
        ]
    },
    {
        "client_msg_id": "c06c4e99-7441-42ac-8cf2-f980a230c353",
        "type": "message",
        "text": "ok good",
        "user": "U010DDZ3FJR",
        "ts": "1603919763.050400",
        "team": "TCR2U6UEM",
        "user_team": "TCR2U6UEM",
        "source_team": "TCR2U6UEM",
        "user_profile": {
            "avatar_hash": "fda0a36a8605",
            "image_72": "https:\/\/avatars.slack-edge.com\/2020-09-18\/1386993799393_fda0a36a86053c692b20_72.jpg",
            "first_name": "Luke",
            "real_name": "Luke Aschenbrenner",
            "display_name": "Luke Aschenbrenner",
            "team": "TCR2U6UEM",
            "name": "ashbren21",
            "is_restricted": false,
            "is_ultra_restricted": false
        },
        "blocks": [
            {
                "type": "rich_text",
                "block_id": "lau2",
                "elements": [
                    {
                        "type": "rich_text_section",
                        "elements": [
                            {
                                "type": "text",
                                "text": "ok good"
                            }
                        ]
                    }
                ]
            }
        ]
    },
    {
        "client_msg_id": "024fa412-8fe6-41cf-a048-c0d8521b379c",
        "type": "message",
        "text": "maybe her meeting ran long",
        "user": "U01ADEF18N6",
        "ts": "1603919767.050500",
        "team": "TCR2U6UEM",
        "user_team": "TCR2U6UEM",
        "source_team": "TCR2U6UEM",
        "user_profile": {
            "avatar_hash": "e8086e8713de",
            "image_72": "https:\/\/avatars.slack-edge.com\/2020-09-18\/1371265029141_e8086e8713de3af22fe5_72.jpg",
            "first_name": "Ashley",
            "real_name": "Ashley Sheehan",
            "display_name": "Ashley Sheehan",
            "team": "TCR2U6UEM",
            "name": "asshe21",
            "is_restricted": false,
            "is_ultra_restricted": false
        },
        "blocks": [
            {
                "type": "rich_text",
                "block_id": "2Fs",
                "elements": [
                    {
                        "type": "rich_text_section",
                        "elements": [
                            {
                                "type": "text",
                                "text": "maybe her meeting ran long"
                            }
                        ]
                    }
                ]
            }
        ]
    },
    {
        "client_msg_id": "5ec5a749-76f2-4937-91d2-134d33188d78",
        "type": "message",
        "text": "maybe",
        "user": "U0193D42LHJ",
        "ts": "1603919845.051200",
        "team": "TCR2U6UEM",
        "user_team": "TCR2U6UEM",
        "source_team": "TCR2U6UEM",
        "user_profile": {
            "avatar_hash": "ac92a4993882",
            "image_72": "https:\/\/avatars.slack-edge.com\/2020-09-18\/1380577414884_ac92a4993882a5db4876_72.png",
            "first_name": "Elliot",
            "real_name": "Elliot Schmidt",
            "display_name": "Elliot",
            "team": "TCR2U6UEM",
            "name": "elliotschmidt2002",
            "is_restricted": false,
            "is_ultra_restricted": false
        },
        "blocks": [
            {
                "type": "rich_text",
                "block_id": "mut",
                "elements": [
                    {
                        "type": "rich_text_section",
                        "elements": [
                            {
                                "type": "text",
                                "text": "maybe"
                            }
                        ]
                    }
                ]
            }
        ]
    },
    {
        "client_msg_id": "ee43c73a-a06e-46ef-9122-7efa1817880e",
        "type": "message",
        "text": "prob",
        "user": "U018X7N3K42",
        "ts": "1603919859.051500",
        "team": "TCR2U6UEM",
        "user_team": "TCR2U6UEM",
        "source_team": "TCR2U6UEM",
        "user_profile": {
            "avatar_hash": "g50b311404ea",
            "image_72": "https:\/\/secure.gravatar.com\/avatar\/50b311404eaf5a4cbd50a42846f515df.jpg?s=72&d=https%3A%2F%2Fa.slack-edge.com%2Fdf10d%2Fimg%2Favatars%2Fava_0016-72.png",
            "first_name": "",
            "real_name": "Nathan Bradford",
            "display_name": "Nathan Bradford",
            "team": "TCR2U6UEM",
            "name": "nabra22",
            "is_restricted": false,
            "is_ultra_restricted": false
        },
        "blocks": [
            {
                "type": "rich_text",
                "block_id": "6LiS",
                "elements": [
                    {
                        "type": "rich_text_section",
                        "elements": [
                            {
                                "type": "text",
                                "text": "prob"
                            }
                        ]
                    }
                ]
            }
        ]
    },
    {
        "client_msg_id": "da647747-9436-42d0-be2b-f278a9b23cb8",
        "type": "message",
        "text": "Who all took rings home",
        "user": "U010FNPUQP8",
        "ts": "1603919875.052000",
        "team": "TCR2U6UEM",
        "user_team": "TCR2U6UEM",
        "source_team": "TCR2U6UEM",
        "user_profile": {
            "avatar_hash": "09e03a757dfc",
            "image_72": "https:\/\/avatars.slack-edge.com\/2020-10-16\/1427166742294_09e03a757dfcc5429a42_72.jpg",
            "first_name": "Fergie",
            "real_name": "Fergie",
            "display_name": "Fergie",
            "team": "TCR2U6UEM",
            "name": "fergusonward314",
            "is_restricted": false,
            "is_ultra_restricted": false
        },
        "blocks": [
            {
                "type": "rich_text",
                "block_id": "MkxGC",
                "elements": [
                    {
                        "type": "rich_text_section",
                        "elements": [
                            {
                                "type": "text",
                                "text": "Who all took rings home"
                            }
                        ]
                    }
                ]
            }
        ]
    },
    {
        "client_msg_id": "f069cc57-db5d-440c-b816-ba32e57fe998",
        "type": "message",
        "text": "I took 2 home",
        "user": "U01ADEF18N6",
        "ts": "1603919885.052200",
        "team": "TCR2U6UEM",
        "user_team": "TCR2U6UEM",
        "source_team": "TCR2U6UEM",
        "user_profile": {
            "avatar_hash": "e8086e8713de",
            "image_72": "https:\/\/avatars.slack-edge.com\/2020-09-18\/1371265029141_e8086e8713de3af22fe5_72.jpg",
            "first_name": "Ashley",
            "real_name": "Ashley Sheehan",
            "display_name": "Ashley Sheehan",
            "team": "TCR2U6UEM",
            "name": "asshe21",
            "is_restricted": false,
            "is_ultra_restricted": false
        },
        "blocks": [
            {
                "type": "rich_text",
                "block_id": "77j5",
                "elements": [
                    {
                        "type": "rich_text_section",
                        "elements": [
                            {
                                "type": "text",
                                "text": "I took 2 home"
                            }
                        ]
                    }
                ]
            }
        ]
    },
    {
        "client_msg_id": "0b0cfd7f-1591-4a16-9b4d-1eac87f70238",
        "type": "message",
        "text": "it started",
        "user": "U0193D42LHJ",
        "ts": "1603919917.052700",
        "team": "TCR2U6UEM",
        "user_team": "TCR2U6UEM",
        "source_team": "TCR2U6UEM",
        "user_profile": {
            "avatar_hash": "ac92a4993882",
            "image_72": "https:\/\/avatars.slack-edge.com\/2020-09-18\/1380577414884_ac92a4993882a5db4876_72.png",
            "first_name": "Elliot",
            "real_name": "Elliot Schmidt",
            "display_name": "Elliot",
            "team": "TCR2U6UEM",
            "name": "elliotschmidt2002",
            "is_restricted": false,
            "is_ultra_restricted": false
        },
        "blocks": [
            {
                "type": "rich_text",
                "block_id": "rbO0U",
                "elements": [
                    {
                        "type": "rich_text_section",
                        "elements": [
                            {
                                "type": "text",
                                "text": "it started"
                            }
                        ]
                    }
                ]
            }
        ]
    },
    {
        "client_msg_id": "5a823b63-a70d-441e-bba8-574d4b648922",
        "type": "message",
        "text": "apparently i never sent the club grant application and I just saved it as a draft",
        "user": "U016G7WR3KJ",
        "ts": "1603937568.053400",
        "team": "TCR2U6UEM",
        "user_team": "TCR2U6UEM",
        "source_team": "TCR2U6UEM",
        "user_profile": {
            "avatar_hash": "bbe6b64d1e6f",
            "image_72": "https:\/\/avatars.slack-edge.com\/2020-09-12\/1359637227778_bbe6b64d1e6f191982dd_72.jpg",
            "first_name": "Robbie",
            "real_name": "Robbie Thibodeau",
            "display_name": "Robbie Thibodeau",
            "team": "TCR2U6UEM",
            "name": "rgtthibodeau",
            "is_restricted": false,
            "is_ultra_restricted": false
        },
        "blocks": [
            {
                "type": "rich_text",
                "block_id": "Hmd",
                "elements": [
                    {
                        "type": "rich_text_section",
                        "elements": [
                            {
                                "type": "text",
                                "text": "apparently i never sent the club grant application and I just saved it as a draft"
                            }
                        ]
                    }
                ]
            }
        ],
        "reactions": [
            {
                "name": "stonks",
                "users": [
                    "U010FNPUQP8",
                    "U018URES8KV",
                    "U018QFKN44W",
                    "U018X7N6MMG",
                    "U010DDZ3FJR"
                ],
                "count": 5
            }
        ]
    },
    {
        "client_msg_id": "1a1ba609-7958-4ab3-aa49-0b8d80c2628d",
        "type": "message",
        "text": "robbie wtf",
        "user": "U0193D42LHJ",
        "ts": "1603937580.053600",
        "team": "TCR2U6UEM",
        "user_team": "TCR2U6UEM",
        "source_team": "TCR2U6UEM",
        "user_profile": {
            "avatar_hash": "ac92a4993882",
            "image_72": "https:\/\/avatars.slack-edge.com\/2020-09-18\/1380577414884_ac92a4993882a5db4876_72.png",
            "first_name": "Elliot",
            "real_name": "Elliot Schmidt",
            "display_name": "Elliot",
            "team": "TCR2U6UEM",
            "name": "elliotschmidt2002",
            "is_restricted": false,
            "is_ultra_restricted": false
        },
        "blocks": [
            {
                "type": "rich_text",
                "block_id": "Tx7I2",
                "elements": [
                    {
                        "type": "rich_text_section",
                        "elements": [
                            {
                                "type": "text",
                                "text": "robbie wtf"
                            }
                        ]
                    }
                ]
            }
        ]
    },
    {
        "client_msg_id": "a0830fc0-de1f-4235-87c9-fe44541e66b3",
        "type": "message",
        "text": "this is the second time",
        "user": "U0193D42LHJ",
        "ts": "1603937586.053900",
        "team": "TCR2U6UEM",
        "user_team": "TCR2U6UEM",
        "source_team": "TCR2U6UEM",
        "user_profile": {
            "avatar_hash": "ac92a4993882",
            "image_72": "https:\/\/avatars.slack-edge.com\/2020-09-18\/1380577414884_ac92a4993882a5db4876_72.png",
            "first_name": "Elliot",
            "real_name": "Elliot Schmidt",
            "display_name": "Elliot",
            "team": "TCR2U6UEM",
            "name": "elliotschmidt2002",
            "is_restricted": false,
            "is_ultra_restricted": false
        },
        "blocks": [
            {
                "type": "rich_text",
                "block_id": "vVLDU",
                "elements": [
                    {
                        "type": "rich_text_section",
                        "elements": [
                            {
                                "type": "text",
                                "text": "this is the second time"
                            }
                        ]
                    }
                ]
            }
        ]
    },
    {
        "client_msg_id": "312C1789-D090-4DB8-9C46-2B718D3B4251",
        "type": "message",
        "text": "Robbie ",
        "user": "U018QFKN44W",
        "ts": "1603944701.054600",
        "team": "TCR2U6UEM",
        "user_team": "TCR2U6UEM",
        "source_team": "TCR2U6UEM",
        "user_profile": {
            "avatar_hash": "032f80dfd458",
            "image_72": "https:\/\/avatars.slack-edge.com\/2020-09-11\/1371096170705_032f80dfd458ccdaccbe_72.png",
            "first_name": "Cecilia",
            "real_name": "Cecilia Clark",
            "display_name": "Ceci",
            "team": "TCR2U6UEM",
            "name": "cecla22",
            "is_restricted": false,
            "is_ultra_restricted": false
        },
        "blocks": [
            {
                "type": "rich_text",
                "block_id": "qUN+m",
                "elements": [
                    {
                        "type": "rich_text_section",
                        "elements": [
                            {
                                "type": "text",
                                "text": "Robbie "
                            }
                        ]
                    }
                ]
            }
        ]
    },
    {
        "client_msg_id": "E7E2258B-891D-472A-8C6A-FA6DA52C148F",
        "type": "message",
        "text": "It’s be like that sometimes it’s ok :) ",
        "user": "U018QFKN44W",
        "ts": "1603944723.055200",
        "team": "TCR2U6UEM",
        "user_team": "TCR2U6UEM",
        "source_team": "TCR2U6UEM",
        "user_profile": {
            "avatar_hash": "032f80dfd458",
            "image_72": "https:\/\/avatars.slack-edge.com\/2020-09-11\/1371096170705_032f80dfd458ccdaccbe_72.png",
            "first_name": "Cecilia",
            "real_name": "Cecilia Clark",
            "display_name": "Ceci",
            "team": "TCR2U6UEM",
            "name": "cecla22",
            "is_restricted": false,
            "is_ultra_restricted": false
        },
        "blocks": [
            {
                "type": "rich_text",
                "block_id": "00Do9",
                "elements": [
                    {
                        "type": "rich_text_section",
                        "elements": [
                            {
                                "type": "text",
                                "text": "It’s be like that sometimes it’s ok :) "
                            }
                        ]
                    }
                ]
            }
        ]
    },
    {
        "client_msg_id": "A13EB7F0-12C3-4B56-B44D-6AABA6B1E67D",
        "type": "message",
        "text": "Just remember to send it soon ",
        "user": "U018QFKN44W",
        "ts": "1603944730.055500",
        "team": "TCR2U6UEM",
        "user_team": "TCR2U6UEM",
        "source_team": "TCR2U6UEM",
        "user_profile": {
            "avatar_hash": "032f80dfd458",
            "image_72": "https:\/\/avatars.slack-edge.com\/2020-09-11\/1371096170705_032f80dfd458ccdaccbe_72.png",
            "first_name": "Cecilia",
            "real_name": "Cecilia Clark",
            "display_name": "Ceci",
            "team": "TCR2U6UEM",
            "name": "cecla22",
            "is_restricted": false,
            "is_ultra_restricted": false
        },
        "blocks": [
            {
                "type": "rich_text",
                "block_id": "dG6KW",
                "elements": [
                    {
                        "type": "rich_text_section",
                        "elements": [
                            {
                                "type": "text",
                                "text": "Just remember to send it soon "
                            }
                        ]
                    }
                ]
            }
        ]
    },
    {
        "client_msg_id": "DA2D846F-CACB-4ED1-B506-5FF24AA0ED00",
        "type": "message",
        "text": "Also everyone who has written a meeting reflection, thank you ",
        "user": "U018QFKN44W",
        "ts": "1603944753.056200",
        "team": "TCR2U6UEM",
        "user_team": "TCR2U6UEM",
        "source_team": "TCR2U6UEM",
        "user_profile": {
            "avatar_hash": "032f80dfd458",
            "image_72": "https:\/\/avatars.slack-edge.com\/2020-09-11\/1371096170705_032f80dfd458ccdaccbe_72.png",
            "first_name": "Cecilia",
            "real_name": "Cecilia Clark",
            "display_name": "Ceci",
            "team": "TCR2U6UEM",
            "name": "cecla22",
            "is_restricted": false,
            "is_ultra_restricted": false
        },
        "blocks": [
            {
                "type": "rich_text",
                "block_id": "OH87",
                "elements": [
                    {
                        "type": "rich_text_section",
                        "elements": [
                            {
                                "type": "text",
                                "text": "Also everyone who has written a meeting reflection, thank you "
                            }
                        ]
                    }
                ]
            }
        ]
    },
    {
        "client_msg_id": "26CD9895-FFA0-4F80-87D4-C93FE4C02005",
        "type": "message",
        "text": "They look amazing :)",
        "user": "U018QFKN44W",
        "ts": "1603944757.056400",
        "team": "TCR2U6UEM",
        "user_team": "TCR2U6UEM",
        "source_team": "TCR2U6UEM",
        "user_profile": {
            "avatar_hash": "032f80dfd458",
            "image_72": "https:\/\/avatars.slack-edge.com\/2020-09-11\/1371096170705_032f80dfd458ccdaccbe_72.png",
            "first_name": "Cecilia",
            "real_name": "Cecilia Clark",
            "display_name": "Ceci",
            "team": "TCR2U6UEM",
            "name": "cecla22",
            "is_restricted": false,
            "is_ultra_restricted": false
        },
        "blocks": [
            {
                "type": "rich_text",
                "block_id": "bvurV",
                "elements": [
                    {
                        "type": "rich_text_section",
                        "elements": [
                            {
                                "type": "text",
                                "text": "They look amazing :)"
                            }
                        ]
                    }
                ]
            }
        ]
    },
    {
        "type": "message",
        "text": "Gobilda is so extra look at these measurements",
        "files": [
            {
                "id": "F01DKEPK2RG",
                "created": 1603948303,
                "timestamp": 1603948303,
                "name": "Image from iOS.jpg",
                "title": "Image from iOS",
                "mimetype": "image\/jpeg",
                "filetype": "jpg",
                "pretty_type": "JPEG",
                "user": "U018X7N6MMG",
                "editable": false,
                "size": 4934450,
                "mode": "hosted",
                "is_external": false,
                "external_type": "",
                "is_public": true,
                "public_url_shared": false,
                "display_as_bot": false,
                "username": "",
                "url_private": "https:\/\/files.slack.com\/files-pri\/TCR2U6UEM-F01DKEPK2RG\/image_from_ios.jpg?t=xoxe-433096232497-1684125439971-1696548615153-cd1d3d402b441a7d6039d167da7d37bd",
                "url_private_download": "https:\/\/files.slack.com\/files-pri\/TCR2U6UEM-F01DKEPK2RG\/download\/image_from_ios.jpg?t=xoxe-433096232497-1684125439971-1696548615153-cd1d3d402b441a7d6039d167da7d37bd",
                "thumb_64": "https:\/\/files.slack.com\/files-tmb\/TCR2U6UEM-F01DKEPK2RG-dd9c103587\/image_from_ios_64.jpg?t=xoxe-433096232497-1684125439971-1696548615153-cd1d3d402b441a7d6039d167da7d37bd",
                "thumb_80": "https:\/\/files.slack.com\/files-tmb\/TCR2U6UEM-F01DKEPK2RG-dd9c103587\/image_from_ios_80.jpg?t=xoxe-433096232497-1684125439971-1696548615153-cd1d3d402b441a7d6039d167da7d37bd",
                "thumb_360": "https:\/\/files.slack.com\/files-tmb\/TCR2U6UEM-F01DKEPK2RG-dd9c103587\/image_from_ios_360.jpg?t=xoxe-433096232497-1684125439971-1696548615153-cd1d3d402b441a7d6039d167da7d37bd",
                "thumb_360_w": 270,
                "thumb_360_h": 360,
                "thumb_480": "https:\/\/files.slack.com\/files-tmb\/TCR2U6UEM-F01DKEPK2RG-dd9c103587\/image_from_ios_480.jpg?t=xoxe-433096232497-1684125439971-1696548615153-cd1d3d402b441a7d6039d167da7d37bd",
                "thumb_480_w": 360,
                "thumb_480_h": 480,
                "thumb_160": "https:\/\/files.slack.com\/files-tmb\/TCR2U6UEM-F01DKEPK2RG-dd9c103587\/image_from_ios_160.jpg?t=xoxe-433096232497-1684125439971-1696548615153-cd1d3d402b441a7d6039d167da7d37bd",
                "thumb_720": "https:\/\/files.slack.com\/files-tmb\/TCR2U6UEM-F01DKEPK2RG-dd9c103587\/image_from_ios_720.jpg?t=xoxe-433096232497-1684125439971-1696548615153-cd1d3d402b441a7d6039d167da7d37bd",
                "thumb_720_w": 540,
                "thumb_720_h": 720,
                "thumb_800": "https:\/\/files.slack.com\/files-tmb\/TCR2U6UEM-F01DKEPK2RG-dd9c103587\/image_from_ios_800.jpg?t=xoxe-433096232497-1684125439971-1696548615153-cd1d3d402b441a7d6039d167da7d37bd",
                "thumb_800_w": 800,
                "thumb_800_h": 1067,
                "thumb_960": "https:\/\/files.slack.com\/files-tmb\/TCR2U6UEM-F01DKEPK2RG-dd9c103587\/image_from_ios_960.jpg?t=xoxe-433096232497-1684125439971-1696548615153-cd1d3d402b441a7d6039d167da7d37bd",
                "thumb_960_w": 720,
                "thumb_960_h": 960,
                "thumb_1024": "https:\/\/files.slack.com\/files-tmb\/TCR2U6UEM-F01DKEPK2RG-dd9c103587\/image_from_ios_1024.jpg?t=xoxe-433096232497-1684125439971-1696548615153-cd1d3d402b441a7d6039d167da7d37bd",
                "thumb_1024_w": 768,
                "thumb_1024_h": 1024,
                "original_w": 3024,
                "original_h": 4032,
                "thumb_tiny": "AwAwACRAlLsqcJRspDK+2mlanI56Uxl4oArkc0YpxHNGKANDHHFGOKcKSgQwj61G44NSkj1FMbkcUAVivNJipSOaTFAFvNRnHy0Bx60nGKBg38VJn5aCRzUbN6UAITzSZphbmjdQB\/\/Z",
                "permalink": "https:\/\/rawbaconrobotics.slack.com\/files\/U018X7N6MMG\/F01DKEPK2RG\/image_from_ios.jpg",
                "permalink_public": "https:\/\/slack-files.com\/TCR2U6UEM-F01DKEPK2RG-e262896103",
                "is_starred": false,
                "has_rich_preview": false
            }
        ],
        "upload": true,
        "blocks": [
            {
                "type": "rich_text",
                "block_id": "mS3kD",
                "elements": [
                    {
                        "type": "rich_text_section",
                        "elements": [
                            {
                                "type": "text",
                                "text": "Gobilda is so extra look at these measurements"
                            }
                        ]
                    }
                ]
            }
        ],
        "user": "U018X7N6MMG",
        "display_as_bot": false,
        "ts": "1603948315.057000",
        "client_msg_id": "42AF52B5-3B8E-46EA-B0A6-B94FFAC8374A"
    },
    {
        "client_msg_id": "6e0cecaf-42ee-42f1-953b-fba8463e3476",
        "type": "message",
        "text": "I'd prefer that over what most clothing companies give you tbh",
        "user": "U0193D42LHJ",
        "ts": "1603948344.057600",
        "team": "TCR2U6UEM",
        "user_team": "TCR2U6UEM",
        "source_team": "TCR2U6UEM",
        "user_profile": {
            "avatar_hash": "ac92a4993882",
            "image_72": "https:\/\/avatars.slack-edge.com\/2020-09-18\/1380577414884_ac92a4993882a5db4876_72.png",
            "first_name": "Elliot",
            "real_name": "Elliot Schmidt",
            "display_name": "Elliot",
            "team": "TCR2U6UEM",
            "name": "elliotschmidt2002",
            "is_restricted": false,
            "is_ultra_restricted": false
        },
        "blocks": [
            {
                "type": "rich_text",
                "block_id": "9z3c",
                "elements": [
                    {
                        "type": "rich_text_section",
                        "elements": [
                            {
                                "type": "text",
                                "text": "I'd prefer that over what most clothing companies give you tbh"
                            }
                        ]
                    }
                ]
            }
        ]
    }
]