[
    {
        "client_msg_id": "34b08338-5def-4ae6-acee-4711ab32588f",
        "type": "message",
        "text": "well i think it would be a good replacement if we manage to get the rest of the team on here",
        "user": "U0103BWEQSD",
        "ts": "1590597470.000500",
        "team": "TCR2U6UEM",
        "user_team": "TCR2U6UEM",
        "source_team": "TCR2U6UEM",
        "user_profile": {
            "avatar_hash": "704661998fe6",
            "image_72": "https:\/\/avatars.slack-edge.com\/2020-10-23\/1446991992437_704661998fe69b57bc12_72.png",
            "first_name": "Madi",
            "real_name": "Madi",
            "display_name": "Madi",
            "team": "TCR2U6UEM",
            "name": "mavit22",
            "is_restricted": false,
            "is_ultra_restricted": false
        },
        "blocks": [
            {
                "type": "rich_text",
                "block_id": "EY1",
                "elements": [
                    {
                        "type": "rich_text_section",
                        "elements": [
                            {
                                "type": "text",
                                "text": "well i think it would be a good replacement if we manage to get the rest of the team on here"
                            }
                        ]
                    }
                ]
            }
        ]
    }
]