[
    {
        "client_msg_id": "63458b14-bd87-43d0-84e3-21853280334c",
        "type": "message",
        "text": "Are people who aren't drivers or coaches still zooming in tomorrow?",
        "user": "U018QFK9G94",
        "ts": "1607993896.000700",
        "team": "TCR2U6UEM",
        "user_team": "TCR2U6UEM",
        "source_team": "TCR2U6UEM",
        "user_profile": {
            "avatar_hash": "g9d36c6aa5d6",
            "image_72": "https:\/\/secure.gravatar.com\/avatar\/9d36c6aa5d6e1c88d058906bd2a03917.jpg?s=72&d=https%3A%2F%2Fa.slack-edge.com%2Fdf10d%2Fimg%2Favatars%2Fava_0011-72.png",
            "first_name": "",
            "real_name": "Marcus Miller",
            "display_name": "",
            "team": "TCR2U6UEM",
            "name": "mamil23",
            "is_restricted": false,
            "is_ultra_restricted": false
        },
        "blocks": [
            {
                "type": "rich_text",
                "block_id": "qDqJq",
                "elements": [
                    {
                        "type": "rich_text_section",
                        "elements": [
                            {
                                "type": "text",
                                "text": "Are people who aren't drivers or coaches still zooming in tomorrow?"
                            }
                        ]
                    }
                ]
            }
        ]
    },
    {
        "client_msg_id": "8d52190d-b076-4428-9703-68ac98fdc1b2",
        "type": "message",
        "text": "I think so",
        "user": "U018GF7AFJB",
        "ts": "1607993906.000900",
        "team": "TCR2U6UEM",
        "user_team": "TCR2U6UEM",
        "source_team": "TCR2U6UEM",
        "user_profile": {
            "avatar_hash": "c31861bbc361",
            "image_72": "https:\/\/avatars.slack-edge.com\/2020-08-16\/1316598132593_c31861bbc3618c961c77_72.jpg",
            "first_name": "",
            "real_name": "Nolan Vibhakar",
            "display_name": "Nolan Vibhakar",
            "team": "TCR2U6UEM",
            "name": "novib21",
            "is_restricted": false,
            "is_ultra_restricted": false
        },
        "blocks": [
            {
                "type": "rich_text",
                "block_id": "pCXXw",
                "elements": [
                    {
                        "type": "rich_text_section",
                        "elements": [
                            {
                                "type": "text",
                                "text": "I think so"
                            }
                        ]
                    }
                ]
            }
        ]
    },
    {
        "client_msg_id": "d3962348-9efd-41f4-9dba-c7806859cdab",
        "type": "message",
        "text": "Ok",
        "user": "U018QFK9G94",
        "ts": "1607993928.001100",
        "team": "TCR2U6UEM",
        "user_team": "TCR2U6UEM",
        "source_team": "TCR2U6UEM",
        "user_profile": {
            "avatar_hash": "g9d36c6aa5d6",
            "image_72": "https:\/\/secure.gravatar.com\/avatar\/9d36c6aa5d6e1c88d058906bd2a03917.jpg?s=72&d=https%3A%2F%2Fa.slack-edge.com%2Fdf10d%2Fimg%2Favatars%2Fava_0011-72.png",
            "first_name": "",
            "real_name": "Marcus Miller",
            "display_name": "",
            "team": "TCR2U6UEM",
            "name": "mamil23",
            "is_restricted": false,
            "is_ultra_restricted": false
        },
        "blocks": [
            {
                "type": "rich_text",
                "block_id": "Fxzi",
                "elements": [
                    {
                        "type": "rich_text_section",
                        "elements": [
                            {
                                "type": "text",
                                "text": "Ok"
                            }
                        ]
                    }
                ]
            }
        ]
    },
    {
        "client_msg_id": "962908fe-4300-4c4e-8ee5-fbd8b3785821",
        "type": "message",
        "text": "Good News! The build and tele-op for the first meet is done. Luke and I have been working on them and we've got all the tele-op code in for everything we have. Alongside this we have an auto that \"might\" work. it was made using actual distances and all the moves match what they're supposed to do but it will likely require some tuning by the people working on it tomorrow",
        "user": "U0193D42LHJ",
        "ts": "1608009904.004300",
        "team": "TCR2U6UEM",
        "user_team": "TCR2U6UEM",
        "source_team": "TCR2U6UEM",
        "user_profile": {
            "avatar_hash": "ac92a4993882",
            "image_72": "https:\/\/avatars.slack-edge.com\/2020-09-18\/1380577414884_ac92a4993882a5db4876_72.png",
            "first_name": "Elliot",
            "real_name": "Elliot Schmidt",
            "display_name": "Elliot",
            "team": "TCR2U6UEM",
            "name": "elliotschmidt2002",
            "is_restricted": false,
            "is_ultra_restricted": false
        },
        "blocks": [
            {
                "type": "rich_text",
                "block_id": "OU9PQ",
                "elements": [
                    {
                        "type": "rich_text_section",
                        "elements": [
                            {
                                "type": "text",
                                "text": "Good News! The build and tele-op for the first meet is done. Luke and I have been working on them and we've got all the tele-op code in for everything we have. Alongside this we have an auto that \"might\" work. it was made using actual distances and all the moves match what they're supposed to do but it will likely require some tuning by the people working on it tomorrow"
                            }
                        ]
                    }
                ]
            }
        ],
        "reactions": [
            {
                "name": "stonks",
                "users": [
                    "U018X7N6MMG",
                    "U010DDZ3FJR",
                    "U018URES8KV"
                ],
                "count": 3
            }
        ]
    },
    {
        "client_msg_id": "8C2E8052-2DE8-4758-9813-D5A37564199A",
        "type": "message",
        "text": "HECK YEAH",
        "user": "U018X7N6MMG",
        "ts": "1608011501.004700",
        "team": "TCR2U6UEM",
        "user_team": "TCR2U6UEM",
        "source_team": "TCR2U6UEM",
        "user_profile": {
            "avatar_hash": "ba89825d3b7b",
            "image_72": "https:\/\/avatars.slack-edge.com\/2020-09-11\/1355949232709_ba89825d3b7bcf995dc9_72.png",
            "first_name": "Keith",
            "real_name": "Keith Friestad",
            "display_name": "",
            "team": "TCR2U6UEM",
            "name": "keith.friestad",
            "is_restricted": false,
            "is_ultra_restricted": false
        },
        "blocks": [
            {
                "type": "rich_text",
                "block_id": "NI7Gn",
                "elements": [
                    {
                        "type": "rich_text_section",
                        "elements": [
                            {
                                "type": "text",
                                "text": "HECK YEAH"
                            }
                        ]
                    }
                ]
            }
        ]
    },
    {
        "client_msg_id": "44299BB3-2334-4D97-87C6-0E71AA5C47D7",
        "type": "message",
        "text": ":clap::clap::clap:",
        "user": "U018X7N6MMG",
        "ts": "1608011539.005600",
        "team": "TCR2U6UEM",
        "user_team": "TCR2U6UEM",
        "source_team": "TCR2U6UEM",
        "user_profile": {
            "avatar_hash": "ba89825d3b7b",
            "image_72": "https:\/\/avatars.slack-edge.com\/2020-09-11\/1355949232709_ba89825d3b7bcf995dc9_72.png",
            "first_name": "Keith",
            "real_name": "Keith Friestad",
            "display_name": "",
            "team": "TCR2U6UEM",
            "name": "keith.friestad",
            "is_restricted": false,
            "is_ultra_restricted": false
        },
        "blocks": [
            {
                "type": "rich_text",
                "block_id": "Cmx8I",
                "elements": [
                    {
                        "type": "rich_text_section",
                        "elements": [
                            {
                                "type": "emoji",
                                "name": "clap"
                            },
                            {
                                "type": "emoji",
                                "name": "clap"
                            },
                            {
                                "type": "emoji",
                                "name": "clap"
                            }
                        ]
                    }
                ]
            }
        ]
    },
    {
        "client_msg_id": "f2c5fda1-caf4-42cf-bfcf-9a4f8c8bdee2",
        "type": "message",
        "text": "Some first impressions after driving it and testing the basic auto luke and I made. Driving is good, should work fine on the field, the wobble arm is super finicky and honestly I dont think it will work but oh well, the ring grabber thing is also finicky and will take a lot of coordination to get even close to useful, the chassis is really capable of moving the wobble goals around with little to no issue using the U inside it. On the auto side of things it's even more impressive, the auto is consistent on my tile floor and if we're lucky should require minimum tuning.",
        "user": "U0193D42LHJ",
        "ts": "1608013411.010500",
        "team": "TCR2U6UEM",
        "user_team": "TCR2U6UEM",
        "source_team": "TCR2U6UEM",
        "user_profile": {
            "avatar_hash": "ac92a4993882",
            "image_72": "https:\/\/avatars.slack-edge.com\/2020-09-18\/1380577414884_ac92a4993882a5db4876_72.png",
            "first_name": "Elliot",
            "real_name": "Elliot Schmidt",
            "display_name": "Elliot",
            "team": "TCR2U6UEM",
            "name": "elliotschmidt2002",
            "is_restricted": false,
            "is_ultra_restricted": false
        },
        "blocks": [
            {
                "type": "rich_text",
                "block_id": "d\/wq",
                "elements": [
                    {
                        "type": "rich_text_section",
                        "elements": [
                            {
                                "type": "text",
                                "text": "Some first impressions after driving it and testing the basic auto luke and I made. Driving is good, should work fine on the field, the wobble arm is super finicky and honestly I dont think it will work but oh well, the ring grabber thing is also finicky and will take a lot of coordination to get even close to useful, the chassis is really capable of moving the wobble goals around with little to no issue using the U inside it. On the auto side of things it's even more impressive, the auto is consistent on my tile floor and if we're lucky should require minimum tuning."
                            }
                        ]
                    }
                ]
            }
        ]
    },
    {
        "client_msg_id": "ef03a981-df7c-4768-9c16-35bd7c5ea57f",
        "type": "message",
        "text": "There are maybe 3 distances I can see needing change in any way",
        "user": "U0193D42LHJ",
        "ts": "1608013437.011100",
        "team": "TCR2U6UEM",
        "user_team": "TCR2U6UEM",
        "source_team": "TCR2U6UEM",
        "user_profile": {
            "avatar_hash": "ac92a4993882",
            "image_72": "https:\/\/avatars.slack-edge.com\/2020-09-18\/1380577414884_ac92a4993882a5db4876_72.png",
            "first_name": "Elliot",
            "real_name": "Elliot Schmidt",
            "display_name": "Elliot",
            "team": "TCR2U6UEM",
            "name": "elliotschmidt2002",
            "is_restricted": false,
            "is_ultra_restricted": false
        },
        "blocks": [
            {
                "type": "rich_text",
                "block_id": "8985j",
                "elements": [
                    {
                        "type": "rich_text_section",
                        "elements": [
                            {
                                "type": "text",
                                "text": "There are maybe 3 distances I can see needing change in any way"
                            }
                        ]
                    }
                ]
            }
        ]
    }
]