[
    {
        "client_msg_id": "3bc5238c-80aa-46eb-95e0-e93a53e3f099",
        "type": "message",
        "text": "This looks really similar to Nathan's idea <https:\/\/www.reddit.com\/r\/FTC\/comments\/jdp3uh\/our_shooter_test\/|https:\/\/www.reddit.com\/r\/FTC\/comments\/jdp3uh\/our_shooter_test\/>",
        "user": "U010DDZ3FJR",
        "ts": "1603070970.004700",
        "team": "TCR2U6UEM",
        "user_team": "TCR2U6UEM",
        "source_team": "TCR2U6UEM",
        "user_profile": {
            "avatar_hash": "fda0a36a8605",
            "image_72": "https:\/\/avatars.slack-edge.com\/2020-09-18\/1386993799393_fda0a36a86053c692b20_72.jpg",
            "first_name": "Luke",
            "real_name": "Luke Aschenbrenner",
            "display_name": "Luke Aschenbrenner",
            "team": "TCR2U6UEM",
            "name": "ashbren21",
            "is_restricted": false,
            "is_ultra_restricted": false
        },
        "attachments": [
            {
                "service_name": "reddit",
                "title": "Our Shooter Test",
                "title_link": "https:\/\/www.reddit.com\/r\/FTC\/comments\/jdp3uh\/our_shooter_test\/",
                "text": "Posted in r\/FTC by u\/Jon_Is_My_Real_Name • 94 points and 8 comments",
                "fallback": "reddit: Our Shooter Test",
                "image_url": "https:\/\/external-preview.redd.it\/fMY8oZApq57i6wpMzBAKq1s8APd5uU6uQy5z40I9zys.png?overlay-align=bottom,left&crop=1200:628.272251309,smart&overlay-height=15p&overlay=%2Fwatermark%2Ft5_2sks6.png%3Fs%3D48ff07de032b29e94a4b88178737ca9b65be5a08&width=1200&height=628.272251309&auto=webp&s=9c2621f72a3c095ce4d02f8fbf1871493f5953a2",
                "image_width": 478,
                "image_height": 250,
                "from_url": "https:\/\/www.reddit.com\/r\/FTC\/comments\/jdp3uh\/our_shooter_test\/",
                "image_bytes": 765694,
                "service_icon": "http:\/\/www.redditstatic.com\/desktop2x\/img\/favicon\/apple-icon-57x57.png",
                "id": 1,
                "original_url": "https:\/\/www.reddit.com\/r\/FTC\/comments\/jdp3uh\/our_shooter_test\/"
            }
        ],
        "blocks": [
            {
                "type": "rich_text",
                "block_id": "OVnN",
                "elements": [
                    {
                        "type": "rich_text_section",
                        "elements": [
                            {
                                "type": "text",
                                "text": "This looks really similar to Nathan's idea "
                            },
                            {
                                "type": "link",
                                "url": "https:\/\/www.reddit.com\/r\/FTC\/comments\/jdp3uh\/our_shooter_test\/",
                                "text": "https:\/\/www.reddit.com\/r\/FTC\/comments\/jdp3uh\/our_shooter_test\/"
                            }
                        ]
                    }
                ]
            }
        ],
        "reactions": [
            {
                "name": "stonks",
                "users": [
                    "U018X7N6MMG"
                ],
                "count": 1
            }
        ]
    },
    {
        "client_msg_id": "661a925e-1002-41ed-afb1-b36bac65ddcd",
        "type": "message",
        "text": "I was going to share that lol",
        "user": "U016G7WR3KJ",
        "ts": "1603071020.005100",
        "team": "TCR2U6UEM",
        "user_team": "TCR2U6UEM",
        "source_team": "TCR2U6UEM",
        "user_profile": {
            "avatar_hash": "bbe6b64d1e6f",
            "image_72": "https:\/\/avatars.slack-edge.com\/2020-09-12\/1359637227778_bbe6b64d1e6f191982dd_72.jpg",
            "first_name": "Robbie",
            "real_name": "Robbie Thibodeau",
            "display_name": "Robbie Thibodeau",
            "team": "TCR2U6UEM",
            "name": "rgtthibodeau",
            "is_restricted": false,
            "is_ultra_restricted": false
        },
        "blocks": [
            {
                "type": "rich_text",
                "block_id": "lwi",
                "elements": [
                    {
                        "type": "rich_text_section",
                        "elements": [
                            {
                                "type": "text",
                                "text": "I was going to share that lol"
                            }
                        ]
                    }
                ]
            }
        ],
        "reactions": [
            {
                "name": "stonks",
                "users": [
                    "U010DDZ3FJR",
                    "U018URES8KV",
                    "U0193D42LHJ",
                    "U0103BWEQSD",
                    "U018X7N6MMG"
                ],
                "count": 5
            }
        ]
    }
]