[
    {
        "type": "message",
        "text": "",
        "files": [
            {
                "id": "F01CXUQ545A",
                "created": 1602859929,
                "timestamp": 1602859929,
                "name": "Screenshot_20201016-095038_Gmail.jpg",
                "title": "Screenshot_20201016-095038_Gmail.jpg",
                "mimetype": "image\/jpeg",
                "filetype": "jpg",
                "pretty_type": "JPEG",
                "user": "U016G7WR3KJ",
                "editable": false,
                "size": 73988,
                "mode": "hosted",
                "is_external": false,
                "external_type": "",
                "is_public": true,
                "public_url_shared": false,
                "display_as_bot": false,
                "username": "",
                "url_private": "https:\/\/files.slack.com\/files-pri\/TCR2U6UEM-F01CXUQ545A\/screenshot_20201016-095038_gmail.jpg?t=xoxe-433096232497-1684125439971-1696548615153-cd1d3d402b441a7d6039d167da7d37bd",
                "url_private_download": "https:\/\/files.slack.com\/files-pri\/TCR2U6UEM-F01CXUQ545A\/download\/screenshot_20201016-095038_gmail.jpg?t=xoxe-433096232497-1684125439971-1696548615153-cd1d3d402b441a7d6039d167da7d37bd",
                "thumb_64": "https:\/\/files.slack.com\/files-tmb\/TCR2U6UEM-F01CXUQ545A-f32281d9d5\/screenshot_20201016-095038_gmail_64.jpg?t=xoxe-433096232497-1684125439971-1696548615153-cd1d3d402b441a7d6039d167da7d37bd",
                "thumb_80": "https:\/\/files.slack.com\/files-tmb\/TCR2U6UEM-F01CXUQ545A-f32281d9d5\/screenshot_20201016-095038_gmail_80.jpg?t=xoxe-433096232497-1684125439971-1696548615153-cd1d3d402b441a7d6039d167da7d37bd",
                "thumb_360": "https:\/\/files.slack.com\/files-tmb\/TCR2U6UEM-F01CXUQ545A-f32281d9d5\/screenshot_20201016-095038_gmail_360.jpg?t=xoxe-433096232497-1684125439971-1696548615153-cd1d3d402b441a7d6039d167da7d37bd",
                "thumb_360_w": 166,
                "thumb_360_h": 360,
                "thumb_480": "https:\/\/files.slack.com\/files-tmb\/TCR2U6UEM-F01CXUQ545A-f32281d9d5\/screenshot_20201016-095038_gmail_480.jpg?t=xoxe-433096232497-1684125439971-1696548615153-cd1d3d402b441a7d6039d167da7d37bd",
                "thumb_480_w": 222,
                "thumb_480_h": 480,
                "thumb_160": "https:\/\/files.slack.com\/files-tmb\/TCR2U6UEM-F01CXUQ545A-f32281d9d5\/screenshot_20201016-095038_gmail_160.jpg?t=xoxe-433096232497-1684125439971-1696548615153-cd1d3d402b441a7d6039d167da7d37bd",
                "thumb_720": "https:\/\/files.slack.com\/files-tmb\/TCR2U6UEM-F01CXUQ545A-f32281d9d5\/screenshot_20201016-095038_gmail_720.jpg?t=xoxe-433096232497-1684125439971-1696548615153-cd1d3d402b441a7d6039d167da7d37bd",
                "thumb_720_w": 332,
                "thumb_720_h": 720,
                "thumb_800": "https:\/\/files.slack.com\/files-tmb\/TCR2U6UEM-F01CXUQ545A-f32281d9d5\/screenshot_20201016-095038_gmail_800.jpg?t=xoxe-433096232497-1684125439971-1696548615153-cd1d3d402b441a7d6039d167da7d37bd",
                "thumb_800_w": 369,
                "thumb_800_h": 800,
                "thumb_960": "https:\/\/files.slack.com\/files-tmb\/TCR2U6UEM-F01CXUQ545A-f32281d9d5\/screenshot_20201016-095038_gmail_960.jpg?t=xoxe-433096232497-1684125439971-1696548615153-cd1d3d402b441a7d6039d167da7d37bd",
                "thumb_960_w": 443,
                "thumb_960_h": 960,
                "thumb_1024": "https:\/\/files.slack.com\/files-tmb\/TCR2U6UEM-F01CXUQ545A-f32281d9d5\/screenshot_20201016-095038_gmail_1024.jpg?t=xoxe-433096232497-1684125439971-1696548615153-cd1d3d402b441a7d6039d167da7d37bd",
                "thumb_1024_w": 473,
                "thumb_1024_h": 1024,
                "original_w": 720,
                "original_h": 1560,
                "thumb_tiny": "AwAwABaltJFG0jrT8EAAjqM9aaSR6UANzRRRQA4Lx0oK+2aQO3Y9KNzUwEI9sUUmeaKQCAZYD3q7PBAsBZAwPOMnrg4qn+ApzPIw+ZyfqaAGDrS0Y5ooA\/\/Z",
                "permalink": "https:\/\/rawbaconrobotics.slack.com\/files\/U016G7WR3KJ\/F01CXUQ545A\/screenshot_20201016-095038_gmail.jpg",
                "permalink_public": "https:\/\/slack-files.com\/TCR2U6UEM-F01CXUQ545A-315e8ab17f",
                "is_starred": false,
                "has_rich_preview": false
            }
        ],
        "upload": true,
        "user": "U016G7WR3KJ",
        "display_as_bot": false,
        "ts": "1602859931.000100",
        "client_msg_id": "c7a74604-3c42-415e-87cf-66c1b62e490e"
    },
    {
        "client_msg_id": "dee5d301-6f4f-4ccc-80e3-1ac9c505be05",
        "type": "message",
        "text": "Oh boy",
        "user": "U016G7WR3KJ",
        "ts": "1602859935.000500",
        "team": "TCR2U6UEM",
        "user_team": "TCR2U6UEM",
        "source_team": "TCR2U6UEM",
        "user_profile": {
            "avatar_hash": "bbe6b64d1e6f",
            "image_72": "https:\/\/avatars.slack-edge.com\/2020-09-12\/1359637227778_bbe6b64d1e6f191982dd_72.jpg",
            "first_name": "Robbie",
            "real_name": "Robbie Thibodeau",
            "display_name": "Robbie Thibodeau",
            "team": "TCR2U6UEM",
            "name": "rgtthibodeau",
            "is_restricted": false,
            "is_ultra_restricted": false
        },
        "blocks": [
            {
                "type": "rich_text",
                "block_id": "yp1E",
                "elements": [
                    {
                        "type": "rich_text_section",
                        "elements": [
                            {
                                "type": "text",
                                "text": "Oh boy"
                            }
                        ]
                    }
                ]
            }
        ],
        "reactions": [
            {
                "name": "watermelon",
                "users": [
                    "U018URES8KV"
                ],
                "count": 1
            },
            {
                "name": "kamen_pog",
                "users": [
                    "U018URES8KV",
                    "U010DDZ3FJR"
                ],
                "count": 2
            }
        ]
    },
    {
        "client_msg_id": "53342a15-1512-408f-8498-44cd36d625f1",
        "type": "message",
        "text": "Time to slam Andymark for making cheap plastic cost $100+",
        "user": "U010DDZ3FJR",
        "ts": "1602861157.001600",
        "team": "TCR2U6UEM",
        "user_team": "TCR2U6UEM",
        "source_team": "TCR2U6UEM",
        "user_profile": {
            "avatar_hash": "fda0a36a8605",
            "image_72": "https:\/\/avatars.slack-edge.com\/2020-09-18\/1386993799393_fda0a36a86053c692b20_72.jpg",
            "first_name": "Luke",
            "real_name": "Luke Aschenbrenner",
            "display_name": "Luke Aschenbrenner",
            "team": "TCR2U6UEM",
            "name": "ashbren21",
            "is_restricted": false,
            "is_ultra_restricted": false
        },
        "blocks": [
            {
                "type": "rich_text",
                "block_id": "Lrpp",
                "elements": [
                    {
                        "type": "rich_text_section",
                        "elements": [
                            {
                                "type": "text",
                                "text": "Time to slam Andymark for making cheap plastic cost $100+"
                            }
                        ]
                    }
                ]
            }
        ],
        "reactions": [
            {
                "name": "ice_hockey_stick_and_puck",
                "users": [
                    "U010FNPUQP8",
                    "U018URES8KV"
                ],
                "count": 2
            }
        ]
    },
    {
        "client_msg_id": "1d4ed955-a582-4b3a-9d08-eb6bf49b6b07",
        "type": "message",
        "text": "Also robbie did you ever tell gtape that we got it?",
        "user": "U010DDZ3FJR",
        "ts": "1602861172.002100",
        "team": "TCR2U6UEM",
        "user_team": "TCR2U6UEM",
        "source_team": "TCR2U6UEM",
        "user_profile": {
            "avatar_hash": "fda0a36a8605",
            "image_72": "https:\/\/avatars.slack-edge.com\/2020-09-18\/1386993799393_fda0a36a86053c692b20_72.jpg",
            "first_name": "Luke",
            "real_name": "Luke Aschenbrenner",
            "display_name": "Luke Aschenbrenner",
            "team": "TCR2U6UEM",
            "name": "ashbren21",
            "is_restricted": false,
            "is_ultra_restricted": false
        },
        "blocks": [
            {
                "type": "rich_text",
                "block_id": "J57t",
                "elements": [
                    {
                        "type": "rich_text_section",
                        "elements": [
                            {
                                "type": "text",
                                "text": "Also robbie did you ever tell gtape that we got it?"
                            }
                        ]
                    }
                ]
            }
        ]
    },
    {
        "client_msg_id": "c5d82b18-421b-4e38-a7b0-4e2a1c3f9b1c",
        "type": "message",
        "text": "Not yet",
        "user": "U016G7WR3KJ",
        "ts": "1602861191.002500",
        "team": "TCR2U6UEM",
        "user_team": "TCR2U6UEM",
        "source_team": "TCR2U6UEM",
        "user_profile": {
            "avatar_hash": "bbe6b64d1e6f",
            "image_72": "https:\/\/avatars.slack-edge.com\/2020-09-12\/1359637227778_bbe6b64d1e6f191982dd_72.jpg",
            "first_name": "Robbie",
            "real_name": "Robbie Thibodeau",
            "display_name": "Robbie Thibodeau",
            "team": "TCR2U6UEM",
            "name": "rgtthibodeau",
            "is_restricted": false,
            "is_ultra_restricted": false
        },
        "blocks": [
            {
                "type": "rich_text",
                "block_id": "CCvM",
                "elements": [
                    {
                        "type": "rich_text_section",
                        "elements": [
                            {
                                "type": "text",
                                "text": "Not yet"
                            }
                        ]
                    }
                ]
            }
        ]
    },
    {
        "client_msg_id": "7f2692fb-5639-4b6d-a714-548ca1ddb8b2",
        "type": "message",
        "text": "I probably should",
        "user": "U016G7WR3KJ",
        "ts": "1602861196.002700",
        "team": "TCR2U6UEM",
        "user_team": "TCR2U6UEM",
        "source_team": "TCR2U6UEM",
        "user_profile": {
            "avatar_hash": "bbe6b64d1e6f",
            "image_72": "https:\/\/avatars.slack-edge.com\/2020-09-12\/1359637227778_bbe6b64d1e6f191982dd_72.jpg",
            "first_name": "Robbie",
            "real_name": "Robbie Thibodeau",
            "display_name": "Robbie Thibodeau",
            "team": "TCR2U6UEM",
            "name": "rgtthibodeau",
            "is_restricted": false,
            "is_ultra_restricted": false
        },
        "blocks": [
            {
                "type": "rich_text",
                "block_id": "hlX",
                "elements": [
                    {
                        "type": "rich_text_section",
                        "elements": [
                            {
                                "type": "text",
                                "text": "I probably should"
                            }
                        ]
                    }
                ]
            }
        ]
    },
    {
        "client_msg_id": "3ca00c4f-fd63-46a9-801b-3c3221dec072",
        "type": "message",
        "text": "Actually though I bet the production cost is only like $50",
        "user": "U018URES8KV",
        "ts": "1602861365.003300",
        "team": "TCR2U6UEM",
        "user_team": "TCR2U6UEM",
        "source_team": "TCR2U6UEM",
        "user_profile": {
            "avatar_hash": "1b6b64ea950d",
            "image_72": "https:\/\/avatars.slack-edge.com\/2020-09-18\/1380553169540_1b6b64ea950dd455ff25_72.jpg",
            "first_name": "Adam",
            "real_name": "Adam Holmes",
            "display_name": "Adam Holmes",
            "team": "TCR2U6UEM",
            "name": "adamup555",
            "is_restricted": false,
            "is_ultra_restricted": false
        },
        "blocks": [
            {
                "type": "rich_text",
                "block_id": "wu3G",
                "elements": [
                    {
                        "type": "rich_text_section",
                        "elements": [
                            {
                                "type": "text",
                                "text": "Actually though I bet the production cost is only like $50"
                            }
                        ]
                    }
                ]
            }
        ]
    },
    {
        "client_msg_id": "13ba0a0d-30a5-4418-a859-eb4f3d867cb7",
        "type": "message",
        "text": "Even adding cost for the designers and everything, it is still wayyyyy overpriced",
        "user": "U018URES8KV",
        "ts": "1602861390.004100",
        "team": "TCR2U6UEM",
        "user_team": "TCR2U6UEM",
        "source_team": "TCR2U6UEM",
        "user_profile": {
            "avatar_hash": "1b6b64ea950d",
            "image_72": "https:\/\/avatars.slack-edge.com\/2020-09-18\/1380553169540_1b6b64ea950dd455ff25_72.jpg",
            "first_name": "Adam",
            "real_name": "Adam Holmes",
            "display_name": "Adam Holmes",
            "team": "TCR2U6UEM",
            "name": "adamup555",
            "is_restricted": false,
            "is_ultra_restricted": false
        },
        "blocks": [
            {
                "type": "rich_text",
                "block_id": "PUY3",
                "elements": [
                    {
                        "type": "rich_text_section",
                        "elements": [
                            {
                                "type": "text",
                                "text": "Even adding cost for the designers and everything, it is still wayyyyy overpriced"
                            }
                        ]
                    }
                ]
            }
        ]
    },
    {
        "client_msg_id": "015a22bf-8712-490c-8b8c-11a7ec3c623e",
        "type": "message",
        "text": "Especially for robotics where you want to constantly be attracting new teams",
        "user": "U018URES8KV",
        "ts": "1602861402.004600",
        "team": "TCR2U6UEM",
        "user_team": "TCR2U6UEM",
        "source_team": "TCR2U6UEM",
        "user_profile": {
            "avatar_hash": "1b6b64ea950d",
            "image_72": "https:\/\/avatars.slack-edge.com\/2020-09-18\/1380553169540_1b6b64ea950dd455ff25_72.jpg",
            "first_name": "Adam",
            "real_name": "Adam Holmes",
            "display_name": "Adam Holmes",
            "team": "TCR2U6UEM",
            "name": "adamup555",
            "is_restricted": false,
            "is_ultra_restricted": false
        },
        "blocks": [
            {
                "type": "rich_text",
                "block_id": "jvh",
                "elements": [
                    {
                        "type": "rich_text_section",
                        "elements": [
                            {
                                "type": "text",
                                "text": "Especially for robotics where you want to constantly be attracting new teams"
                            }
                        ]
                    }
                ]
            }
        ]
    },
    {
        "client_msg_id": "a41b91ce-d035-4972-90d1-69b452e5b702",
        "type": "message",
        "text": "Ot is probably 10 dollars",
        "user": "U016G7WR3KJ",
        "ts": "1602861421.004900",
        "team": "TCR2U6UEM",
        "user_team": "TCR2U6UEM",
        "source_team": "TCR2U6UEM",
        "user_profile": {
            "avatar_hash": "bbe6b64d1e6f",
            "image_72": "https:\/\/avatars.slack-edge.com\/2020-09-12\/1359637227778_bbe6b64d1e6f191982dd_72.jpg",
            "first_name": "Robbie",
            "real_name": "Robbie Thibodeau",
            "display_name": "Robbie Thibodeau",
            "team": "TCR2U6UEM",
            "name": "rgtthibodeau",
            "is_restricted": false,
            "is_ultra_restricted": false
        },
        "blocks": [
            {
                "type": "rich_text",
                "block_id": "ITfC",
                "elements": [
                    {
                        "type": "rich_text_section",
                        "elements": [
                            {
                                "type": "text",
                                "text": "Ot is probably 10 dollars"
                            }
                        ]
                    }
                ]
            }
        ],
        "reactions": [
            {
                "name": "watermelon",
                "users": [
                    "U018URES8KV"
                ],
                "count": 1
            }
        ]
    },
    {
        "client_msg_id": "be0e0abf-9084-4157-97bf-0354df728c89",
        "type": "message",
        "text": "At most",
        "user": "U016G7WR3KJ",
        "ts": "1602861429.005300",
        "team": "TCR2U6UEM",
        "user_team": "TCR2U6UEM",
        "source_team": "TCR2U6UEM",
        "user_profile": {
            "avatar_hash": "bbe6b64d1e6f",
            "image_72": "https:\/\/avatars.slack-edge.com\/2020-09-12\/1359637227778_bbe6b64d1e6f191982dd_72.jpg",
            "first_name": "Robbie",
            "real_name": "Robbie Thibodeau",
            "display_name": "Robbie Thibodeau",
            "team": "TCR2U6UEM",
            "name": "rgtthibodeau",
            "is_restricted": false,
            "is_ultra_restricted": false
        },
        "blocks": [
            {
                "type": "rich_text",
                "block_id": "q0TU",
                "elements": [
                    {
                        "type": "rich_text_section",
                        "elements": [
                            {
                                "type": "text",
                                "text": "At most"
                            }
                        ]
                    }
                ]
            }
        ]
    },
    {
        "client_msg_id": "d251f888-3532-4944-9c5a-2c843c7a5a05",
        "type": "message",
        "text": "Probably more than 10 because metal",
        "user": "U018URES8KV",
        "ts": "1602861433.005500",
        "team": "TCR2U6UEM",
        "user_team": "TCR2U6UEM",
        "source_team": "TCR2U6UEM",
        "user_profile": {
            "avatar_hash": "1b6b64ea950d",
            "image_72": "https:\/\/avatars.slack-edge.com\/2020-09-18\/1380553169540_1b6b64ea950dd455ff25_72.jpg",
            "first_name": "Adam",
            "real_name": "Adam Holmes",
            "display_name": "Adam Holmes",
            "team": "TCR2U6UEM",
            "name": "adamup555",
            "is_restricted": false,
            "is_ultra_restricted": false
        },
        "blocks": [
            {
                "type": "rich_text",
                "block_id": "KDDI",
                "elements": [
                    {
                        "type": "rich_text_section",
                        "elements": [
                            {
                                "type": "text",
                                "text": "Probably more than 10 because metal"
                            }
                        ]
                    }
                ]
            }
        ]
    },
    {
        "client_msg_id": "6c3527b5-124a-45c8-b2ee-6594496edbb7",
        "type": "message",
        "text": "But yeah not even 50",
        "user": "U018URES8KV",
        "ts": "1602861439.005800",
        "team": "TCR2U6UEM",
        "user_team": "TCR2U6UEM",
        "source_team": "TCR2U6UEM",
        "user_profile": {
            "avatar_hash": "1b6b64ea950d",
            "image_72": "https:\/\/avatars.slack-edge.com\/2020-09-18\/1380553169540_1b6b64ea950dd455ff25_72.jpg",
            "first_name": "Adam",
            "real_name": "Adam Holmes",
            "display_name": "Adam Holmes",
            "team": "TCR2U6UEM",
            "name": "adamup555",
            "is_restricted": false,
            "is_ultra_restricted": false
        },
        "blocks": [
            {
                "type": "rich_text",
                "block_id": "uP+I",
                "elements": [
                    {
                        "type": "rich_text_section",
                        "elements": [
                            {
                                "type": "text",
                                "text": "But yeah not even 50"
                            }
                        ]
                    }
                ]
            }
        ]
    },
    {
        "client_msg_id": "703ca76b-f063-424f-8643-77636c430943",
        "type": "message",
        "text": "There's no metal",
        "user": "U016G7WR3KJ",
        "ts": "1602861449.006100",
        "team": "TCR2U6UEM",
        "user_team": "TCR2U6UEM",
        "source_team": "TCR2U6UEM",
        "user_profile": {
            "avatar_hash": "bbe6b64d1e6f",
            "image_72": "https:\/\/avatars.slack-edge.com\/2020-09-12\/1359637227778_bbe6b64d1e6f191982dd_72.jpg",
            "first_name": "Robbie",
            "real_name": "Robbie Thibodeau",
            "display_name": "Robbie Thibodeau",
            "team": "TCR2U6UEM",
            "name": "rgtthibodeau",
            "is_restricted": false,
            "is_ultra_restricted": false
        },
        "blocks": [
            {
                "type": "rich_text",
                "block_id": "JErP",
                "elements": [
                    {
                        "type": "rich_text_section",
                        "elements": [
                            {
                                "type": "text",
                                "text": "There's no metal"
                            }
                        ]
                    }
                ]
            }
        ]
    },
    {
        "client_msg_id": "0b298588-1e5a-4897-bf7f-a66d8322737b",
        "type": "message",
        "text": "Wait",
        "user": "U018URES8KV",
        "ts": "1602861454.006300",
        "team": "TCR2U6UEM",
        "user_team": "TCR2U6UEM",
        "source_team": "TCR2U6UEM",
        "user_profile": {
            "avatar_hash": "1b6b64ea950d",
            "image_72": "https:\/\/avatars.slack-edge.com\/2020-09-18\/1380553169540_1b6b64ea950dd455ff25_72.jpg",
            "first_name": "Adam",
            "real_name": "Adam Holmes",
            "display_name": "Adam Holmes",
            "team": "TCR2U6UEM",
            "name": "adamup555",
            "is_restricted": false,
            "is_ultra_restricted": false
        },
        "blocks": [
            {
                "type": "rich_text",
                "block_id": "Gvyc",
                "elements": [
                    {
                        "type": "rich_text_section",
                        "elements": [
                            {
                                "type": "text",
                                "text": "Wait"
                            }
                        ]
                    }
                ]
            }
        ]
    },
    {
        "client_msg_id": "bf632c6e-5c2b-47cc-ab83-688c28ca1728",
        "type": "message",
        "text": "I thought the goals were partially metal",
        "user": "U018URES8KV",
        "ts": "1602861462.006700",
        "team": "TCR2U6UEM",
        "user_team": "TCR2U6UEM",
        "source_team": "TCR2U6UEM",
        "user_profile": {
            "avatar_hash": "1b6b64ea950d",
            "image_72": "https:\/\/avatars.slack-edge.com\/2020-09-18\/1380553169540_1b6b64ea950dd455ff25_72.jpg",
            "first_name": "Adam",
            "real_name": "Adam Holmes",
            "display_name": "Adam Holmes",
            "team": "TCR2U6UEM",
            "name": "adamup555",
            "is_restricted": false,
            "is_ultra_restricted": false
        },
        "blocks": [
            {
                "type": "rich_text",
                "block_id": "WTD",
                "elements": [
                    {
                        "type": "rich_text_section",
                        "elements": [
                            {
                                "type": "text",
                                "text": "I thought the goals were partially metal"
                            }
                        ]
                    }
                ]
            }
        ]
    },
    {
        "client_msg_id": "b7ef4afb-9ed4-4db1-b223-db5984d5f1db",
        "type": "message",
        "text": "Nope",
        "user": "U016G7WR3KJ",
        "ts": "1602861466.007000",
        "team": "TCR2U6UEM",
        "user_team": "TCR2U6UEM",
        "source_team": "TCR2U6UEM",
        "user_profile": {
            "avatar_hash": "bbe6b64d1e6f",
            "image_72": "https:\/\/avatars.slack-edge.com\/2020-09-12\/1359637227778_bbe6b64d1e6f191982dd_72.jpg",
            "first_name": "Robbie",
            "real_name": "Robbie Thibodeau",
            "display_name": "Robbie Thibodeau",
            "team": "TCR2U6UEM",
            "name": "rgtthibodeau",
            "is_restricted": false,
            "is_ultra_restricted": false
        },
        "blocks": [
            {
                "type": "rich_text",
                "block_id": "EXOZ8",
                "elements": [
                    {
                        "type": "rich_text_section",
                        "elements": [
                            {
                                "type": "text",
                                "text": "Nope"
                            }
                        ]
                    }
                ]
            }
        ]
    },
    {
        "client_msg_id": "68bc7efa-1bf6-4848-9592-8eaf6b7424e2",
        "type": "message",
        "text": "And the bars between",
        "user": "U018URES8KV",
        "ts": "1602861468.007100",
        "team": "TCR2U6UEM",
        "user_team": "TCR2U6UEM",
        "source_team": "TCR2U6UEM",
        "user_profile": {
            "avatar_hash": "1b6b64ea950d",
            "image_72": "https:\/\/avatars.slack-edge.com\/2020-09-18\/1380553169540_1b6b64ea950dd455ff25_72.jpg",
            "first_name": "Adam",
            "real_name": "Adam Holmes",
            "display_name": "Adam Holmes",
            "team": "TCR2U6UEM",
            "name": "adamup555",
            "is_restricted": false,
            "is_ultra_restricted": false
        },
        "blocks": [
            {
                "type": "rich_text",
                "block_id": "aJ9k",
                "elements": [
                    {
                        "type": "rich_text_section",
                        "elements": [
                            {
                                "type": "text",
                                "text": "And the bars between"
                            }
                        ]
                    }
                ]
            }
        ]
    },
    {
        "client_msg_id": "7518524f-d9ff-4b2f-b0ba-7dd7d19902ab",
        "type": "message",
        "text": "Pvc",
        "user": "U016G7WR3KJ",
        "ts": "1602861472.007500",
        "team": "TCR2U6UEM",
        "user_team": "TCR2U6UEM",
        "source_team": "TCR2U6UEM",
        "user_profile": {
            "avatar_hash": "bbe6b64d1e6f",
            "image_72": "https:\/\/avatars.slack-edge.com\/2020-09-12\/1359637227778_bbe6b64d1e6f191982dd_72.jpg",
            "first_name": "Robbie",
            "real_name": "Robbie Thibodeau",
            "display_name": "Robbie Thibodeau",
            "team": "TCR2U6UEM",
            "name": "rgtthibodeau",
            "is_restricted": false,
            "is_ultra_restricted": false
        },
        "blocks": [
            {
                "type": "rich_text",
                "block_id": "i9UQ",
                "elements": [
                    {
                        "type": "rich_text_section",
                        "elements": [
                            {
                                "type": "text",
                                "text": "Pvc"
                            }
                        ]
                    }
                ]
            }
        ]
    },
    {
        "client_msg_id": "77af29d7-43f2-4762-bc29-15225ea14b3c",
        "type": "message",
        "text": "And couragated plastic",
        "user": "U016G7WR3KJ",
        "ts": "1602861482.008000",
        "team": "TCR2U6UEM",
        "user_team": "TCR2U6UEM",
        "source_team": "TCR2U6UEM",
        "user_profile": {
            "avatar_hash": "bbe6b64d1e6f",
            "image_72": "https:\/\/avatars.slack-edge.com\/2020-09-12\/1359637227778_bbe6b64d1e6f191982dd_72.jpg",
            "first_name": "Robbie",
            "real_name": "Robbie Thibodeau",
            "display_name": "Robbie Thibodeau",
            "team": "TCR2U6UEM",
            "name": "rgtthibodeau",
            "is_restricted": false,
            "is_ultra_restricted": false
        },
        "blocks": [
            {
                "type": "rich_text",
                "block_id": "=AV",
                "elements": [
                    {
                        "type": "rich_text_section",
                        "elements": [
                            {
                                "type": "text",
                                "text": "And couragated plastic"
                            }
                        ]
                    }
                ]
            }
        ]
    },
    {
        "client_msg_id": "540f0d1b-2b01-4028-8e9d-2c3326a12d75",
        "type": "message",
        "text": "What the flip",
        "user": "U018URES8KV",
        "ts": "1602861498.008600",
        "team": "TCR2U6UEM",
        "user_team": "TCR2U6UEM",
        "source_team": "TCR2U6UEM",
        "user_profile": {
            "avatar_hash": "1b6b64ea950d",
            "image_72": "https:\/\/avatars.slack-edge.com\/2020-09-18\/1380553169540_1b6b64ea950dd455ff25_72.jpg",
            "first_name": "Adam",
            "real_name": "Adam Holmes",
            "display_name": "Adam Holmes",
            "team": "TCR2U6UEM",
            "name": "adamup555",
            "is_restricted": false,
            "is_ultra_restricted": false
        },
        "edited": {
            "user": "U018URES8KV",
            "ts": "1602861518.000000"
        },
        "blocks": [
            {
                "type": "rich_text",
                "block_id": "qPZI",
                "elements": [
                    {
                        "type": "rich_text_section",
                        "elements": [
                            {
                                "type": "text",
                                "text": "What the flip"
                            }
                        ]
                    }
                ]
            }
        ]
    },
    {
        "client_msg_id": "c5ca7245-bbce-4ea1-bb3e-05c8b0e811a1",
        "type": "message",
        "text": "$350 is a rip off",
        "user": "U018URES8KV",
        "ts": "1602861498.008700",
        "team": "TCR2U6UEM",
        "user_team": "TCR2U6UEM",
        "source_team": "TCR2U6UEM",
        "user_profile": {
            "avatar_hash": "1b6b64ea950d",
            "image_72": "https:\/\/avatars.slack-edge.com\/2020-09-18\/1380553169540_1b6b64ea950dd455ff25_72.jpg",
            "first_name": "Adam",
            "real_name": "Adam Holmes",
            "display_name": "Adam Holmes",
            "team": "TCR2U6UEM",
            "name": "adamup555",
            "is_restricted": false,
            "is_ultra_restricted": false
        },
        "blocks": [
            {
                "type": "rich_text",
                "block_id": "OsU60",
                "elements": [
                    {
                        "type": "rich_text_section",
                        "elements": [
                            {
                                "type": "text",
                                "text": "$350 is a rip off"
                            }
                        ]
                    }
                ]
            }
        ]
    },
    {
        "client_msg_id": "fdf48e48-adbf-4ad3-abb1-a5e6319d0c1b",
        "type": "message",
        "text": "Very",
        "user": "U016G7WR3KJ",
        "ts": "1602861507.009000",
        "team": "TCR2U6UEM",
        "user_team": "TCR2U6UEM",
        "source_team": "TCR2U6UEM",
        "user_profile": {
            "avatar_hash": "bbe6b64d1e6f",
            "image_72": "https:\/\/avatars.slack-edge.com\/2020-09-12\/1359637227778_bbe6b64d1e6f191982dd_72.jpg",
            "first_name": "Robbie",
            "real_name": "Robbie Thibodeau",
            "display_name": "Robbie Thibodeau",
            "team": "TCR2U6UEM",
            "name": "rgtthibodeau",
            "is_restricted": false,
            "is_ultra_restricted": false
        },
        "blocks": [
            {
                "type": "rich_text",
                "block_id": "Z+Ux",
                "elements": [
                    {
                        "type": "rich_text_section",
                        "elements": [
                            {
                                "type": "text",
                                "text": "Very"
                            }
                        ]
                    }
                ]
            }
        ]
    },
    {
        "client_msg_id": "73b7a797-3f7a-4eab-98dc-03afb951d464",
        "type": "message",
        "text": "I wonder if we could start a world wide boycott",
        "user": "U016G7WR3KJ",
        "ts": "1602861558.009800",
        "team": "TCR2U6UEM",
        "user_team": "TCR2U6UEM",
        "source_team": "TCR2U6UEM",
        "user_profile": {
            "avatar_hash": "bbe6b64d1e6f",
            "image_72": "https:\/\/avatars.slack-edge.com\/2020-09-12\/1359637227778_bbe6b64d1e6f191982dd_72.jpg",
            "first_name": "Robbie",
            "real_name": "Robbie Thibodeau",
            "display_name": "Robbie Thibodeau",
            "team": "TCR2U6UEM",
            "name": "rgtthibodeau",
            "is_restricted": false,
            "is_ultra_restricted": false
        },
        "blocks": [
            {
                "type": "rich_text",
                "block_id": "zL5S",
                "elements": [
                    {
                        "type": "rich_text_section",
                        "elements": [
                            {
                                "type": "text",
                                "text": "I wonder if we could start a world wide boycott"
                            }
                        ]
                    }
                ]
            }
        ]
    },
    {
        "client_msg_id": "7e88aceb-992b-4054-9e40-4adf315a1fa8",
        "type": "message",
        "text": "we already bought it though",
        "user": "U018X7N6MMG",
        "ts": "1602861698.010100",
        "team": "TCR2U6UEM",
        "user_team": "TCR2U6UEM",
        "source_team": "TCR2U6UEM",
        "user_profile": {
            "avatar_hash": "ba89825d3b7b",
            "image_72": "https:\/\/avatars.slack-edge.com\/2020-09-11\/1355949232709_ba89825d3b7bcf995dc9_72.png",
            "first_name": "Keith",
            "real_name": "Keith Friestad",
            "display_name": "",
            "team": "TCR2U6UEM",
            "name": "keith.friestad",
            "is_restricted": false,
            "is_ultra_restricted": false
        },
        "blocks": [
            {
                "type": "rich_text",
                "block_id": "qwfrv",
                "elements": [
                    {
                        "type": "rich_text_section",
                        "elements": [
                            {
                                "type": "text",
                                "text": "we already bought it though"
                            }
                        ]
                    }
                ]
            }
        ]
    },
    {
        "client_msg_id": "3bf13ccd-0d1c-41ac-83ad-73b192ff9ddd",
        "type": "message",
        "text": "True",
        "user": "U016G7WR3KJ",
        "ts": "1602861753.010300",
        "team": "TCR2U6UEM",
        "user_team": "TCR2U6UEM",
        "source_team": "TCR2U6UEM",
        "user_profile": {
            "avatar_hash": "bbe6b64d1e6f",
            "image_72": "https:\/\/avatars.slack-edge.com\/2020-09-12\/1359637227778_bbe6b64d1e6f191982dd_72.jpg",
            "first_name": "Robbie",
            "real_name": "Robbie Thibodeau",
            "display_name": "Robbie Thibodeau",
            "team": "TCR2U6UEM",
            "name": "rgtthibodeau",
            "is_restricted": false,
            "is_ultra_restricted": false
        },
        "blocks": [
            {
                "type": "rich_text",
                "block_id": "\/fca",
                "elements": [
                    {
                        "type": "rich_text_section",
                        "elements": [
                            {
                                "type": "text",
                                "text": "True"
                            }
                        ]
                    }
                ]
            }
        ]
    },
    {
        "client_msg_id": "4e78f7ec-640e-4a9a-a1ad-972703f5bd99",
        "type": "message",
        "text": "Wait $350?",
        "user": "U010DDZ3FJR",
        "ts": "1602861960.010600",
        "team": "TCR2U6UEM",
        "user_team": "TCR2U6UEM",
        "source_team": "TCR2U6UEM",
        "user_profile": {
            "avatar_hash": "fda0a36a8605",
            "image_72": "https:\/\/avatars.slack-edge.com\/2020-09-18\/1386993799393_fda0a36a86053c692b20_72.jpg",
            "first_name": "Luke",
            "real_name": "Luke Aschenbrenner",
            "display_name": "Luke Aschenbrenner",
            "team": "TCR2U6UEM",
            "name": "ashbren21",
            "is_restricted": false,
            "is_ultra_restricted": false
        },
        "blocks": [
            {
                "type": "rich_text",
                "block_id": "f6Uj",
                "elements": [
                    {
                        "type": "rich_text_section",
                        "elements": [
                            {
                                "type": "text",
                                "text": "Wait $350?"
                            }
                        ]
                    }
                ]
            }
        ]
    },
    {
        "client_msg_id": "0b3a239f-56d3-4041-9837-cde5c91845e8",
        "type": "message",
        "text": "That's insane",
        "user": "U010DDZ3FJR",
        "ts": "1602861962.010800",
        "team": "TCR2U6UEM",
        "user_team": "TCR2U6UEM",
        "source_team": "TCR2U6UEM",
        "user_profile": {
            "avatar_hash": "fda0a36a8605",
            "image_72": "https:\/\/avatars.slack-edge.com\/2020-09-18\/1386993799393_fda0a36a86053c692b20_72.jpg",
            "first_name": "Luke",
            "real_name": "Luke Aschenbrenner",
            "display_name": "Luke Aschenbrenner",
            "team": "TCR2U6UEM",
            "name": "ashbren21",
            "is_restricted": false,
            "is_ultra_restricted": false
        },
        "blocks": [
            {
                "type": "rich_text",
                "block_id": "CjOi6",
                "elements": [
                    {
                        "type": "rich_text_section",
                        "elements": [
                            {
                                "type": "text",
                                "text": "That's insane"
                            }
                        ]
                    }
                ]
            }
        ]
    },
    {
        "client_msg_id": "24cd2898-9cb9-4eea-b38c-810c7d65635f",
        "type": "message",
        "text": "Yeah it would be much more reasonable to do like $100",
        "user": "U018URES8KV",
        "ts": "1602862171.011500",
        "team": "TCR2U6UEM",
        "user_team": "TCR2U6UEM",
        "source_team": "TCR2U6UEM",
        "user_profile": {
            "avatar_hash": "1b6b64ea950d",
            "image_72": "https:\/\/avatars.slack-edge.com\/2020-09-18\/1380553169540_1b6b64ea950dd455ff25_72.jpg",
            "first_name": "Adam",
            "real_name": "Adam Holmes",
            "display_name": "Adam Holmes",
            "team": "TCR2U6UEM",
            "name": "adamup555",
            "is_restricted": false,
            "is_ultra_restricted": false
        },
        "blocks": [
            {
                "type": "rich_text",
                "block_id": "qjiJl",
                "elements": [
                    {
                        "type": "rich_text_section",
                        "elements": [
                            {
                                "type": "text",
                                "text": "Yeah it would be much more reasonable to do like $100"
                            }
                        ]
                    }
                ]
            }
        ]
    },
    {
        "client_msg_id": "1e250f30-6c98-42b2-889f-4245b4fc2bb3",
        "type": "message",
        "text": "Was there a fleece in the temp when you were in there on Wednesday @ Robbie and Keith",
        "user": "U010DDZ3FJR",
        "ts": "1602862849.013000",
        "team": "TCR2U6UEM",
        "user_team": "TCR2U6UEM",
        "source_team": "TCR2U6UEM",
        "user_profile": {
            "avatar_hash": "fda0a36a8605",
            "image_72": "https:\/\/avatars.slack-edge.com\/2020-09-18\/1386993799393_fda0a36a86053c692b20_72.jpg",
            "first_name": "Luke",
            "real_name": "Luke Aschenbrenner",
            "display_name": "Luke Aschenbrenner",
            "team": "TCR2U6UEM",
            "name": "ashbren21",
            "is_restricted": false,
            "is_ultra_restricted": false
        },
        "blocks": [
            {
                "type": "rich_text",
                "block_id": "j=nuh",
                "elements": [
                    {
                        "type": "rich_text_section",
                        "elements": [
                            {
                                "type": "text",
                                "text": "Was there a fleece in the temp when you were in there on Wednesday @ Robbie and Keith"
                            }
                        ]
                    }
                ]
            }
        ]
    },
    {
        "client_msg_id": "99c7e4ba-ad5e-4032-9376-86d6a6e7bba3",
        "type": "message",
        "text": "<https:\/\/www.cnn.com\/videos\/business\/2020\/10\/15\/bacon-mask-hormel-coronavirus-moos-pkg-vpx.cnn|https:\/\/www.cnn.com\/videos\/business\/2020\/10\/15\/bacon-mask-hormel-coronavirus-moos-pkg-vpx.cnn>",
        "user": "U018URES8KV",
        "ts": "1602887700.000200",
        "team": "TCR2U6UEM",
        "user_team": "TCR2U6UEM",
        "source_team": "TCR2U6UEM",
        "user_profile": {
            "avatar_hash": "1b6b64ea950d",
            "image_72": "https:\/\/avatars.slack-edge.com\/2020-09-18\/1380553169540_1b6b64ea950dd455ff25_72.jpg",
            "first_name": "Adam",
            "real_name": "Adam Holmes",
            "display_name": "Adam Holmes",
            "team": "TCR2U6UEM",
            "name": "adamup555",
            "is_restricted": false,
            "is_ultra_restricted": false
        },
        "attachments": [
            {
                "service_name": "CNN",
                "title": "This company is giving away bacon-scented face masks - CNN Video",
                "title_link": "https:\/\/www.cnn.com\/videos\/business\/2020\/10\/15\/bacon-mask-hormel-coronavirus-moos-pkg-vpx.cnn",
                "text": "Hormel Foods is giving you a chance to win a Covid-19 mask that has the aroma of bacon. CNN's Jeanne Moos reports on a mask with sizzle.",
                "fallback": "CNN: This company is giving away bacon-scented face masks - CNN Video",
                "image_url": "https:\/\/cdn.cnn.com\/cnnnext\/dam\/assets\/201015191943-bacon-mask-2-super-tease.jpg",
                "from_url": "https:\/\/www.cnn.com\/videos\/business\/2020\/10\/15\/bacon-mask-hormel-coronavirus-moos-pkg-vpx.cnn",
                "image_width": 444,
                "image_height": 250,
                "image_bytes": 32128,
                "service_icon": "https:\/\/www.cnn.com\/favicon.ico",
                "id": 1,
                "original_url": "https:\/\/www.cnn.com\/videos\/business\/2020\/10\/15\/bacon-mask-hormel-coronavirus-moos-pkg-vpx.cnn"
            }
        ],
        "blocks": [
            {
                "type": "rich_text",
                "block_id": "Hhuf0",
                "elements": [
                    {
                        "type": "rich_text_section",
                        "elements": [
                            {
                                "type": "link",
                                "url": "https:\/\/www.cnn.com\/videos\/business\/2020\/10\/15\/bacon-mask-hormel-coronavirus-moos-pkg-vpx.cnn",
                                "text": "https:\/\/www.cnn.com\/videos\/business\/2020\/10\/15\/bacon-mask-hormel-coronavirus-moos-pkg-vpx.cnn"
                            }
                        ]
                    }
                ]
            }
        ],
        "reactions": [
            {
                "name": "stonks",
                "users": [
                    "U0193D42LHJ",
                    "U018URES8KV",
                    "U010DDZ3FJR",
                    "U0103BWEQSD"
                ],
                "count": 4
            }
        ]
    },
    {
        "type": "message",
        "text": "",
        "files": [
            {
                "id": "F01DGMP32TA",
                "created": 1602888381,
                "timestamp": 1602888381,
                "name": "image.png",
                "title": "image.png",
                "mimetype": "image\/png",
                "filetype": "png",
                "pretty_type": "PNG",
                "user": "U018URES8KV",
                "editable": false,
                "size": 106118,
                "mode": "hosted",
                "is_external": false,
                "external_type": "",
                "is_public": true,
                "public_url_shared": false,
                "display_as_bot": false,
                "username": "",
                "url_private": "https:\/\/files.slack.com\/files-pri\/TCR2U6UEM-F01DGMP32TA\/image.png?t=xoxe-433096232497-1684125439971-1696548615153-cd1d3d402b441a7d6039d167da7d37bd",
                "url_private_download": "https:\/\/files.slack.com\/files-pri\/TCR2U6UEM-F01DGMP32TA\/download\/image.png?t=xoxe-433096232497-1684125439971-1696548615153-cd1d3d402b441a7d6039d167da7d37bd",
                "thumb_64": "https:\/\/files.slack.com\/files-tmb\/TCR2U6UEM-F01DGMP32TA-32214204aa\/image_64.png?t=xoxe-433096232497-1684125439971-1696548615153-cd1d3d402b441a7d6039d167da7d37bd",
                "thumb_80": "https:\/\/files.slack.com\/files-tmb\/TCR2U6UEM-F01DGMP32TA-32214204aa\/image_80.png?t=xoxe-433096232497-1684125439971-1696548615153-cd1d3d402b441a7d6039d167da7d37bd",
                "thumb_360": "https:\/\/files.slack.com\/files-tmb\/TCR2U6UEM-F01DGMP32TA-32214204aa\/image_360.png?t=xoxe-433096232497-1684125439971-1696548615153-cd1d3d402b441a7d6039d167da7d37bd",
                "thumb_360_w": 360,
                "thumb_360_h": 81,
                "thumb_480": "https:\/\/files.slack.com\/files-tmb\/TCR2U6UEM-F01DGMP32TA-32214204aa\/image_480.png?t=xoxe-433096232497-1684125439971-1696548615153-cd1d3d402b441a7d6039d167da7d37bd",
                "thumb_480_w": 480,
                "thumb_480_h": 108,
                "thumb_160": "https:\/\/files.slack.com\/files-tmb\/TCR2U6UEM-F01DGMP32TA-32214204aa\/image_160.png?t=xoxe-433096232497-1684125439971-1696548615153-cd1d3d402b441a7d6039d167da7d37bd",
                "thumb_720": "https:\/\/files.slack.com\/files-tmb\/TCR2U6UEM-F01DGMP32TA-32214204aa\/image_720.png?t=xoxe-433096232497-1684125439971-1696548615153-cd1d3d402b441a7d6039d167da7d37bd",
                "thumb_720_w": 720,
                "thumb_720_h": 162,
                "thumb_800": "https:\/\/files.slack.com\/files-tmb\/TCR2U6UEM-F01DGMP32TA-32214204aa\/image_800.png?t=xoxe-433096232497-1684125439971-1696548615153-cd1d3d402b441a7d6039d167da7d37bd",
                "thumb_800_w": 800,
                "thumb_800_h": 180,
                "thumb_960": "https:\/\/files.slack.com\/files-tmb\/TCR2U6UEM-F01DGMP32TA-32214204aa\/image_960.png?t=xoxe-433096232497-1684125439971-1696548615153-cd1d3d402b441a7d6039d167da7d37bd",
                "thumb_960_w": 960,
                "thumb_960_h": 216,
                "thumb_1024": "https:\/\/files.slack.com\/files-tmb\/TCR2U6UEM-F01DGMP32TA-32214204aa\/image_1024.png?t=xoxe-433096232497-1684125439971-1696548615153-cd1d3d402b441a7d6039d167da7d37bd",
                "thumb_1024_w": 1024,
                "thumb_1024_h": 230,
                "original_w": 1539,
                "original_h": 346,
                "thumb_tiny": "AwAKADCiMZ56UHHYUlLmgA4x70AjHSjJ9aMn1oAUbcHIOe1IfajNJQB\/\/9k=",
                "permalink": "https:\/\/rawbaconrobotics.slack.com\/files\/U018URES8KV\/F01DGMP32TA\/image.png",
                "permalink_public": "https:\/\/slack-files.com\/TCR2U6UEM-F01DGMP32TA-54de09b4c5",
                "is_starred": false,
                "has_rich_preview": false
            }
        ],
        "upload": false,
        "user": "U018URES8KV",
        "display_as_bot": false,
        "ts": "1602888389.000500"
    },
    {
        "client_msg_id": "e2a57995-73e8-49ba-b8fb-0faaf53fbe4a",
        "type": "message",
        "text": "Robbie can you send out an email to hormel, this is the most important sponsorship potential all year :joy:",
        "user": "U010DDZ3FJR",
        "ts": "1602895080.001900",
        "team": "TCR2U6UEM",
        "user_team": "TCR2U6UEM",
        "source_team": "TCR2U6UEM",
        "user_profile": {
            "avatar_hash": "fda0a36a8605",
            "image_72": "https:\/\/avatars.slack-edge.com\/2020-09-18\/1386993799393_fda0a36a86053c692b20_72.jpg",
            "first_name": "Luke",
            "real_name": "Luke Aschenbrenner",
            "display_name": "Luke Aschenbrenner",
            "team": "TCR2U6UEM",
            "name": "ashbren21",
            "is_restricted": false,
            "is_ultra_restricted": false
        },
        "blocks": [
            {
                "type": "rich_text",
                "block_id": "scP9",
                "elements": [
                    {
                        "type": "rich_text_section",
                        "elements": [
                            {
                                "type": "text",
                                "text": "Robbie can you send out an email to hormel, this is the most important sponsorship potential all year "
                            },
                            {
                                "type": "emoji",
                                "name": "joy"
                            }
                        ]
                    }
                ]
            }
        ]
    },
    {
        "client_msg_id": "925A11FB-8D5D-4B1D-8BF4-A3129D307EA3",
        "type": "message",
        "text": "Hey guys ",
        "user": "U018QFKN44W",
        "ts": "1602898602.002200",
        "team": "TCR2U6UEM",
        "user_team": "TCR2U6UEM",
        "source_team": "TCR2U6UEM",
        "user_profile": {
            "avatar_hash": "032f80dfd458",
            "image_72": "https:\/\/avatars.slack-edge.com\/2020-09-11\/1371096170705_032f80dfd458ccdaccbe_72.png",
            "first_name": "Cecilia",
            "real_name": "Cecilia Clark",
            "display_name": "Ceci",
            "team": "TCR2U6UEM",
            "name": "cecla22",
            "is_restricted": false,
            "is_ultra_restricted": false
        },
        "blocks": [
            {
                "type": "rich_text",
                "block_id": "ENM4",
                "elements": [
                    {
                        "type": "rich_text_section",
                        "elements": [
                            {
                                "type": "text",
                                "text": "Hey guys "
                            }
                        ]
                    }
                ]
            }
        ]
    },
    {
        "client_msg_id": "D5C0EB14-42A9-4FD4-91A5-5E784E8ADBED",
        "type": "message",
        "text": "I know it sounds stupid but this is in fact important ",
        "user": "U018QFKN44W",
        "ts": "1602898615.002700",
        "team": "TCR2U6UEM",
        "user_team": "TCR2U6UEM",
        "source_team": "TCR2U6UEM",
        "user_profile": {
            "avatar_hash": "032f80dfd458",
            "image_72": "https:\/\/avatars.slack-edge.com\/2020-09-11\/1371096170705_032f80dfd458ccdaccbe_72.png",
            "first_name": "Cecilia",
            "real_name": "Cecilia Clark",
            "display_name": "Ceci",
            "team": "TCR2U6UEM",
            "name": "cecla22",
            "is_restricted": false,
            "is_ultra_restricted": false
        },
        "blocks": [
            {
                "type": "rich_text",
                "block_id": "IHvdc",
                "elements": [
                    {
                        "type": "rich_text_section",
                        "elements": [
                            {
                                "type": "text",
                                "text": "I know it sounds stupid but this is in fact important "
                            }
                        ]
                    }
                ]
            }
        ]
    },
    {
        "client_msg_id": "6AB8A91F-C80F-4C94-BDD0-07A11156D1DB",
        "type": "message",
        "text": "What font should I use? ",
        "user": "U018QFKN44W",
        "ts": "1602898623.003000",
        "team": "TCR2U6UEM",
        "user_team": "TCR2U6UEM",
        "source_team": "TCR2U6UEM",
        "user_profile": {
            "avatar_hash": "032f80dfd458",
            "image_72": "https:\/\/avatars.slack-edge.com\/2020-09-11\/1371096170705_032f80dfd458ccdaccbe_72.png",
            "first_name": "Cecilia",
            "real_name": "Cecilia Clark",
            "display_name": "Ceci",
            "team": "TCR2U6UEM",
            "name": "cecla22",
            "is_restricted": false,
            "is_ultra_restricted": false
        },
        "blocks": [
            {
                "type": "rich_text",
                "block_id": "ZOuo",
                "elements": [
                    {
                        "type": "rich_text_section",
                        "elements": [
                            {
                                "type": "text",
                                "text": "What font should I use? "
                            }
                        ]
                    }
                ]
            }
        ]
    },
    {
        "client_msg_id": "FC1C7369-B32B-40DA-B8F4-360E4DC229D1",
        "type": "message",
        "text": "And question 2 ",
        "user": "U018QFKN44W",
        "ts": "1602898648.003600",
        "team": "TCR2U6UEM",
        "user_team": "TCR2U6UEM",
        "source_team": "TCR2U6UEM",
        "user_profile": {
            "avatar_hash": "032f80dfd458",
            "image_72": "https:\/\/avatars.slack-edge.com\/2020-09-11\/1371096170705_032f80dfd458ccdaccbe_72.png",
            "first_name": "Cecilia",
            "real_name": "Cecilia Clark",
            "display_name": "Ceci",
            "team": "TCR2U6UEM",
            "name": "cecla22",
            "is_restricted": false,
            "is_ultra_restricted": false
        },
        "blocks": [
            {
                "type": "rich_text",
                "block_id": "PYB0",
                "elements": [
                    {
                        "type": "rich_text_section",
                        "elements": [
                            {
                                "type": "text",
                                "text": "And question 2 "
                            }
                        ]
                    }
                ]
            }
        ]
    },
    {
        "client_msg_id": "5F948222-C6FF-42D2-9EA3-94FF18536142",
        "type": "message",
        "text": "Should the notebook be split into the three part and should those pages be numbered according to their section?\nOr should u combine everything? ",
        "user": "U018QFKN44W",
        "ts": "1602898697.005100",
        "team": "TCR2U6UEM",
        "user_team": "TCR2U6UEM",
        "source_team": "TCR2U6UEM",
        "user_profile": {
            "avatar_hash": "032f80dfd458",
            "image_72": "https:\/\/avatars.slack-edge.com\/2020-09-11\/1371096170705_032f80dfd458ccdaccbe_72.png",
            "first_name": "Cecilia",
            "real_name": "Cecilia Clark",
            "display_name": "Ceci",
            "team": "TCR2U6UEM",
            "name": "cecla22",
            "is_restricted": false,
            "is_ultra_restricted": false
        },
        "blocks": [
            {
                "type": "rich_text",
                "block_id": "rmzHo",
                "elements": [
                    {
                        "type": "rich_text_section",
                        "elements": [
                            {
                                "type": "text",
                                "text": "Should the notebook be split into the three part and should those pages be numbered according to their section?\n"
                            },
                            {
                                "type": "text",
                                "text": "Or should u combine everything? "
                            }
                        ]
                    }
                ]
            }
        ]
    },
    {
        "client_msg_id": "512e4cd3-95d3-46cc-be11-9477597d8adb",
        "type": "message",
        "text": "Numbered according to section",
        "user": "U018URES8KV",
        "ts": "1602898825.005400",
        "team": "TCR2U6UEM",
        "user_team": "TCR2U6UEM",
        "source_team": "TCR2U6UEM",
        "user_profile": {
            "avatar_hash": "1b6b64ea950d",
            "image_72": "https:\/\/avatars.slack-edge.com\/2020-09-18\/1380553169540_1b6b64ea950dd455ff25_72.jpg",
            "first_name": "Adam",
            "real_name": "Adam Holmes",
            "display_name": "Adam Holmes",
            "team": "TCR2U6UEM",
            "name": "adamup555",
            "is_restricted": false,
            "is_ultra_restricted": false
        },
        "blocks": [
            {
                "type": "rich_text",
                "block_id": "RIQ",
                "elements": [
                    {
                        "type": "rich_text_section",
                        "elements": [
                            {
                                "type": "text",
                                "text": "Numbered according to section"
                            }
                        ]
                    }
                ]
            }
        ]
    },
    {
        "client_msg_id": "839d138b-e965-4a8b-8e16-e88c297904c6",
        "type": "message",
        "text": "For font do something easy to read like Arial",
        "user": "U018URES8KV",
        "ts": "1602898832.005700",
        "team": "TCR2U6UEM",
        "user_team": "TCR2U6UEM",
        "source_team": "TCR2U6UEM",
        "user_profile": {
            "avatar_hash": "1b6b64ea950d",
            "image_72": "https:\/\/avatars.slack-edge.com\/2020-09-18\/1380553169540_1b6b64ea950dd455ff25_72.jpg",
            "first_name": "Adam",
            "real_name": "Adam Holmes",
            "display_name": "Adam Holmes",
            "team": "TCR2U6UEM",
            "name": "adamup555",
            "is_restricted": false,
            "is_ultra_restricted": false
        },
        "blocks": [
            {
                "type": "rich_text",
                "block_id": "WMzWJ",
                "elements": [
                    {
                        "type": "rich_text_section",
                        "elements": [
                            {
                                "type": "text",
                                "text": "For font do something easy to read like Arial"
                            }
                        ]
                    }
                ]
            }
        ]
    },
    {
        "client_msg_id": "2d8cecde-cc34-4a7b-b331-747ef6151781",
        "type": "message",
        "text": "I agree with adam",
        "user": "U0193D42LHJ",
        "ts": "1602898878.006100",
        "team": "TCR2U6UEM",
        "user_team": "TCR2U6UEM",
        "source_team": "TCR2U6UEM",
        "user_profile": {
            "avatar_hash": "ac92a4993882",
            "image_72": "https:\/\/avatars.slack-edge.com\/2020-09-18\/1380577414884_ac92a4993882a5db4876_72.png",
            "first_name": "Elliot",
            "real_name": "Elliot Schmidt",
            "display_name": "Elliot",
            "team": "TCR2U6UEM",
            "name": "elliotschmidt2002",
            "is_restricted": false,
            "is_ultra_restricted": false
        },
        "blocks": [
            {
                "type": "rich_text",
                "block_id": "VRrQ5",
                "elements": [
                    {
                        "type": "rich_text_section",
                        "elements": [
                            {
                                "type": "text",
                                "text": "I agree with adam"
                            }
                        ]
                    }
                ]
            }
        ]
    },
    {
        "client_msg_id": "46d9ea79-1ee0-4808-a3e9-ff95d17f59db",
        "type": "message",
        "text": "Roboto also looks nice:eyes:",
        "user": "U010DDZ3FJR",
        "ts": "1602899724.006500",
        "team": "TCR2U6UEM",
        "user_team": "TCR2U6UEM",
        "source_team": "TCR2U6UEM",
        "user_profile": {
            "avatar_hash": "fda0a36a8605",
            "image_72": "https:\/\/avatars.slack-edge.com\/2020-09-18\/1386993799393_fda0a36a86053c692b20_72.jpg",
            "first_name": "Luke",
            "real_name": "Luke Aschenbrenner",
            "display_name": "Luke Aschenbrenner",
            "team": "TCR2U6UEM",
            "name": "ashbren21",
            "is_restricted": false,
            "is_ultra_restricted": false
        },
        "blocks": [
            {
                "type": "rich_text",
                "block_id": "qHv",
                "elements": [
                    {
                        "type": "rich_text_section",
                        "elements": [
                            {
                                "type": "text",
                                "text": "Roboto also looks nice"
                            },
                            {
                                "type": "emoji",
                                "name": "eyes"
                            }
                        ]
                    }
                ]
            }
        ]
    },
    {
        "client_msg_id": "2CD3B2E8-7873-45A1-96AE-6AF6620B87FE",
        "type": "message",
        "text": "Nice ",
        "user": "U018QFKN44W",
        "ts": "1602904482.006700",
        "team": "TCR2U6UEM",
        "user_team": "TCR2U6UEM",
        "source_team": "TCR2U6UEM",
        "user_profile": {
            "avatar_hash": "032f80dfd458",
            "image_72": "https:\/\/avatars.slack-edge.com\/2020-09-11\/1371096170705_032f80dfd458ccdaccbe_72.png",
            "first_name": "Cecilia",
            "real_name": "Cecilia Clark",
            "display_name": "Ceci",
            "team": "TCR2U6UEM",
            "name": "cecla22",
            "is_restricted": false,
            "is_ultra_restricted": false
        },
        "blocks": [
            {
                "type": "rich_text",
                "block_id": "zyK",
                "elements": [
                    {
                        "type": "rich_text_section",
                        "elements": [
                            {
                                "type": "text",
                                "text": "Nice "
                            }
                        ]
                    }
                ]
            }
        ]
    },
    {
        "client_msg_id": "C1546C7B-CBF0-40D9-9C14-D05C0B19A0C9",
        "type": "message",
        "text": "I like arial and roboto ",
        "user": "U018QFKN44W",
        "ts": "1602904498.007200",
        "team": "TCR2U6UEM",
        "user_team": "TCR2U6UEM",
        "source_team": "TCR2U6UEM",
        "user_profile": {
            "avatar_hash": "032f80dfd458",
            "image_72": "https:\/\/avatars.slack-edge.com\/2020-09-11\/1371096170705_032f80dfd458ccdaccbe_72.png",
            "first_name": "Cecilia",
            "real_name": "Cecilia Clark",
            "display_name": "Ceci",
            "team": "TCR2U6UEM",
            "name": "cecla22",
            "is_restricted": false,
            "is_ultra_restricted": false
        },
        "blocks": [
            {
                "type": "rich_text",
                "block_id": "+bs",
                "elements": [
                    {
                        "type": "rich_text_section",
                        "elements": [
                            {
                                "type": "text",
                                "text": "I like arial and roboto "
                            }
                        ]
                    }
                ]
            }
        ]
    }
]