[
    {
        "client_msg_id": "3d95b48d-0f54-4023-b265-6cc54871e659",
        "type": "message",
        "text": "<https:\/\/youtu.be\/pncQIxOUdcI|https:\/\/youtu.be\/pncQIxOUdcI>",
        "user": "U016G7WR3KJ",
        "ts": "1600068659.000200",
        "team": "TCR2U6UEM",
        "user_team": "TCR2U6UEM",
        "source_team": "TCR2U6UEM",
        "user_profile": {
            "avatar_hash": "bbe6b64d1e6f",
            "image_72": "https:\/\/avatars.slack-edge.com\/2020-09-12\/1359637227778_bbe6b64d1e6f191982dd_72.jpg",
            "first_name": "Robbie",
            "real_name": "Robbie Thibodeau",
            "display_name": "Robbie Thibodeau",
            "team": "TCR2U6UEM",
            "name": "rgtthibodeau",
            "is_restricted": false,
            "is_ultra_restricted": false
        },
        "attachments": [
            {
                "service_name": "YouTube",
                "service_url": "https:\/\/www.youtube.com\/",
                "title": "Robot in 30 hours Reveal | FTC Ultimate Goal 2020-2021",
                "title_link": "https:\/\/youtu.be\/pncQIxOUdcI",
                "author_name": "Robot in 30 Hours",
                "author_link": "https:\/\/www.youtube.com\/channel\/UCMIQXpsSq0cXjhc1ajhzPHQ",
                "thumb_url": "https:\/\/i.ytimg.com\/vi\/pncQIxOUdcI\/hqdefault.jpg",
                "thumb_width": 480,
                "thumb_height": 360,
                "fallback": "YouTube Video: Robot in 30 hours Reveal | FTC Ultimate Goal 2020-2021",
                "video_html": "<iframe width=\"400\" height=\"225\" src=\"https:\/\/www.youtube.com\/embed\/pncQIxOUdcI?feature=oembed&autoplay=1&iv_load_policy=3\" frameborder=\"0\" allow=\"accelerometer; autoplay; encrypted-media; gyroscope; picture-in-picture\" allowfullscreen><\/iframe>",
                "video_html_width": 400,
                "video_html_height": 225,
                "from_url": "https:\/\/youtu.be\/pncQIxOUdcI",
                "service_icon": "https:\/\/a.slack-edge.com\/80588\/img\/unfurl_icons\/youtube.png",
                "id": 1,
                "original_url": "https:\/\/youtu.be\/pncQIxOUdcI"
            }
        ],
        "blocks": [
            {
                "type": "rich_text",
                "block_id": "KzVHz",
                "elements": [
                    {
                        "type": "rich_text_section",
                        "elements": [
                            {
                                "type": "link",
                                "url": "https:\/\/youtu.be\/pncQIxOUdcI",
                                "text": "https:\/\/youtu.be\/pncQIxOUdcI"
                            }
                        ]
                    }
                ]
            }
        ]
    },
    {
        "client_msg_id": "401c0e1b-11aa-4b5f-a309-cf9dfa90b88d",
        "type": "message",
        "text": "Yep you know it",
        "user": "U016G7WR3KJ",
        "ts": "1600068670.000700",
        "team": "TCR2U6UEM",
        "user_team": "TCR2U6UEM",
        "source_team": "TCR2U6UEM",
        "user_profile": {
            "avatar_hash": "bbe6b64d1e6f",
            "image_72": "https:\/\/avatars.slack-edge.com\/2020-09-12\/1359637227778_bbe6b64d1e6f191982dd_72.jpg",
            "first_name": "Robbie",
            "real_name": "Robbie Thibodeau",
            "display_name": "Robbie Thibodeau",
            "team": "TCR2U6UEM",
            "name": "rgtthibodeau",
            "is_restricted": false,
            "is_ultra_restricted": false
        },
        "blocks": [
            {
                "type": "rich_text",
                "block_id": "jkl+",
                "elements": [
                    {
                        "type": "rich_text_section",
                        "elements": [
                            {
                                "type": "text",
                                "text": "Yep you know it"
                            }
                        ]
                    }
                ]
            }
        ]
    },
    {
        "client_msg_id": "e3ffc8ec-3130-4c88-b26a-b4f9df8b731a",
        "type": "message",
        "text": "Oh boy 2:30",
        "user": "U0193D42LHJ",
        "ts": "1600068687.001000",
        "team": "TCR2U6UEM",
        "user_team": "TCR2U6UEM",
        "source_team": "TCR2U6UEM",
        "user_profile": {
            "avatar_hash": "ac92a4993882",
            "image_72": "https:\/\/avatars.slack-edge.com\/2020-09-18\/1380577414884_ac92a4993882a5db4876_72.png",
            "first_name": "Elliot",
            "real_name": "Elliot Schmidt",
            "display_name": "Elliot",
            "team": "TCR2U6UEM",
            "name": "elliotschmidt2002",
            "is_restricted": false,
            "is_ultra_restricted": false
        },
        "blocks": [
            {
                "type": "rich_text",
                "block_id": "t=L",
                "elements": [
                    {
                        "type": "rich_text_section",
                        "elements": [
                            {
                                "type": "text",
                                "text": "Oh boy 2:30"
                            }
                        ]
                    }
                ]
            }
        ]
    },
    {
        "client_msg_id": "4d5bfcea-8297-4315-9015-fb7cc626e7e1",
        "type": "message",
        "text": "For only 30 hours that is insanely impressive",
        "user": "U0193D42LHJ",
        "ts": "1600068901.001400",
        "team": "TCR2U6UEM",
        "user_team": "TCR2U6UEM",
        "source_team": "TCR2U6UEM",
        "user_profile": {
            "avatar_hash": "ac92a4993882",
            "image_72": "https:\/\/avatars.slack-edge.com\/2020-09-18\/1380577414884_ac92a4993882a5db4876_72.png",
            "first_name": "Elliot",
            "real_name": "Elliot Schmidt",
            "display_name": "Elliot",
            "team": "TCR2U6UEM",
            "name": "elliotschmidt2002",
            "is_restricted": false,
            "is_ultra_restricted": false
        },
        "blocks": [
            {
                "type": "rich_text",
                "block_id": "zKU",
                "elements": [
                    {
                        "type": "rich_text_section",
                        "elements": [
                            {
                                "type": "text",
                                "text": "For only 30 hours that is insanely impressive"
                            }
                        ]
                    }
                ]
            }
        ]
    },
    {
        "client_msg_id": "b41a3047-45c9-4402-b028-c1a54b07ee0f",
        "type": "message",
        "text": "<https:\/\/www.reddit.com\/r\/FTC\/comments\/is2l7t\/ftc_ultimate_goal_for_dummies_by_syosset_nebula\/?utm_medium=android_app&amp;utm_source=share|https:\/\/www.reddit.com\/r\/FTC\/comments\/is2l7t\/ftc_ultimate_goal_for_dummies_by_syosset_nebula\/?utm_medium=android_app&amp;utm_source=share>",
        "user": "U016G7WR3KJ",
        "ts": "1600068934.001600",
        "team": "TCR2U6UEM",
        "user_team": "TCR2U6UEM",
        "source_team": "TCR2U6UEM",
        "user_profile": {
            "avatar_hash": "bbe6b64d1e6f",
            "image_72": "https:\/\/avatars.slack-edge.com\/2020-09-12\/1359637227778_bbe6b64d1e6f191982dd_72.jpg",
            "first_name": "Robbie",
            "real_name": "Robbie Thibodeau",
            "display_name": "Robbie Thibodeau",
            "team": "TCR2U6UEM",
            "name": "rgtthibodeau",
            "is_restricted": false,
            "is_ultra_restricted": false
        },
        "attachments": [
            {
                "service_name": "reddit",
                "title": "FTC Ultimate Goal For Dummies by Syosset Nebula 12382! (Easy score breakdown)",
                "title_link": "https:\/\/www.reddit.com\/r\/FTC\/comments\/is2l7t\/ftc_ultimate_goal_for_dummies_by_syosset_nebula\/?utm_medium=android_app&utm_source=share",
                "text": "Posted in r\/FTC by u\/ahhom17 • 62 points and 8 comments",
                "fallback": "reddit: FTC Ultimate Goal For Dummies by Syosset Nebula 12382! (Easy score breakdown)",
                "from_url": "https:\/\/www.reddit.com\/r\/FTC\/comments\/is2l7t\/ftc_ultimate_goal_for_dummies_by_syosset_nebula\/?utm_medium=android_app&utm_source=share",
                "thumb_url": "https:\/\/external-preview.redd.it\/1fbc9mzwfym51.jpg?overlay-align=bottom,left&crop=1200:628.272251309,smart&overlay-height=15p&overlay=%2Fwatermark%2Ft5_2sks6.png%3Fs%3D48ff07de032b29e94a4b88178737ca9b65be5a08&width=1200&height=628.272251309&auto=webp&s=3c02284764ef32982abf31d90089ca4e10099320",
                "thumb_width": 130,
                "thumb_height": 60,
                "service_icon": "http:\/\/www.redditstatic.com\/desktop2x\/img\/favicon\/apple-icon-57x57.png",
                "id": 1,
                "original_url": "https:\/\/www.reddit.com\/r\/FTC\/comments\/is2l7t\/ftc_ultimate_goal_for_dummies_by_syosset_nebula\/?utm_medium=android_app&amp;utm_source=share"
            }
        ],
        "blocks": [
            {
                "type": "rich_text",
                "block_id": "vyBTW",
                "elements": [
                    {
                        "type": "rich_text_section",
                        "elements": [
                            {
                                "type": "link",
                                "url": "https:\/\/www.reddit.com\/r\/FTC\/comments\/is2l7t\/ftc_ultimate_goal_for_dummies_by_syosset_nebula\/?utm_medium=android_app&utm_source=share",
                                "text": "https:\/\/www.reddit.com\/r\/FTC\/comments\/is2l7t\/ftc_ultimate_goal_for_dummies_by_syosset_nebula\/?utm_medium=android_app&utm_source=share"
                            }
                        ]
                    }
                ]
            }
        ]
    },
    {
        "client_msg_id": "b5dc2641-d742-41b8-abd2-d3eeb9b98eaa",
        "type": "message",
        "text": "Are your launching designs spinning based?",
        "user": "U016G7WR3KJ",
        "ts": "1600068949.002200",
        "team": "TCR2U6UEM",
        "user_team": "TCR2U6UEM",
        "source_team": "TCR2U6UEM",
        "user_profile": {
            "avatar_hash": "bbe6b64d1e6f",
            "image_72": "https:\/\/avatars.slack-edge.com\/2020-09-12\/1359637227778_bbe6b64d1e6f191982dd_72.jpg",
            "first_name": "Robbie",
            "real_name": "Robbie Thibodeau",
            "display_name": "Robbie Thibodeau",
            "team": "TCR2U6UEM",
            "name": "rgtthibodeau",
            "is_restricted": false,
            "is_ultra_restricted": false
        },
        "blocks": [
            {
                "type": "rich_text",
                "block_id": "aCuz1",
                "elements": [
                    {
                        "type": "rich_text_section",
                        "elements": [
                            {
                                "type": "text",
                                "text": "Are your launching designs spinning based?"
                            }
                        ]
                    }
                ]
            }
        ]
    },
    {
        "client_msg_id": "c5d7895d-3ed5-4cfb-a490-cee036bf37ba",
        "type": "message",
        "text": "Currently yes I think",
        "user": "U0193D42LHJ",
        "ts": "1600068959.002500",
        "team": "TCR2U6UEM",
        "user_team": "TCR2U6UEM",
        "source_team": "TCR2U6UEM",
        "user_profile": {
            "avatar_hash": "ac92a4993882",
            "image_72": "https:\/\/avatars.slack-edge.com\/2020-09-18\/1380577414884_ac92a4993882a5db4876_72.png",
            "first_name": "Elliot",
            "real_name": "Elliot Schmidt",
            "display_name": "Elliot",
            "team": "TCR2U6UEM",
            "name": "elliotschmidt2002",
            "is_restricted": false,
            "is_ultra_restricted": false
        },
        "blocks": [
            {
                "type": "rich_text",
                "block_id": "eyAto",
                "elements": [
                    {
                        "type": "rich_text_section",
                        "elements": [
                            {
                                "type": "text",
                                "text": "Currently yes I think"
                            }
                        ]
                    }
                ]
            }
        ]
    },
    {
        "client_msg_id": "4f10db04-3b4b-4971-959b-907f09fff825",
        "type": "message",
        "text": "Fergie and I were trying to come up with an alternative just to have one but haven't thought of a good one yet",
        "user": "U0193D42LHJ",
        "ts": "1600068981.003300",
        "team": "TCR2U6UEM",
        "user_team": "TCR2U6UEM",
        "source_team": "TCR2U6UEM",
        "user_profile": {
            "avatar_hash": "ac92a4993882",
            "image_72": "https:\/\/avatars.slack-edge.com\/2020-09-18\/1380577414884_ac92a4993882a5db4876_72.png",
            "first_name": "Elliot",
            "real_name": "Elliot Schmidt",
            "display_name": "Elliot",
            "team": "TCR2U6UEM",
            "name": "elliotschmidt2002",
            "is_restricted": false,
            "is_ultra_restricted": false
        },
        "blocks": [
            {
                "type": "rich_text",
                "block_id": "c7MO",
                "elements": [
                    {
                        "type": "rich_text_section",
                        "elements": [
                            {
                                "type": "text",
                                "text": "Fergie and I were trying to come up with an alternative just to have one but haven't thought of a good one yet"
                            }
                        ]
                    }
                ]
            }
        ]
    },
    {
        "client_msg_id": "ce119f1e-6741-4e4b-8d00-1ed2366ffcd4",
        "type": "message",
        "text": "Also they seem to be missing more times than not it seems, and they spend a lot of time lining up. Which while it is early still seems to show that manually lining it up is gonna vastly reduce cycle time",
        "user": "U0193D42LHJ",
        "ts": "1600069040.004800",
        "team": "TCR2U6UEM",
        "user_team": "TCR2U6UEM",
        "source_team": "TCR2U6UEM",
        "user_profile": {
            "avatar_hash": "ac92a4993882",
            "image_72": "https:\/\/avatars.slack-edge.com\/2020-09-18\/1380577414884_ac92a4993882a5db4876_72.png",
            "first_name": "Elliot",
            "real_name": "Elliot Schmidt",
            "display_name": "Elliot",
            "team": "TCR2U6UEM",
            "name": "elliotschmidt2002",
            "is_restricted": false,
            "is_ultra_restricted": false
        },
        "blocks": [
            {
                "type": "rich_text",
                "block_id": "pEaUl",
                "elements": [
                    {
                        "type": "rich_text_section",
                        "elements": [
                            {
                                "type": "text",
                                "text": "Also they seem to be missing more times than not it seems, and they spend a lot of time lining up. Which while it is early still seems to show that manually lining it up is gonna vastly reduce cycle time"
                            }
                        ]
                    }
                ]
            }
        ]
    },
    {
        "client_msg_id": "8d9c37c6-e1ae-4069-82ef-ebfef09f1478",
        "type": "message",
        "text": "Loool they carved up a foam block from relic recovery for their wobble",
        "user": "U0193D42LHJ",
        "ts": "1600069112.005500",
        "team": "TCR2U6UEM",
        "user_team": "TCR2U6UEM",
        "source_team": "TCR2U6UEM",
        "user_profile": {
            "avatar_hash": "ac92a4993882",
            "image_72": "https:\/\/avatars.slack-edge.com\/2020-09-18\/1380577414884_ac92a4993882a5db4876_72.png",
            "first_name": "Elliot",
            "real_name": "Elliot Schmidt",
            "display_name": "Elliot",
            "team": "TCR2U6UEM",
            "name": "elliotschmidt2002",
            "is_restricted": false,
            "is_ultra_restricted": false
        },
        "blocks": [
            {
                "type": "rich_text",
                "block_id": "xU8v",
                "elements": [
                    {
                        "type": "rich_text_section",
                        "elements": [
                            {
                                "type": "text",
                                "text": "Loool they carved up a foam block from relic recovery for their wobble"
                            }
                        ]
                    }
                ]
            }
        ]
    },
    {
        "client_msg_id": "05e8297f-8c1a-4ab9-a440-8541e9d9aa42",
        "type": "message",
        "text": "<@U010FNPUQP8> i have an idea",
        "user": "U0103BWEQSD",
        "ts": "1600087863.000300",
        "team": "TCR2U6UEM",
        "user_team": "TCR2U6UEM",
        "source_team": "TCR2U6UEM",
        "user_profile": {
            "avatar_hash": "704661998fe6",
            "image_72": "https:\/\/avatars.slack-edge.com\/2020-10-23\/1446991992437_704661998fe69b57bc12_72.png",
            "first_name": "Madi",
            "real_name": "Madi",
            "display_name": "Madi",
            "team": "TCR2U6UEM",
            "name": "mavit22",
            "is_restricted": false,
            "is_ultra_restricted": false
        },
        "blocks": [
            {
                "type": "rich_text",
                "block_id": "IBm",
                "elements": [
                    {
                        "type": "rich_text_section",
                        "elements": [
                            {
                                "type": "user",
                                "user_id": "U010FNPUQP8"
                            },
                            {
                                "type": "text",
                                "text": " i have an idea"
                            }
                        ]
                    }
                ]
            }
        ]
    },
    {
        "client_msg_id": "d9cb24d7-c756-4de1-bca9-f9ee4d458827",
        "type": "message",
        "text": "now that we can totally launch things we can use ~block em sock ems old arm~",
        "user": "U0103BWEQSD",
        "ts": "1600087882.000800",
        "team": "TCR2U6UEM",
        "user_team": "TCR2U6UEM",
        "source_team": "TCR2U6UEM",
        "user_profile": {
            "avatar_hash": "704661998fe6",
            "image_72": "https:\/\/avatars.slack-edge.com\/2020-10-23\/1446991992437_704661998fe69b57bc12_72.png",
            "first_name": "Madi",
            "real_name": "Madi",
            "display_name": "Madi",
            "team": "TCR2U6UEM",
            "name": "mavit22",
            "is_restricted": false,
            "is_ultra_restricted": false
        },
        "blocks": [
            {
                "type": "rich_text",
                "block_id": "oX4",
                "elements": [
                    {
                        "type": "rich_text_section",
                        "elements": [
                            {
                                "type": "text",
                                "text": "now that we can totally launch things we can use "
                            },
                            {
                                "type": "text",
                                "text": "block em sock ems old arm",
                                "style": {
                                    "strike": true
                                }
                            }
                        ]
                    }
                ]
            }
        ]
    },
    {
        "client_msg_id": "443539ee-3966-40fd-b9f1-fbeef389fa16",
        "type": "message",
        "text": "the rings would go flying",
        "user": "U0103BWEQSD",
        "ts": "1600087907.001100",
        "team": "TCR2U6UEM",
        "user_team": "TCR2U6UEM",
        "source_team": "TCR2U6UEM",
        "user_profile": {
            "avatar_hash": "704661998fe6",
            "image_72": "https:\/\/avatars.slack-edge.com\/2020-10-23\/1446991992437_704661998fe69b57bc12_72.png",
            "first_name": "Madi",
            "real_name": "Madi",
            "display_name": "Madi",
            "team": "TCR2U6UEM",
            "name": "mavit22",
            "is_restricted": false,
            "is_ultra_restricted": false
        },
        "blocks": [
            {
                "type": "rich_text",
                "block_id": "9o2",
                "elements": [
                    {
                        "type": "rich_text_section",
                        "elements": [
                            {
                                "type": "text",
                                "text": "the rings would go flying"
                            }
                        ]
                    }
                ]
            }
        ]
    },
    {
        "client_msg_id": "24a1db05-79ec-4909-b691-3f02367ad94d",
        "type": "message",
        "text": "does anyone know how fast our motors get??",
        "user": "U0103BWEQSD",
        "ts": "1600088391.001600",
        "team": "TCR2U6UEM",
        "user_team": "TCR2U6UEM",
        "source_team": "TCR2U6UEM",
        "user_profile": {
            "avatar_hash": "704661998fe6",
            "image_72": "https:\/\/avatars.slack-edge.com\/2020-10-23\/1446991992437_704661998fe69b57bc12_72.png",
            "first_name": "Madi",
            "real_name": "Madi",
            "display_name": "Madi",
            "team": "TCR2U6UEM",
            "name": "mavit22",
            "is_restricted": false,
            "is_ultra_restricted": false
        },
        "blocks": [
            {
                "type": "rich_text",
                "block_id": "6Zjp",
                "elements": [
                    {
                        "type": "rich_text_section",
                        "elements": [
                            {
                                "type": "text",
                                "text": "does anyone know how fast our motors get??"
                            }
                        ]
                    }
                ]
            }
        ]
    },
    {
        "client_msg_id": "b9411e21-4dc8-4b31-a642-45d1e6cbeef3",
        "type": "message",
        "text": "The thing is we cant launch them too fast or too hard",
        "user": "U018GF7AFJB",
        "ts": "1600089185.002100",
        "team": "TCR2U6UEM",
        "user_team": "TCR2U6UEM",
        "source_team": "TCR2U6UEM",
        "user_profile": {
            "avatar_hash": "c31861bbc361",
            "image_72": "https:\/\/avatars.slack-edge.com\/2020-08-16\/1316598132593_c31861bbc3618c961c77_72.jpg",
            "first_name": "",
            "real_name": "Nolan Vibhakar",
            "display_name": "Nolan Vibhakar",
            "team": "TCR2U6UEM",
            "name": "novib21",
            "is_restricted": false,
            "is_ultra_restricted": false
        },
        "blocks": [
            {
                "type": "rich_text",
                "block_id": "PREe",
                "elements": [
                    {
                        "type": "rich_text_section",
                        "elements": [
                            {
                                "type": "text",
                                "text": "The thing is we cant launch them too fast or too hard"
                            }
                        ]
                    }
                ]
            }
        ]
    },
    {
        "client_msg_id": "5480a29f-33b4-48e1-870e-ec66efd16435",
        "type": "message",
        "text": "partially why im wondering how fast our motors get",
        "user": "U0103BWEQSD",
        "ts": "1600089210.002400",
        "team": "TCR2U6UEM",
        "user_team": "TCR2U6UEM",
        "source_team": "TCR2U6UEM",
        "user_profile": {
            "avatar_hash": "704661998fe6",
            "image_72": "https:\/\/avatars.slack-edge.com\/2020-10-23\/1446991992437_704661998fe69b57bc12_72.png",
            "first_name": "Madi",
            "real_name": "Madi",
            "display_name": "Madi",
            "team": "TCR2U6UEM",
            "name": "mavit22",
            "is_restricted": false,
            "is_ultra_restricted": false
        },
        "blocks": [
            {
                "type": "rich_text",
                "block_id": "K4VTA",
                "elements": [
                    {
                        "type": "rich_text_section",
                        "elements": [
                            {
                                "type": "text",
                                "text": "partially why im wondering how fast our motors get"
                            }
                        ]
                    }
                ]
            }
        ]
    },
    {
        "client_msg_id": "2904d754-6c47-4f72-b88e-20f4c7c7a7f4",
        "type": "message",
        "text": "We can have them. Ot full speed",
        "user": "U016G7WR3KJ",
        "ts": "1600089243.002800",
        "team": "TCR2U6UEM",
        "user_team": "TCR2U6UEM",
        "source_team": "TCR2U6UEM",
        "user_profile": {
            "avatar_hash": "bbe6b64d1e6f",
            "image_72": "https:\/\/avatars.slack-edge.com\/2020-09-12\/1359637227778_bbe6b64d1e6f191982dd_72.jpg",
            "first_name": "Robbie",
            "real_name": "Robbie Thibodeau",
            "display_name": "Robbie Thibodeau",
            "team": "TCR2U6UEM",
            "name": "rgtthibodeau",
            "is_restricted": false,
            "is_ultra_restricted": false
        },
        "blocks": [
            {
                "type": "rich_text",
                "block_id": "xxN",
                "elements": [
                    {
                        "type": "rich_text_section",
                        "elements": [
                            {
                                "type": "text",
                                "text": "We can have them. Ot full speed"
                            }
                        ]
                    }
                ]
            }
        ]
    },
    {
        "client_msg_id": "452f08ca-a0d1-48c0-9101-c3880727ed63",
        "type": "message",
        "text": "but what IS full speed?",
        "user": "U0103BWEQSD",
        "ts": "1600089258.003100",
        "team": "TCR2U6UEM",
        "user_team": "TCR2U6UEM",
        "source_team": "TCR2U6UEM",
        "user_profile": {
            "avatar_hash": "704661998fe6",
            "image_72": "https:\/\/avatars.slack-edge.com\/2020-10-23\/1446991992437_704661998fe69b57bc12_72.png",
            "first_name": "Madi",
            "real_name": "Madi",
            "display_name": "Madi",
            "team": "TCR2U6UEM",
            "name": "mavit22",
            "is_restricted": false,
            "is_ultra_restricted": false
        },
        "blocks": [
            {
                "type": "rich_text",
                "block_id": "FNyq",
                "elements": [
                    {
                        "type": "rich_text_section",
                        "elements": [
                            {
                                "type": "text",
                                "text": "but what IS full speed?"
                            }
                        ]
                    }
                ]
            }
        ]
    },
    {
        "client_msg_id": "c927718b-eb02-4666-a658-3e3410e5e58c",
        "type": "message",
        "text": "1620 rpm for some",
        "user": "U016G7WR3KJ",
        "ts": "1600089332.004400",
        "team": "TCR2U6UEM",
        "user_team": "TCR2U6UEM",
        "source_team": "TCR2U6UEM",
        "user_profile": {
            "avatar_hash": "bbe6b64d1e6f",
            "image_72": "https:\/\/avatars.slack-edge.com\/2020-09-12\/1359637227778_bbe6b64d1e6f191982dd_72.jpg",
            "first_name": "Robbie",
            "real_name": "Robbie Thibodeau",
            "display_name": "Robbie Thibodeau",
            "team": "TCR2U6UEM",
            "name": "rgtthibodeau",
            "is_restricted": false,
            "is_ultra_restricted": false
        },
        "blocks": [
            {
                "type": "rich_text",
                "block_id": "Woo",
                "elements": [
                    {
                        "type": "rich_text_section",
                        "elements": [
                            {
                                "type": "text",
                                "text": "1620 rpm for some"
                            }
                        ]
                    }
                ]
            }
        ]
    },
    {
        "client_msg_id": "c8ef96ca-ca6f-44dd-b398-6231ccc1e42a",
        "type": "message",
        "text": "<@U016G7WR3KJ> goal for this year: hit the human player's shins",
        "user": "U018URES8KV",
        "ts": "1600089335.004600",
        "team": "TCR2U6UEM",
        "user_team": "TCR2U6UEM",
        "source_team": "TCR2U6UEM",
        "user_profile": {
            "avatar_hash": "1b6b64ea950d",
            "image_72": "https:\/\/avatars.slack-edge.com\/2020-09-18\/1380553169540_1b6b64ea950dd455ff25_72.jpg",
            "first_name": "Adam",
            "real_name": "Adam Holmes",
            "display_name": "Adam Holmes",
            "team": "TCR2U6UEM",
            "name": "adamup555",
            "is_restricted": false,
            "is_ultra_restricted": false
        },
        "blocks": [
            {
                "type": "rich_text",
                "block_id": "3u7",
                "elements": [
                    {
                        "type": "rich_text_section",
                        "elements": [
                            {
                                "type": "user",
                                "user_id": "U016G7WR3KJ"
                            },
                            {
                                "type": "text",
                                "text": " goal for this year: hit the human player's shins"
                            }
                        ]
                    }
                ]
            }
        ]
    },
    {
        "client_msg_id": "17b30cdf-3bc7-4f90-9819-573e9aed6575",
        "type": "message",
        "text": "435 for others",
        "user": "U016G7WR3KJ",
        "ts": "1600089350.005000",
        "team": "TCR2U6UEM",
        "user_team": "TCR2U6UEM",
        "source_team": "TCR2U6UEM",
        "user_profile": {
            "avatar_hash": "bbe6b64d1e6f",
            "image_72": "https:\/\/avatars.slack-edge.com\/2020-09-12\/1359637227778_bbe6b64d1e6f191982dd_72.jpg",
            "first_name": "Robbie",
            "real_name": "Robbie Thibodeau",
            "display_name": "Robbie Thibodeau",
            "team": "TCR2U6UEM",
            "name": "rgtthibodeau",
            "is_restricted": false,
            "is_ultra_restricted": false
        },
        "blocks": [
            {
                "type": "rich_text",
                "block_id": "skko",
                "elements": [
                    {
                        "type": "rich_text_section",
                        "elements": [
                            {
                                "type": "text",
                                "text": "435 for others"
                            }
                        ]
                    }
                ]
            }
        ]
    },
    {
        "client_msg_id": "4063f556-bd83-4339-ba71-c137110e5b7a",
        "type": "message",
        "text": "alright",
        "user": "U0103BWEQSD",
        "ts": "1600089374.005200",
        "team": "TCR2U6UEM",
        "user_team": "TCR2U6UEM",
        "source_team": "TCR2U6UEM",
        "user_profile": {
            "avatar_hash": "704661998fe6",
            "image_72": "https:\/\/avatars.slack-edge.com\/2020-10-23\/1446991992437_704661998fe69b57bc12_72.png",
            "first_name": "Madi",
            "real_name": "Madi",
            "display_name": "Madi",
            "team": "TCR2U6UEM",
            "name": "mavit22",
            "is_restricted": false,
            "is_ultra_restricted": false
        },
        "blocks": [
            {
                "type": "rich_text",
                "block_id": "7Ms",
                "elements": [
                    {
                        "type": "rich_text_section",
                        "elements": [
                            {
                                "type": "text",
                                "text": "alright"
                            }
                        ]
                    }
                ]
            }
        ],
        "reactions": [
            {
                "name": "eyes",
                "users": [
                    "U0193D42LHJ"
                ],
                "count": 1
            }
        ]
    },
    {
        "client_msg_id": "bb2c5024-91a8-4c10-953d-d98dc3f967e0",
        "type": "message",
        "text": "I think what you're describing is a flywheel matthew?",
        "user": "U0193D42LHJ",
        "ts": "1600091161.005700",
        "team": "TCR2U6UEM",
        "user_team": "TCR2U6UEM",
        "source_team": "TCR2U6UEM",
        "user_profile": {
            "avatar_hash": "ac92a4993882",
            "image_72": "https:\/\/avatars.slack-edge.com\/2020-09-18\/1380577414884_ac92a4993882a5db4876_72.png",
            "first_name": "Elliot",
            "real_name": "Elliot Schmidt",
            "display_name": "Elliot",
            "team": "TCR2U6UEM",
            "name": "elliotschmidt2002",
            "is_restricted": false,
            "is_ultra_restricted": false
        },
        "blocks": [
            {
                "type": "rich_text",
                "block_id": "ps3",
                "elements": [
                    {
                        "type": "rich_text_section",
                        "elements": [
                            {
                                "type": "text",
                                "text": "I think what you're describing is a flywheel matthew?"
                            }
                        ]
                    }
                ]
            }
        ]
    },
    {
        "client_msg_id": "b42449af-887e-4f65-9245-06849f23ca0d",
        "type": "message",
        "text": "I'm not entirely sure but that's what it sounds like, I definitely think that should be a method for launching that we consider",
        "user": "U0193D42LHJ",
        "ts": "1600091209.006500",
        "team": "TCR2U6UEM",
        "user_team": "TCR2U6UEM",
        "source_team": "TCR2U6UEM",
        "user_profile": {
            "avatar_hash": "ac92a4993882",
            "image_72": "https:\/\/avatars.slack-edge.com\/2020-09-18\/1380577414884_ac92a4993882a5db4876_72.png",
            "first_name": "Elliot",
            "real_name": "Elliot Schmidt",
            "display_name": "Elliot",
            "team": "TCR2U6UEM",
            "name": "elliotschmidt2002",
            "is_restricted": false,
            "is_ultra_restricted": false
        },
        "blocks": [
            {
                "type": "rich_text",
                "block_id": "YnmH",
                "elements": [
                    {
                        "type": "rich_text_section",
                        "elements": [
                            {
                                "type": "text",
                                "text": "I'm not entirely sure but that's what it sounds like, I definitely think that should be a method for launching that we consider"
                            }
                        ]
                    }
                ]
            }
        ]
    },
    {
        "client_msg_id": "07a66095-55c4-4b21-9b53-7903f2c71913",
        "type": "message",
        "text": "<@U010DDZ3FJR> <@U016G7WR3KJ> stop breaking the rules in the calendar chat",
        "user": "U018GF7AFJB",
        "ts": "1600121655.007100",
        "team": "TCR2U6UEM",
        "user_team": "TCR2U6UEM",
        "source_team": "TCR2U6UEM",
        "user_profile": {
            "avatar_hash": "c31861bbc361",
            "image_72": "https:\/\/avatars.slack-edge.com\/2020-08-16\/1316598132593_c31861bbc3618c961c77_72.jpg",
            "first_name": "",
            "real_name": "Nolan Vibhakar",
            "display_name": "Nolan Vibhakar",
            "team": "TCR2U6UEM",
            "name": "novib21",
            "is_restricted": false,
            "is_ultra_restricted": false
        },
        "blocks": [
            {
                "type": "rich_text",
                "block_id": "RxFn",
                "elements": [
                    {
                        "type": "rich_text_section",
                        "elements": [
                            {
                                "type": "user",
                                "user_id": "U010DDZ3FJR"
                            },
                            {
                                "type": "text",
                                "text": " "
                            },
                            {
                                "type": "user",
                                "user_id": "U016G7WR3KJ"
                            },
                            {
                                "type": "text",
                                "text": " stop breaking the rules in the calendar chat"
                            }
                        ]
                    }
                ]
            }
        ],
        "reactions": [
            {
                "name": "eyes",
                "users": [
                    "U010DDZ3FJR",
                    "U0193D42LHJ",
                    "U016G7WR3KJ",
                    "U018URES8KV",
                    "U0103BWEQSD"
                ],
                "count": 5
            }
        ]
    },
    {
        "client_msg_id": "07fe5a92-e3b7-4824-8fab-07d579b16914",
        "type": "message",
        "text": "<@U016G7WR3KJ> I added some companies\/places that I think would be worth contacting to the sponsor list on quire. I'm not sure how you're contacting the various places so I'll leave that to you but if you need help tell me how to and I'll do what I can",
        "user": "U0193D42LHJ",
        "ts": "1600129512.008600",
        "team": "TCR2U6UEM",
        "user_team": "TCR2U6UEM",
        "source_team": "TCR2U6UEM",
        "user_profile": {
            "avatar_hash": "ac92a4993882",
            "image_72": "https:\/\/avatars.slack-edge.com\/2020-09-18\/1380577414884_ac92a4993882a5db4876_72.png",
            "first_name": "Elliot",
            "real_name": "Elliot Schmidt",
            "display_name": "Elliot",
            "team": "TCR2U6UEM",
            "name": "elliotschmidt2002",
            "is_restricted": false,
            "is_ultra_restricted": false
        },
        "blocks": [
            {
                "type": "rich_text",
                "block_id": "SWN9",
                "elements": [
                    {
                        "type": "rich_text_section",
                        "elements": [
                            {
                                "type": "user",
                                "user_id": "U016G7WR3KJ"
                            },
                            {
                                "type": "text",
                                "text": " I added some companies\/places that I think would be worth contacting to the sponsor list on quire. I'm not sure how you're contacting the various places so I'll leave that to you but if you need help tell me how to and I'll do what I can"
                            }
                        ]
                    }
                ]
            }
        ]
    },
    {
        "client_msg_id": "ad5cc219-036a-4537-bdc8-8f53476136ae",
        "type": "message",
        "text": "I can check those out tomorrow",
        "user": "U016G7WR3KJ",
        "ts": "1600130210.009000",
        "team": "TCR2U6UEM",
        "user_team": "TCR2U6UEM",
        "source_team": "TCR2U6UEM",
        "user_profile": {
            "avatar_hash": "bbe6b64d1e6f",
            "image_72": "https:\/\/avatars.slack-edge.com\/2020-09-12\/1359637227778_bbe6b64d1e6f191982dd_72.jpg",
            "first_name": "Robbie",
            "real_name": "Robbie Thibodeau",
            "display_name": "Robbie Thibodeau",
            "team": "TCR2U6UEM",
            "name": "rgtthibodeau",
            "is_restricted": false,
            "is_ultra_restricted": false
        },
        "blocks": [
            {
                "type": "rich_text",
                "block_id": "hF91Z",
                "elements": [
                    {
                        "type": "rich_text_section",
                        "elements": [
                            {
                                "type": "text",
                                "text": "I can check those out tomorrow"
                            }
                        ]
                    }
                ]
            }
        ]
    },
    {
        "client_msg_id": "eecd7618-bfeb-4ee4-bf2e-95e56fd21f2a",
        "type": "message",
        "text": "Well",
        "user": "U016G7WR3KJ",
        "ts": "1600130221.009500",
        "team": "TCR2U6UEM",
        "user_team": "TCR2U6UEM",
        "source_team": "TCR2U6UEM",
        "user_profile": {
            "avatar_hash": "bbe6b64d1e6f",
            "image_72": "https:\/\/avatars.slack-edge.com\/2020-09-12\/1359637227778_bbe6b64d1e6f191982dd_72.jpg",
            "first_name": "Robbie",
            "real_name": "Robbie Thibodeau",
            "display_name": "Robbie Thibodeau",
            "team": "TCR2U6UEM",
            "name": "rgtthibodeau",
            "is_restricted": false,
            "is_ultra_restricted": false
        },
        "blocks": [
            {
                "type": "rich_text",
                "block_id": "FdWcm",
                "elements": [
                    {
                        "type": "rich_text_section",
                        "elements": [
                            {
                                "type": "text",
                                "text": "Well"
                            }
                        ]
                    }
                ]
            }
        ]
    },
    {
        "client_msg_id": "3557ece1-8bd7-4949-b8eb-c37103abb6bf",
        "type": "message",
        "text": "I can check them out now but probably wont get much gentle until tomoroow",
        "user": "U016G7WR3KJ",
        "ts": "1600130239.010100",
        "team": "TCR2U6UEM",
        "user_team": "TCR2U6UEM",
        "source_team": "TCR2U6UEM",
        "user_profile": {
            "avatar_hash": "bbe6b64d1e6f",
            "image_72": "https:\/\/avatars.slack-edge.com\/2020-09-12\/1359637227778_bbe6b64d1e6f191982dd_72.jpg",
            "first_name": "Robbie",
            "real_name": "Robbie Thibodeau",
            "display_name": "Robbie Thibodeau",
            "team": "TCR2U6UEM",
            "name": "rgtthibodeau",
            "is_restricted": false,
            "is_ultra_restricted": false
        },
        "blocks": [
            {
                "type": "rich_text",
                "block_id": "a08N",
                "elements": [
                    {
                        "type": "rich_text_section",
                        "elements": [
                            {
                                "type": "text",
                                "text": "I can check them out now but probably wont get much gentle until tomoroow"
                            }
                        ]
                    }
                ]
            }
        ]
    },
    {
        "client_msg_id": "fdb225b2-5da5-41a5-834a-81f11a78fa6f",
        "type": "message",
        "text": "Obviously",
        "user": "U0193D42LHJ",
        "ts": "1600130389.010500",
        "team": "TCR2U6UEM",
        "user_team": "TCR2U6UEM",
        "source_team": "TCR2U6UEM",
        "user_profile": {
            "avatar_hash": "ac92a4993882",
            "image_72": "https:\/\/avatars.slack-edge.com\/2020-09-18\/1380577414884_ac92a4993882a5db4876_72.png",
            "first_name": "Elliot",
            "real_name": "Elliot Schmidt",
            "display_name": "Elliot",
            "team": "TCR2U6UEM",
            "name": "elliotschmidt2002",
            "is_restricted": false,
            "is_ultra_restricted": false
        },
        "blocks": [
            {
                "type": "rich_text",
                "block_id": "HaxA",
                "elements": [
                    {
                        "type": "rich_text_section",
                        "elements": [
                            {
                                "type": "text",
                                "text": "Obviously"
                            }
                        ]
                    }
                ]
            }
        ]
    },
    {
        "client_msg_id": "72ed238f-d959-4d80-9958-ec96db4e56e4",
        "type": "message",
        "text": "Well yeah",
        "user": "U016G7WR3KJ",
        "ts": "1600130409.010700",
        "team": "TCR2U6UEM",
        "user_team": "TCR2U6UEM",
        "source_team": "TCR2U6UEM",
        "user_profile": {
            "avatar_hash": "bbe6b64d1e6f",
            "image_72": "https:\/\/avatars.slack-edge.com\/2020-09-12\/1359637227778_bbe6b64d1e6f191982dd_72.jpg",
            "first_name": "Robbie",
            "real_name": "Robbie Thibodeau",
            "display_name": "Robbie Thibodeau",
            "team": "TCR2U6UEM",
            "name": "rgtthibodeau",
            "is_restricted": false,
            "is_ultra_restricted": false
        },
        "blocks": [
            {
                "type": "rich_text",
                "block_id": "kqTby",
                "elements": [
                    {
                        "type": "rich_text_section",
                        "elements": [
                            {
                                "type": "text",
                                "text": "Well yeah"
                            }
                        ]
                    }
                ]
            }
        ]
    },
    {
        "client_msg_id": "26eebb4f-2e2f-4eee-93eb-913a0b067c44",
        "type": "message",
        "text": "you've gotta get back from monke first",
        "user": "U0193D42LHJ",
        "ts": "1600130795.011000",
        "team": "TCR2U6UEM",
        "user_team": "TCR2U6UEM",
        "source_team": "TCR2U6UEM",
        "user_profile": {
            "avatar_hash": "ac92a4993882",
            "image_72": "https:\/\/avatars.slack-edge.com\/2020-09-18\/1380577414884_ac92a4993882a5db4876_72.png",
            "first_name": "Elliot",
            "real_name": "Elliot Schmidt",
            "display_name": "Elliot",
            "team": "TCR2U6UEM",
            "name": "elliotschmidt2002",
            "is_restricted": false,
            "is_ultra_restricted": false
        },
        "blocks": [
            {
                "type": "rich_text",
                "block_id": "PSHJ",
                "elements": [
                    {
                        "type": "rich_text_section",
                        "elements": [
                            {
                                "type": "text",
                                "text": "you've gotta get back from monke first"
                            }
                        ]
                    }
                ]
            }
        ]
    },
    {
        "client_msg_id": "71d85eaf-fc68-43cb-95f0-33b80b018904",
        "type": "message",
        "text": "I will always monke",
        "user": "U016G7WR3KJ",
        "ts": "1600130880.011300",
        "team": "TCR2U6UEM",
        "user_team": "TCR2U6UEM",
        "source_team": "TCR2U6UEM",
        "user_profile": {
            "avatar_hash": "bbe6b64d1e6f",
            "image_72": "https:\/\/avatars.slack-edge.com\/2020-09-12\/1359637227778_bbe6b64d1e6f191982dd_72.jpg",
            "first_name": "Robbie",
            "real_name": "Robbie Thibodeau",
            "display_name": "Robbie Thibodeau",
            "team": "TCR2U6UEM",
            "name": "rgtthibodeau",
            "is_restricted": false,
            "is_ultra_restricted": false
        },
        "blocks": [
            {
                "type": "rich_text",
                "block_id": "W3EN",
                "elements": [
                    {
                        "type": "rich_text_section",
                        "elements": [
                            {
                                "type": "text",
                                "text": "I will always monke"
                            }
                        ]
                    }
                ]
            }
        ]
    },
    {
        "client_msg_id": "b454724f-5011-47c4-ba32-8552aa9827c4",
        "type": "message",
        "text": "hmmm",
        "user": "U0193D42LHJ",
        "ts": "1600130894.011500",
        "team": "TCR2U6UEM",
        "user_team": "TCR2U6UEM",
        "source_team": "TCR2U6UEM",
        "user_profile": {
            "avatar_hash": "ac92a4993882",
            "image_72": "https:\/\/avatars.slack-edge.com\/2020-09-18\/1380577414884_ac92a4993882a5db4876_72.png",
            "first_name": "Elliot",
            "real_name": "Elliot Schmidt",
            "display_name": "Elliot",
            "team": "TCR2U6UEM",
            "name": "elliotschmidt2002",
            "is_restricted": false,
            "is_ultra_restricted": false
        },
        "blocks": [
            {
                "type": "rich_text",
                "block_id": "=54i",
                "elements": [
                    {
                        "type": "rich_text_section",
                        "elements": [
                            {
                                "type": "text",
                                "text": "hmmm"
                            }
                        ]
                    }
                ]
            }
        ]
    },
    {
        "client_msg_id": "72561c5c-0a4b-481c-b8ff-a9886e2bb1b1",
        "type": "message",
        "text": "I miscalculated",
        "user": "U0193D42LHJ",
        "ts": "1600130902.011800",
        "team": "TCR2U6UEM",
        "user_team": "TCR2U6UEM",
        "source_team": "TCR2U6UEM",
        "user_profile": {
            "avatar_hash": "ac92a4993882",
            "image_72": "https:\/\/avatars.slack-edge.com\/2020-09-18\/1380577414884_ac92a4993882a5db4876_72.png",
            "first_name": "Elliot",
            "real_name": "Elliot Schmidt",
            "display_name": "Elliot",
            "team": "TCR2U6UEM",
            "name": "elliotschmidt2002",
            "is_restricted": false,
            "is_ultra_restricted": false
        },
        "blocks": [
            {
                "type": "rich_text",
                "block_id": "4huk",
                "elements": [
                    {
                        "type": "rich_text_section",
                        "elements": [
                            {
                                "type": "text",
                                "text": "I miscalculated"
                            }
                        ]
                    }
                ]
            }
        ]
    },
    {
        "type": "message",
        "subtype": "bot_message",
        "text": "<https:\/\/quire.io\/u\/ashbren21|Luke Aschenbrenner> has linked this channel to <https:\/\/quire.io\/w\/projdefault|Sponsorships>.",
        "ts": "1600132346.012000",
        "bot_id": "B012BNPE4CT"
    },
    {
        "type": "message",
        "subtype": "bot_message",
        "text": "<https:\/\/quire.io\/u\/ashbren21|Luke Aschenbrenner> has linked this channel to <https:\/\/quire.io\/w\/Outreach-28|Outreach>.",
        "ts": "1600132348.012100",
        "bot_id": "B012BNPE4CT"
    },
    {
        "type": "message",
        "subtype": "bot_message",
        "text": "<https:\/\/quire.io\/u\/ashbren21|Luke Aschenbrenner> has linked this channel to <https:\/\/quire.io\/w\/Build_Team-11|Build Team>.",
        "ts": "1600132350.012200",
        "bot_id": "B012BNPE4CT"
    },
    {
        "client_msg_id": "9fb6a2dc-7f07-4428-9fd3-1945ed9ebd94",
        "type": "message",
        "text": "Ooh",
        "user": "U016G7WR3KJ",
        "ts": "1600132365.012500",
        "team": "TCR2U6UEM",
        "user_team": "TCR2U6UEM",
        "source_team": "TCR2U6UEM",
        "user_profile": {
            "avatar_hash": "bbe6b64d1e6f",
            "image_72": "https:\/\/avatars.slack-edge.com\/2020-09-12\/1359637227778_bbe6b64d1e6f191982dd_72.jpg",
            "first_name": "Robbie",
            "real_name": "Robbie Thibodeau",
            "display_name": "Robbie Thibodeau",
            "team": "TCR2U6UEM",
            "name": "rgtthibodeau",
            "is_restricted": false,
            "is_ultra_restricted": false
        },
        "blocks": [
            {
                "type": "rich_text",
                "block_id": "x\/+bq",
                "elements": [
                    {
                        "type": "rich_text_section",
                        "elements": [
                            {
                                "type": "text",
                                "text": "Ooh"
                            }
                        ]
                    }
                ]
            }
        ]
    },
    {
        "client_msg_id": "1367942c-1c8c-49e7-af35-74df3a640a89",
        "type": "message",
        "text": "I like that",
        "user": "U016G7WR3KJ",
        "ts": "1600132368.012700",
        "team": "TCR2U6UEM",
        "user_team": "TCR2U6UEM",
        "source_team": "TCR2U6UEM",
        "user_profile": {
            "avatar_hash": "bbe6b64d1e6f",
            "image_72": "https:\/\/avatars.slack-edge.com\/2020-09-12\/1359637227778_bbe6b64d1e6f191982dd_72.jpg",
            "first_name": "Robbie",
            "real_name": "Robbie Thibodeau",
            "display_name": "Robbie Thibodeau",
            "team": "TCR2U6UEM",
            "name": "rgtthibodeau",
            "is_restricted": false,
            "is_ultra_restricted": false
        },
        "blocks": [
            {
                "type": "rich_text",
                "block_id": "W+h",
                "elements": [
                    {
                        "type": "rich_text_section",
                        "elements": [
                            {
                                "type": "text",
                                "text": "I like that"
                            }
                        ]
                    }
                ]
            }
        ]
    },
    {
        "client_msg_id": "9dbf0142-2260-4a06-b9e8-1d5465514481",
        "type": "message",
        "text": "Quire is fancy",
        "user": "U010DDZ3FJR",
        "ts": "1600132375.012900",
        "team": "TCR2U6UEM",
        "user_team": "TCR2U6UEM",
        "source_team": "TCR2U6UEM",
        "user_profile": {
            "avatar_hash": "fda0a36a8605",
            "image_72": "https:\/\/avatars.slack-edge.com\/2020-09-18\/1386993799393_fda0a36a86053c692b20_72.jpg",
            "first_name": "Luke",
            "real_name": "Luke Aschenbrenner",
            "display_name": "Luke Aschenbrenner",
            "team": "TCR2U6UEM",
            "name": "ashbren21",
            "is_restricted": false,
            "is_ultra_restricted": false
        },
        "blocks": [
            {
                "type": "rich_text",
                "block_id": "5i\/T4",
                "elements": [
                    {
                        "type": "rich_text_section",
                        "elements": [
                            {
                                "type": "text",
                                "text": "Quire is fancy"
                            }
                        ]
                    }
                ]
            }
        ]
    },
    {
        "client_msg_id": "3f3c943d-b118-47c7-8001-e2f94cb9e081",
        "type": "message",
        "text": "Maybe link those first to to <#CCRR337D3|notebook>",
        "user": "U016G7WR3KJ",
        "ts": "1600132390.013400",
        "team": "TCR2U6UEM",
        "user_team": "TCR2U6UEM",
        "source_team": "TCR2U6UEM",
        "user_profile": {
            "avatar_hash": "bbe6b64d1e6f",
            "image_72": "https:\/\/avatars.slack-edge.com\/2020-09-12\/1359637227778_bbe6b64d1e6f191982dd_72.jpg",
            "first_name": "Robbie",
            "real_name": "Robbie Thibodeau",
            "display_name": "Robbie Thibodeau",
            "team": "TCR2U6UEM",
            "name": "rgtthibodeau",
            "is_restricted": false,
            "is_ultra_restricted": false
        },
        "blocks": [
            {
                "type": "rich_text",
                "block_id": "KaEbw",
                "elements": [
                    {
                        "type": "rich_text_section",
                        "elements": [
                            {
                                "type": "text",
                                "text": "Maybe link those first to to "
                            },
                            {
                                "type": "channel",
                                "channel_id": "CCRR337D3"
                            }
                        ]
                    }
                ]
            }
        ]
    },
    {
        "client_msg_id": "c2d44b77-ac36-4461-ab51-6bca13134316",
        "type": "message",
        "text": "good idea, maybe I should link each project to the respective channel",
        "user": "U010DDZ3FJR",
        "ts": "1600132424.013800",
        "team": "TCR2U6UEM",
        "user_team": "TCR2U6UEM",
        "source_team": "TCR2U6UEM",
        "user_profile": {
            "avatar_hash": "fda0a36a8605",
            "image_72": "https:\/\/avatars.slack-edge.com\/2020-09-18\/1386993799393_fda0a36a86053c692b20_72.jpg",
            "first_name": "Luke",
            "real_name": "Luke Aschenbrenner",
            "display_name": "Luke Aschenbrenner",
            "team": "TCR2U6UEM",
            "name": "ashbren21",
            "is_restricted": false,
            "is_ultra_restricted": false
        },
        "blocks": [
            {
                "type": "rich_text",
                "block_id": "avXwr",
                "elements": [
                    {
                        "type": "rich_text_section",
                        "elements": [
                            {
                                "type": "text",
                                "text": "good idea, maybe I should link each project to the respective channel"
                            }
                        ]
                    }
                ]
            }
        ]
    },
    {
        "client_msg_id": "a0c7a70f-f907-45fd-8b91-b6e3d1ad8d1f",
        "type": "message",
        "text": "Yeah",
        "user": "U016G7WR3KJ",
        "ts": "1600132444.014100",
        "team": "TCR2U6UEM",
        "user_team": "TCR2U6UEM",
        "source_team": "TCR2U6UEM",
        "user_profile": {
            "avatar_hash": "bbe6b64d1e6f",
            "image_72": "https:\/\/avatars.slack-edge.com\/2020-09-12\/1359637227778_bbe6b64d1e6f191982dd_72.jpg",
            "first_name": "Robbie",
            "real_name": "Robbie Thibodeau",
            "display_name": "Robbie Thibodeau",
            "team": "TCR2U6UEM",
            "name": "rgtthibodeau",
            "is_restricted": false,
            "is_ultra_restricted": false
        },
        "blocks": [
            {
                "type": "rich_text",
                "block_id": "d3Jt",
                "elements": [
                    {
                        "type": "rich_text_section",
                        "elements": [
                            {
                                "type": "text",
                                "text": "Yeah"
                            }
                        ]
                    }
                ]
            }
        ]
    },
    {
        "client_msg_id": "b51feccb-4287-4187-a74b-252edda03c0a",
        "type": "message",
        "text": "use the <!everyone> when making an important announcement. just a reminder",
        "user": "U0139LBQGRH",
        "ts": "1600133871.016200",
        "team": "TCR2U6UEM",
        "user_team": "TCR2U6UEM",
        "source_team": "TCR2U6UEM",
        "user_profile": {
            "avatar_hash": "a8bfc136aadd",
            "image_72": "https:\/\/avatars.slack-edge.com\/2020-05-08\/1098037406455_a8bfc136aaddb3ccffea_72.png",
            "first_name": "Sebastian",
            "real_name": "Sebastian Nuxoll",
            "display_name": "Sebastian",
            "team": "TCR2U6UEM",
            "name": "sebastiannuxoll",
            "is_restricted": false,
            "is_ultra_restricted": false
        },
        "blocks": [
            {
                "type": "rich_text",
                "block_id": "fWLxV",
                "elements": [
                    {
                        "type": "rich_text_section",
                        "elements": [
                            {
                                "type": "text",
                                "text": "use the "
                            },
                            {
                                "type": "broadcast",
                                "range": "everyone"
                            },
                            {
                                "type": "text",
                                "text": " when making an important announcement. just a reminder"
                            }
                        ]
                    }
                ]
            }
        ],
        "reactions": [
            {
                "name": "thinking_face",
                "users": [
                    "U010DDZ3FJR",
                    "U016G7WR3KJ",
                    "U0103BWEQSD",
                    "U018URES8KV",
                    "U0193D42LHJ"
                ],
                "count": 5
            },
            {
                "name": "watermelon",
                "users": [
                    "U018URES8KV",
                    "U0193D42LHJ"
                ],
                "count": 2
            },
            {
                "name": "egg",
                "users": [
                    "U018GF7AFJB"
                ],
                "count": 1
            }
        ]
    }
]