[
    {
        "type": "message",
        "text": "Here are my videos from my prototype. They're both low-quality, so beware lol!",
        "files": [
            {
                "id": "F01DBBTDHC3",
                "created": 1603716519,
                "timestamp": 1603716519,
                "name": "IMG_3076.MOV",
                "title": "IMG_3076.MOV",
                "mimetype": "video\/quicktime",
                "filetype": "mov",
                "pretty_type": "QuickTime Movie",
                "user": "U01ADEF18N6",
                "editable": false,
                "size": 30171982,
                "mode": "external",
                "is_external": true,
                "external_type": "gdrive",
                "is_public": true,
                "public_url_shared": false,
                "display_as_bot": false,
                "username": "",
                "url_private": "https:\/\/drive.google.com\/file\/d\/1zKRUuMR1tIJfnBoRD9qCf-CDZVvrCR5h\/view?usp=drive_web",
                "permalink": "https:\/\/rawbaconrobotics.slack.com\/files\/U01ADEF18N6\/F01DBBTDHC3\/img_3076.mov",
                "is_starred": false,
                "external_id": "1zKRUuMR1tIJfnBoRD9qCf-CDZVvrCR5h",
                "external_url": "https:\/\/drive.google.com\/file\/d\/1zKRUuMR1tIJfnBoRD9qCf-CDZVvrCR5h\/view?usp=drive_web",
                "has_rich_preview": false
            },
            {
                "id": "F01DPQ869TK",
                "created": 1603716520,
                "timestamp": 1603716520,
                "name": "IMG_3077.MOV",
                "title": "IMG_3077.MOV",
                "mimetype": "video\/quicktime",
                "filetype": "mov",
                "pretty_type": "QuickTime Movie",
                "user": "U01ADEF18N6",
                "editable": false,
                "size": 30417338,
                "mode": "external",
                "is_external": true,
                "external_type": "gdrive",
                "is_public": true,
                "public_url_shared": false,
                "display_as_bot": false,
                "username": "",
                "url_private": "https:\/\/drive.google.com\/file\/d\/1gmRDeiVSvouqgEKxfqfc4YK5vyojIvpm\/view?usp=drive_web",
                "permalink": "https:\/\/rawbaconrobotics.slack.com\/files\/U01ADEF18N6\/F01DPQ869TK\/img_3077.mov",
                "is_starred": false,
                "external_id": "1gmRDeiVSvouqgEKxfqfc4YK5vyojIvpm",
                "external_url": "https:\/\/drive.google.com\/file\/d\/1gmRDeiVSvouqgEKxfqfc4YK5vyojIvpm\/view?usp=drive_web",
                "has_rich_preview": false
            }
        ],
        "upload": false,
        "blocks": [
            {
                "type": "rich_text",
                "block_id": "z\/nU",
                "elements": [
                    {
                        "type": "rich_text_section",
                        "elements": [
                            {
                                "type": "text",
                                "text": "Here are my videos from my prototype. They're both low-quality, so beware lol!"
                            }
                        ]
                    }
                ]
            }
        ],
        "user": "U01ADEF18N6",
        "ts": "1603716568.000600",
        "thread_ts": "1603716568.000600",
        "reply_count": 2,
        "reply_users_count": 2,
        "latest_reply": "1603909160.046300",
        "reply_users": [
            "U010DDZ3FJR",
            "U01ADEF18N6"
        ],
        "replies": [
            {
                "user": "U010DDZ3FJR",
                "ts": "1603803166.001900"
            },
            {
                "user": "U01ADEF18N6",
                "ts": "1603909160.046300"
            }
        ],
        "subscribed": true,
        "last_read": "1603909160.046300"
    },
    {
        "client_msg_id": "bde7e1d7-456d-49e9-b556-46626ea33d16",
        "type": "message",
        "text": "That looks awesome!",
        "user": "U010FNPUQP8",
        "ts": "1603716827.001400",
        "team": "TCR2U6UEM",
        "user_team": "TCR2U6UEM",
        "source_team": "TCR2U6UEM",
        "user_profile": {
            "avatar_hash": "09e03a757dfc",
            "image_72": "https:\/\/avatars.slack-edge.com\/2020-10-16\/1427166742294_09e03a757dfcc5429a42_72.jpg",
            "first_name": "Fergie",
            "real_name": "Fergie",
            "display_name": "Fergie",
            "team": "TCR2U6UEM",
            "name": "fergusonward314",
            "is_restricted": false,
            "is_ultra_restricted": false
        },
        "blocks": [
            {
                "type": "rich_text",
                "block_id": "g+zGT",
                "elements": [
                    {
                        "type": "rich_text_section",
                        "elements": [
                            {
                                "type": "text",
                                "text": "That looks awesome!"
                            }
                        ]
                    }
                ]
            }
        ]
    },
    {
        "client_msg_id": "5886f7cd-189b-4d12-8651-7dbb7f267c8c",
        "type": "message",
        "text": "Aww thank you! :slightly_smiling_face: Nathan's CAD was so clear and detailed so it wasn't very difficult to make!",
        "user": "U01ADEF18N6",
        "ts": "1603717125.002400",
        "team": "TCR2U6UEM",
        "user_team": "TCR2U6UEM",
        "source_team": "TCR2U6UEM",
        "user_profile": {
            "avatar_hash": "e8086e8713de",
            "image_72": "https:\/\/avatars.slack-edge.com\/2020-09-18\/1371265029141_e8086e8713de3af22fe5_72.jpg",
            "first_name": "Ashley",
            "real_name": "Ashley Sheehan",
            "display_name": "Ashley Sheehan",
            "team": "TCR2U6UEM",
            "name": "asshe21",
            "is_restricted": false,
            "is_ultra_restricted": false
        },
        "blocks": [
            {
                "type": "rich_text",
                "block_id": "5Uc",
                "elements": [
                    {
                        "type": "rich_text_section",
                        "elements": [
                            {
                                "type": "text",
                                "text": "Aww thank you! "
                            },
                            {
                                "type": "emoji",
                                "name": "slightly_smiling_face"
                            },
                            {
                                "type": "text",
                                "text": " Nathan's CAD was so clear and detailed so it wasn't very difficult to make!"
                            }
                        ]
                    }
                ]
            }
        ]
    },
    {
        "client_msg_id": "916BD03A-A93D-4616-ABDF-B7FC217CEB76",
        "type": "message",
        "text": "Hype",
        "user": "U018X7N6MMG",
        "ts": "1603720400.002600",
        "team": "TCR2U6UEM",
        "user_team": "TCR2U6UEM",
        "source_team": "TCR2U6UEM",
        "user_profile": {
            "avatar_hash": "ba89825d3b7b",
            "image_72": "https:\/\/avatars.slack-edge.com\/2020-09-11\/1355949232709_ba89825d3b7bcf995dc9_72.png",
            "first_name": "Keith",
            "real_name": "Keith Friestad",
            "display_name": "",
            "team": "TCR2U6UEM",
            "name": "keith.friestad",
            "is_restricted": false,
            "is_ultra_restricted": false
        },
        "blocks": [
            {
                "type": "rich_text",
                "block_id": "bc2=",
                "elements": [
                    {
                        "type": "rich_text_section",
                        "elements": [
                            {
                                "type": "text",
                                "text": "Hype"
                            }
                        ]
                    }
                ]
            }
        ]
    },
    {
        "client_msg_id": "4cd3a976-9a26-4d7f-84ff-fe191b02d004",
        "type": "message",
        "text": "Elliot just so I'm aware, around what time do u think you'll be by?",
        "user": "U018QFK9G94",
        "ts": "1603742603.003300",
        "team": "TCR2U6UEM",
        "user_team": "TCR2U6UEM",
        "source_team": "TCR2U6UEM",
        "user_profile": {
            "avatar_hash": "g9d36c6aa5d6",
            "image_72": "https:\/\/secure.gravatar.com\/avatar\/9d36c6aa5d6e1c88d058906bd2a03917.jpg?s=72&d=https%3A%2F%2Fa.slack-edge.com%2Fdf10d%2Fimg%2Favatars%2Fava_0011-72.png",
            "first_name": "",
            "real_name": "Marcus Miller",
            "display_name": "",
            "team": "TCR2U6UEM",
            "name": "mamil23",
            "is_restricted": false,
            "is_ultra_restricted": false
        },
        "blocks": [
            {
                "type": "rich_text",
                "block_id": "YrF1R",
                "elements": [
                    {
                        "type": "rich_text_section",
                        "elements": [
                            {
                                "type": "text",
                                "text": "Elliot just so I'm aware, around what time do u think you'll be by?"
                            }
                        ]
                    }
                ]
            }
        ]
    },
    {
        "client_msg_id": "49684444-8de6-45ab-b370-119ea8a92b6d",
        "type": "message",
        "text": "<@U0193D42LHJ>",
        "user": "U018QFK9G94",
        "ts": "1603742609.003500",
        "team": "TCR2U6UEM",
        "user_team": "TCR2U6UEM",
        "source_team": "TCR2U6UEM",
        "user_profile": {
            "avatar_hash": "g9d36c6aa5d6",
            "image_72": "https:\/\/secure.gravatar.com\/avatar\/9d36c6aa5d6e1c88d058906bd2a03917.jpg?s=72&d=https%3A%2F%2Fa.slack-edge.com%2Fdf10d%2Fimg%2Favatars%2Fava_0011-72.png",
            "first_name": "",
            "real_name": "Marcus Miller",
            "display_name": "",
            "team": "TCR2U6UEM",
            "name": "mamil23",
            "is_restricted": false,
            "is_ultra_restricted": false
        },
        "blocks": [
            {
                "type": "rich_text",
                "block_id": "KWM8J",
                "elements": [
                    {
                        "type": "rich_text_section",
                        "elements": [
                            {
                                "type": "user",
                                "user_id": "U0193D42LHJ"
                            }
                        ]
                    }
                ]
            }
        ]
    },
    {
        "client_msg_id": "12a7e7a1-725d-4356-a3d8-87ab598bcdd2",
        "type": "message",
        "text": "Probably 3:30 at the latest but I'll let you know if something happens",
        "user": "U0193D42LHJ",
        "ts": "1603742701.004300",
        "team": "TCR2U6UEM",
        "user_team": "TCR2U6UEM",
        "source_team": "TCR2U6UEM",
        "user_profile": {
            "avatar_hash": "ac92a4993882",
            "image_72": "https:\/\/avatars.slack-edge.com\/2020-09-18\/1380577414884_ac92a4993882a5db4876_72.png",
            "first_name": "Elliot",
            "real_name": "Elliot Schmidt",
            "display_name": "Elliot",
            "team": "TCR2U6UEM",
            "name": "elliotschmidt2002",
            "is_restricted": false,
            "is_ultra_restricted": false
        },
        "blocks": [
            {
                "type": "rich_text",
                "block_id": "9enVl",
                "elements": [
                    {
                        "type": "rich_text_section",
                        "elements": [
                            {
                                "type": "text",
                                "text": "Probably 3:30 at the latest but I'll let you know if something happens"
                            }
                        ]
                    }
                ]
            }
        ]
    },
    {
        "client_msg_id": "9c2802a1-883d-4f88-88af-170cea7d26c3",
        "type": "message",
        "text": "I'll let you know when I'm there",
        "user": "U0193D42LHJ",
        "ts": "1603742708.004600",
        "team": "TCR2U6UEM",
        "user_team": "TCR2U6UEM",
        "source_team": "TCR2U6UEM",
        "user_profile": {
            "avatar_hash": "ac92a4993882",
            "image_72": "https:\/\/avatars.slack-edge.com\/2020-09-18\/1380577414884_ac92a4993882a5db4876_72.png",
            "first_name": "Elliot",
            "real_name": "Elliot Schmidt",
            "display_name": "Elliot",
            "team": "TCR2U6UEM",
            "name": "elliotschmidt2002",
            "is_restricted": false,
            "is_ultra_restricted": false
        },
        "blocks": [
            {
                "type": "rich_text",
                "block_id": "38rq",
                "elements": [
                    {
                        "type": "rich_text_section",
                        "elements": [
                            {
                                "type": "text",
                                "text": "I'll let you know when I'm there"
                            }
                        ]
                    }
                ]
            }
        ]
    },
    {
        "client_msg_id": "073c9a60-eaf8-4898-887e-9dec827e969a",
        "type": "message",
        "text": ":+1:",
        "user": "U018QFK9G94",
        "ts": "1603742737.004700",
        "team": "TCR2U6UEM",
        "user_team": "TCR2U6UEM",
        "source_team": "TCR2U6UEM",
        "user_profile": {
            "avatar_hash": "g9d36c6aa5d6",
            "image_72": "https:\/\/secure.gravatar.com\/avatar\/9d36c6aa5d6e1c88d058906bd2a03917.jpg?s=72&d=https%3A%2F%2Fa.slack-edge.com%2Fdf10d%2Fimg%2Favatars%2Fava_0011-72.png",
            "first_name": "",
            "real_name": "Marcus Miller",
            "display_name": "",
            "team": "TCR2U6UEM",
            "name": "mamil23",
            "is_restricted": false,
            "is_ultra_restricted": false
        },
        "blocks": [
            {
                "type": "rich_text",
                "block_id": "dPvnI",
                "elements": [
                    {
                        "type": "rich_text_section",
                        "elements": [
                            {
                                "type": "emoji",
                                "name": "+1"
                            }
                        ]
                    }
                ]
            }
        ]
    },
    {
        "client_msg_id": "5113504b-c630-4b7c-b294-82e40cd5b019",
        "type": "message",
        "text": "<@U018QFK9G94> left it behind the pot on your left",
        "user": "U0193D42LHJ",
        "ts": "1603744127.005200",
        "team": "TCR2U6UEM",
        "user_team": "TCR2U6UEM",
        "source_team": "TCR2U6UEM",
        "user_profile": {
            "avatar_hash": "ac92a4993882",
            "image_72": "https:\/\/avatars.slack-edge.com\/2020-09-18\/1380577414884_ac92a4993882a5db4876_72.png",
            "first_name": "Elliot",
            "real_name": "Elliot Schmidt",
            "display_name": "Elliot",
            "team": "TCR2U6UEM",
            "name": "elliotschmidt2002",
            "is_restricted": false,
            "is_ultra_restricted": false
        },
        "blocks": [
            {
                "type": "rich_text",
                "block_id": "ePnd",
                "elements": [
                    {
                        "type": "rich_text_section",
                        "elements": [
                            {
                                "type": "user",
                                "user_id": "U018QFK9G94"
                            },
                            {
                                "type": "text",
                                "text": " left it behind the pot on your left"
                            }
                        ]
                    }
                ]
            }
        ]
    },
    {
        "client_msg_id": "a8a9ba1f-c92c-47bb-8c4a-3d54b657375e",
        "type": "message",
        "text": "Oh this is a thing now.",
        "user": "U018QFK9G94",
        "ts": "1603744737.005300",
        "team": "TCR2U6UEM",
        "user_team": "TCR2U6UEM",
        "source_team": "TCR2U6UEM",
        "user_profile": {
            "avatar_hash": "g9d36c6aa5d6",
            "image_72": "https:\/\/secure.gravatar.com\/avatar\/9d36c6aa5d6e1c88d058906bd2a03917.jpg?s=72&d=https%3A%2F%2Fa.slack-edge.com%2Fdf10d%2Fimg%2Favatars%2Fava_0011-72.png",
            "first_name": "",
            "real_name": "Marcus Miller",
            "display_name": "",
            "team": "TCR2U6UEM",
            "name": "mamil23",
            "is_restricted": false,
            "is_ultra_restricted": false
        },
        "blocks": [
            {
                "type": "rich_text",
                "block_id": "aZn26",
                "elements": [
                    {
                        "type": "rich_text_section",
                        "elements": [
                            {
                                "type": "text",
                                "text": "Oh this is a thing now."
                            }
                        ]
                    }
                ]
            }
        ]
    },
    {
        "client_msg_id": "a6718782-10ba-4ef5-bd69-92cedba4c279",
        "type": "message",
        "text": "But thank you, I appreciate it",
        "user": "U018QFK9G94",
        "ts": "1603744756.005600",
        "team": "TCR2U6UEM",
        "user_team": "TCR2U6UEM",
        "source_team": "TCR2U6UEM",
        "user_profile": {
            "avatar_hash": "g9d36c6aa5d6",
            "image_72": "https:\/\/secure.gravatar.com\/avatar\/9d36c6aa5d6e1c88d058906bd2a03917.jpg?s=72&d=https%3A%2F%2Fa.slack-edge.com%2Fdf10d%2Fimg%2Favatars%2Fava_0011-72.png",
            "first_name": "",
            "real_name": "Marcus Miller",
            "display_name": "",
            "team": "TCR2U6UEM",
            "name": "mamil23",
            "is_restricted": false,
            "is_ultra_restricted": false
        },
        "blocks": [
            {
                "type": "rich_text",
                "block_id": "bW1",
                "elements": [
                    {
                        "type": "rich_text_section",
                        "elements": [
                            {
                                "type": "text",
                                "text": "But thank you, I appreciate it"
                            }
                        ]
                    }
                ]
            }
        ]
    },
    {
        "client_msg_id": "e5fe38e9-5312-448f-b7ac-a74394ea19ee",
        "type": "message",
        "text": "No problem",
        "user": "U0193D42LHJ",
        "ts": "1603744769.005900",
        "team": "TCR2U6UEM",
        "user_team": "TCR2U6UEM",
        "source_team": "TCR2U6UEM",
        "user_profile": {
            "avatar_hash": "ac92a4993882",
            "image_72": "https:\/\/avatars.slack-edge.com\/2020-09-18\/1380577414884_ac92a4993882a5db4876_72.png",
            "first_name": "Elliot",
            "real_name": "Elliot Schmidt",
            "display_name": "Elliot",
            "team": "TCR2U6UEM",
            "name": "elliotschmidt2002",
            "is_restricted": false,
            "is_ultra_restricted": false
        },
        "blocks": [
            {
                "type": "rich_text",
                "block_id": "h9XWs",
                "elements": [
                    {
                        "type": "rich_text_section",
                        "elements": [
                            {
                                "type": "text",
                                "text": "No problem"
                            }
                        ]
                    }
                ]
            }
        ]
    },
    {
        "client_msg_id": "90779BEA-02E9-47BE-AA05-03685D663441",
        "type": "message",
        "text": "Hey inventorying people I was busy and totally forgot to ask moms so no inventorying tomorrow morning",
        "user": "U018X7N6MMG",
        "ts": "1603764132.006600",
        "team": "TCR2U6UEM",
        "user_team": "TCR2U6UEM",
        "source_team": "TCR2U6UEM",
        "user_profile": {
            "avatar_hash": "ba89825d3b7b",
            "image_72": "https:\/\/avatars.slack-edge.com\/2020-09-11\/1355949232709_ba89825d3b7bcf995dc9_72.png",
            "first_name": "Keith",
            "real_name": "Keith Friestad",
            "display_name": "",
            "team": "TCR2U6UEM",
            "name": "keith.friestad",
            "is_restricted": false,
            "is_ultra_restricted": false
        },
        "blocks": [
            {
                "type": "rich_text",
                "block_id": "Ac6",
                "elements": [
                    {
                        "type": "rich_text_section",
                        "elements": [
                            {
                                "type": "text",
                                "text": "Hey inventorying people I was busy and totally forgot to ask moms so no inventorying tomorrow morning"
                            }
                        ]
                    }
                ]
            }
        ]
    },
    {
        "client_msg_id": "CF547C85-404F-4E33-BF70-9B8C0BC974BA",
        "type": "message",
        "text": "Hello everyone ",
        "user": "U018QFKN44W",
        "ts": "1603765645.006800",
        "team": "TCR2U6UEM",
        "user_team": "TCR2U6UEM",
        "source_team": "TCR2U6UEM",
        "user_profile": {
            "avatar_hash": "032f80dfd458",
            "image_72": "https:\/\/avatars.slack-edge.com\/2020-09-11\/1371096170705_032f80dfd458ccdaccbe_72.png",
            "first_name": "Cecilia",
            "real_name": "Cecilia Clark",
            "display_name": "Ceci",
            "team": "TCR2U6UEM",
            "name": "cecla22",
            "is_restricted": false,
            "is_ultra_restricted": false
        },
        "blocks": [
            {
                "type": "rich_text",
                "block_id": "9X3",
                "elements": [
                    {
                        "type": "rich_text_section",
                        "elements": [
                            {
                                "type": "text",
                                "text": "Hello everyone "
                            }
                        ]
                    }
                ]
            }
        ]
    },
    {
        "client_msg_id": "22B609A7-EF6C-4EBB-8E10-B8CEB8E97A2D",
        "type": "message",
        "text": "I was thinking we should combine the meeting reflections ",
        "user": "U018QFKN44W",
        "ts": "1603765669.007400",
        "team": "TCR2U6UEM",
        "user_team": "TCR2U6UEM",
        "source_team": "TCR2U6UEM",
        "user_profile": {
            "avatar_hash": "032f80dfd458",
            "image_72": "https:\/\/avatars.slack-edge.com\/2020-09-11\/1371096170705_032f80dfd458ccdaccbe_72.png",
            "first_name": "Cecilia",
            "real_name": "Cecilia Clark",
            "display_name": "Ceci",
            "team": "TCR2U6UEM",
            "name": "cecla22",
            "is_restricted": false,
            "is_ultra_restricted": false
        },
        "blocks": [
            {
                "type": "rich_text",
                "block_id": "UvAsn",
                "elements": [
                    {
                        "type": "rich_text_section",
                        "elements": [
                            {
                                "type": "text",
                                "text": "I was thinking we should combine the meeting reflections "
                            }
                        ]
                    }
                ]
            }
        ]
    },
    {
        "client_msg_id": "7BBFF744-A958-497C-A28B-5784301D82C0",
        "type": "message",
        "text": "I don’t think it’s necessary to have two separate ones ",
        "user": "U018QFKN44W",
        "ts": "1603765683.007900",
        "team": "TCR2U6UEM",
        "user_team": "TCR2U6UEM",
        "source_team": "TCR2U6UEM",
        "user_profile": {
            "avatar_hash": "032f80dfd458",
            "image_72": "https:\/\/avatars.slack-edge.com\/2020-09-11\/1371096170705_032f80dfd458ccdaccbe_72.png",
            "first_name": "Cecilia",
            "real_name": "Cecilia Clark",
            "display_name": "Ceci",
            "team": "TCR2U6UEM",
            "name": "cecla22",
            "is_restricted": false,
            "is_ultra_restricted": false
        },
        "blocks": [
            {
                "type": "rich_text",
                "block_id": "vu9T",
                "elements": [
                    {
                        "type": "rich_text_section",
                        "elements": [
                            {
                                "type": "text",
                                "text": "I don’t think it’s necessary to have two separate ones "
                            }
                        ]
                    }
                ]
            }
        ]
    },
    {
        "client_msg_id": "B3277157-BD66-4F08-9134-4ADD6B594DD5",
        "type": "message",
        "text": "So I would like to designate a single writer for the reflections, of you are interested please contact me",
        "user": "U018QFKN44W",
        "ts": "1603765738.009400",
        "team": "TCR2U6UEM",
        "user_team": "TCR2U6UEM",
        "source_team": "TCR2U6UEM",
        "user_profile": {
            "avatar_hash": "032f80dfd458",
            "image_72": "https:\/\/avatars.slack-edge.com\/2020-09-11\/1371096170705_032f80dfd458ccdaccbe_72.png",
            "first_name": "Cecilia",
            "real_name": "Cecilia Clark",
            "display_name": "Ceci",
            "team": "TCR2U6UEM",
            "name": "cecla22",
            "is_restricted": false,
            "is_ultra_restricted": false
        },
        "blocks": [
            {
                "type": "rich_text",
                "block_id": "Hpwb",
                "elements": [
                    {
                        "type": "rich_text_section",
                        "elements": [
                            {
                                "type": "text",
                                "text": "So I would like to designate a single writer for the reflections, of you are interested please contact me"
                            }
                        ]
                    }
                ]
            }
        ]
    },
    {
        "client_msg_id": "37bda2df-34fd-495f-970a-3f38d9320451",
        "type": "message",
        "text": "I think it would be hard for a builder to write the  coding stuff and vice versa",
        "user": "U016G7WR3KJ",
        "ts": "1603765802.010200",
        "team": "TCR2U6UEM",
        "user_team": "TCR2U6UEM",
        "source_team": "TCR2U6UEM",
        "user_profile": {
            "avatar_hash": "bbe6b64d1e6f",
            "image_72": "https:\/\/avatars.slack-edge.com\/2020-09-12\/1359637227778_bbe6b64d1e6f191982dd_72.jpg",
            "first_name": "Robbie",
            "real_name": "Robbie Thibodeau",
            "display_name": "Robbie Thibodeau",
            "team": "TCR2U6UEM",
            "name": "rgtthibodeau",
            "is_restricted": false,
            "is_ultra_restricted": false
        },
        "blocks": [
            {
                "type": "rich_text",
                "block_id": "X4UM",
                "elements": [
                    {
                        "type": "rich_text_section",
                        "elements": [
                            {
                                "type": "text",
                                "text": "I think it would be hard for a builder to write the  coding stuff and vice versa"
                            }
                        ]
                    }
                ]
            }
        ]
    },
    {
        "client_msg_id": "DF4DB139-457D-4601-AF94-61B35287DA1F",
        "type": "message",
        "text": "That is true ",
        "user": "U018QFKN44W",
        "ts": "1603765814.010400",
        "team": "TCR2U6UEM",
        "user_team": "TCR2U6UEM",
        "source_team": "TCR2U6UEM",
        "user_profile": {
            "avatar_hash": "032f80dfd458",
            "image_72": "https:\/\/avatars.slack-edge.com\/2020-09-11\/1371096170705_032f80dfd458ccdaccbe_72.png",
            "first_name": "Cecilia",
            "real_name": "Cecilia Clark",
            "display_name": "Ceci",
            "team": "TCR2U6UEM",
            "name": "cecla22",
            "is_restricted": false,
            "is_ultra_restricted": false
        },
        "blocks": [
            {
                "type": "rich_text",
                "block_id": "lIbop",
                "elements": [
                    {
                        "type": "rich_text_section",
                        "elements": [
                            {
                                "type": "text",
                                "text": "That is true "
                            }
                        ]
                    }
                ]
            }
        ]
    },
    {
        "client_msg_id": "8C992FF2-7EFE-4E98-951E-040FB505D544",
        "type": "message",
        "text": "But we like do everything as a team ",
        "user": "U018QFKN44W",
        "ts": "1603765820.010700",
        "team": "TCR2U6UEM",
        "user_team": "TCR2U6UEM",
        "source_team": "TCR2U6UEM",
        "user_profile": {
            "avatar_hash": "032f80dfd458",
            "image_72": "https:\/\/avatars.slack-edge.com\/2020-09-11\/1371096170705_032f80dfd458ccdaccbe_72.png",
            "first_name": "Cecilia",
            "real_name": "Cecilia Clark",
            "display_name": "Ceci",
            "team": "TCR2U6UEM",
            "name": "cecla22",
            "is_restricted": false,
            "is_ultra_restricted": false
        },
        "blocks": [
            {
                "type": "rich_text",
                "block_id": "LaCx",
                "elements": [
                    {
                        "type": "rich_text_section",
                        "elements": [
                            {
                                "type": "text",
                                "text": "But we like do everything as a team "
                            }
                        ]
                    }
                ]
            }
        ]
    },
    {
        "client_msg_id": "D9E5F01F-68DD-401A-AEA8-6EF048256D4E",
        "type": "message",
        "text": "Maybe two people can work together ",
        "user": "U018QFKN44W",
        "ts": "1603765842.011300",
        "team": "TCR2U6UEM",
        "user_team": "TCR2U6UEM",
        "source_team": "TCR2U6UEM",
        "user_profile": {
            "avatar_hash": "032f80dfd458",
            "image_72": "https:\/\/avatars.slack-edge.com\/2020-09-11\/1371096170705_032f80dfd458ccdaccbe_72.png",
            "first_name": "Cecilia",
            "real_name": "Cecilia Clark",
            "display_name": "Ceci",
            "team": "TCR2U6UEM",
            "name": "cecla22",
            "is_restricted": false,
            "is_ultra_restricted": false
        },
        "blocks": [
            {
                "type": "rich_text",
                "block_id": "Rn+b",
                "elements": [
                    {
                        "type": "rich_text_section",
                        "elements": [
                            {
                                "type": "text",
                                "text": "Maybe two people can work together "
                            }
                        ]
                    }
                ]
            }
        ]
    },
    {
        "client_msg_id": "1F3CBFC1-E13B-4A4D-BA37-1FD3B1E5441C",
        "type": "message",
        "text": "I just think it’s a bit much ",
        "user": "U018QFKN44W",
        "ts": "1603765848.011600",
        "team": "TCR2U6UEM",
        "user_team": "TCR2U6UEM",
        "source_team": "TCR2U6UEM",
        "user_profile": {
            "avatar_hash": "032f80dfd458",
            "image_72": "https:\/\/avatars.slack-edge.com\/2020-09-11\/1371096170705_032f80dfd458ccdaccbe_72.png",
            "first_name": "Cecilia",
            "real_name": "Cecilia Clark",
            "display_name": "Ceci",
            "team": "TCR2U6UEM",
            "name": "cecla22",
            "is_restricted": false,
            "is_ultra_restricted": false
        },
        "blocks": [
            {
                "type": "rich_text",
                "block_id": "nTF",
                "elements": [
                    {
                        "type": "rich_text_section",
                        "elements": [
                            {
                                "type": "text",
                                "text": "I just think it’s a bit much "
                            }
                        ]
                    }
                ]
            }
        ]
    },
    {
        "client_msg_id": "9dc7430a-ea72-4946-b002-af88d37ed90c",
        "type": "message",
        "text": "We could make it more distinct. When I do the build logs I include all the general stuff we do as a full group too",
        "user": "U018URES8KV",
        "ts": "1603765972.012300",
        "team": "TCR2U6UEM",
        "user_team": "TCR2U6UEM",
        "source_team": "TCR2U6UEM",
        "user_profile": {
            "avatar_hash": "1b6b64ea950d",
            "image_72": "https:\/\/avatars.slack-edge.com\/2020-09-18\/1380553169540_1b6b64ea950dd455ff25_72.jpg",
            "first_name": "Adam",
            "real_name": "Adam Holmes",
            "display_name": "Adam Holmes",
            "team": "TCR2U6UEM",
            "name": "adamup555",
            "is_restricted": false,
            "is_ultra_restricted": false
        },
        "blocks": [
            {
                "type": "rich_text",
                "block_id": "asvbV",
                "elements": [
                    {
                        "type": "rich_text_section",
                        "elements": [
                            {
                                "type": "text",
                                "text": "We could make it more distinct. When I do the build logs I include all the general stuff we do as a full group too"
                            }
                        ]
                    }
                ]
            }
        ]
    },
    {
        "client_msg_id": "5e7429af-f61c-4b54-8a89-7c21c25cc78e",
        "type": "message",
        "text": "And vaguely mention the coding",
        "user": "U018URES8KV",
        "ts": "1603765981.012500",
        "team": "TCR2U6UEM",
        "user_team": "TCR2U6UEM",
        "source_team": "TCR2U6UEM",
        "user_profile": {
            "avatar_hash": "1b6b64ea950d",
            "image_72": "https:\/\/avatars.slack-edge.com\/2020-09-18\/1380553169540_1b6b64ea950dd455ff25_72.jpg",
            "first_name": "Adam",
            "real_name": "Adam Holmes",
            "display_name": "Adam Holmes",
            "team": "TCR2U6UEM",
            "name": "adamup555",
            "is_restricted": false,
            "is_ultra_restricted": false
        },
        "blocks": [
            {
                "type": "rich_text",
                "block_id": "izm",
                "elements": [
                    {
                        "type": "rich_text_section",
                        "elements": [
                            {
                                "type": "text",
                                "text": "And vaguely mention the coding"
                            }
                        ]
                    }
                ]
            }
        ]
    },
    {
        "client_msg_id": "ED4FA9D0-8C68-41D0-8D64-7DF1E00E4718",
        "type": "message",
        "text": "If we do have both I need the writers to I’m work together to write an overview ",
        "user": "U018QFKN44W",
        "ts": "1603766138.013300",
        "team": "TCR2U6UEM",
        "user_team": "TCR2U6UEM",
        "source_team": "TCR2U6UEM",
        "user_profile": {
            "avatar_hash": "032f80dfd458",
            "image_72": "https:\/\/avatars.slack-edge.com\/2020-09-11\/1371096170705_032f80dfd458ccdaccbe_72.png",
            "first_name": "Cecilia",
            "real_name": "Cecilia Clark",
            "display_name": "Ceci",
            "team": "TCR2U6UEM",
            "name": "cecla22",
            "is_restricted": false,
            "is_ultra_restricted": false
        },
        "blocks": [
            {
                "type": "rich_text",
                "block_id": "kwub4",
                "elements": [
                    {
                        "type": "rich_text_section",
                        "elements": [
                            {
                                "type": "text",
                                "text": "If we do have both I need the writers to I’m work together to write an overview "
                            }
                        ]
                    }
                ]
            }
        ]
    }
]