[
    {
        "client_msg_id": "2114d4d5-a5ce-43a8-b7d3-8b354284e499",
        "type": "message",
        "text": "Well it looks like the PC we have with VGA output has a broken wifi card, hopefully I can see if the other one actually works",
        "user": "U010DDZ3FJR",
        "ts": "1602592922.001100",
        "team": "TCR2U6UEM",
        "user_team": "TCR2U6UEM",
        "source_team": "TCR2U6UEM",
        "user_profile": {
            "avatar_hash": "fda0a36a8605",
            "image_72": "https:\/\/avatars.slack-edge.com\/2020-09-18\/1386993799393_fda0a36a86053c692b20_72.jpg",
            "first_name": "Luke",
            "real_name": "Luke Aschenbrenner",
            "display_name": "Luke Aschenbrenner",
            "team": "TCR2U6UEM",
            "name": "ashbren21",
            "is_restricted": false,
            "is_ultra_restricted": false
        },
        "blocks": [
            {
                "type": "rich_text",
                "block_id": "JwO",
                "elements": [
                    {
                        "type": "rich_text_section",
                        "elements": [
                            {
                                "type": "text",
                                "text": "Well it looks like the PC we have with VGA output has a broken wifi card, hopefully I can see if the other one actually works"
                            }
                        ]
                    }
                ]
            }
        ]
    },
    {
        "type": "message",
        "text": "Wifi is functional:+1:",
        "files": [
            {
                "id": "F01CJ4L323D",
                "created": 1602615564,
                "timestamp": 1602615564,
                "name": "IMG_20201013_135916.jpg",
                "title": "IMG_20201013_135916.jpg",
                "mimetype": "image\/jpeg",
                "filetype": "jpg",
                "pretty_type": "JPEG",
                "user": "U010DDZ3FJR",
                "editable": false,
                "size": 709007,
                "mode": "hosted",
                "is_external": false,
                "external_type": "",
                "is_public": true,
                "public_url_shared": false,
                "display_as_bot": false,
                "username": "",
                "url_private": "https:\/\/files.slack.com\/files-pri\/TCR2U6UEM-F01CJ4L323D\/img_20201013_135916.jpg?t=xoxe-433096232497-1684125439971-1696548615153-cd1d3d402b441a7d6039d167da7d37bd",
                "url_private_download": "https:\/\/files.slack.com\/files-pri\/TCR2U6UEM-F01CJ4L323D\/download\/img_20201013_135916.jpg?t=xoxe-433096232497-1684125439971-1696548615153-cd1d3d402b441a7d6039d167da7d37bd",
                "thumb_64": "https:\/\/files.slack.com\/files-tmb\/TCR2U6UEM-F01CJ4L323D-6026d22af9\/img_20201013_135916_64.jpg?t=xoxe-433096232497-1684125439971-1696548615153-cd1d3d402b441a7d6039d167da7d37bd",
                "thumb_80": "https:\/\/files.slack.com\/files-tmb\/TCR2U6UEM-F01CJ4L323D-6026d22af9\/img_20201013_135916_80.jpg?t=xoxe-433096232497-1684125439971-1696548615153-cd1d3d402b441a7d6039d167da7d37bd",
                "thumb_360": "https:\/\/files.slack.com\/files-tmb\/TCR2U6UEM-F01CJ4L323D-6026d22af9\/img_20201013_135916_360.jpg?t=xoxe-433096232497-1684125439971-1696548615153-cd1d3d402b441a7d6039d167da7d37bd",
                "thumb_360_w": 270,
                "thumb_360_h": 360,
                "thumb_480": "https:\/\/files.slack.com\/files-tmb\/TCR2U6UEM-F01CJ4L323D-6026d22af9\/img_20201013_135916_480.jpg?t=xoxe-433096232497-1684125439971-1696548615153-cd1d3d402b441a7d6039d167da7d37bd",
                "thumb_480_w": 360,
                "thumb_480_h": 480,
                "thumb_160": "https:\/\/files.slack.com\/files-tmb\/TCR2U6UEM-F01CJ4L323D-6026d22af9\/img_20201013_135916_160.jpg?t=xoxe-433096232497-1684125439971-1696548615153-cd1d3d402b441a7d6039d167da7d37bd",
                "thumb_720": "https:\/\/files.slack.com\/files-tmb\/TCR2U6UEM-F01CJ4L323D-6026d22af9\/img_20201013_135916_720.jpg?t=xoxe-433096232497-1684125439971-1696548615153-cd1d3d402b441a7d6039d167da7d37bd",
                "thumb_720_w": 540,
                "thumb_720_h": 720,
                "thumb_800": "https:\/\/files.slack.com\/files-tmb\/TCR2U6UEM-F01CJ4L323D-6026d22af9\/img_20201013_135916_800.jpg?t=xoxe-433096232497-1684125439971-1696548615153-cd1d3d402b441a7d6039d167da7d37bd",
                "thumb_800_w": 800,
                "thumb_800_h": 1067,
                "thumb_960": "https:\/\/files.slack.com\/files-tmb\/TCR2U6UEM-F01CJ4L323D-6026d22af9\/img_20201013_135916_960.jpg?t=xoxe-433096232497-1684125439971-1696548615153-cd1d3d402b441a7d6039d167da7d37bd",
                "thumb_960_w": 720,
                "thumb_960_h": 960,
                "thumb_1024": "https:\/\/files.slack.com\/files-tmb\/TCR2U6UEM-F01CJ4L323D-6026d22af9\/img_20201013_135916_1024.jpg?t=xoxe-433096232497-1684125439971-1696548615153-cd1d3d402b441a7d6039d167da7d37bd",
                "thumb_1024_w": 768,
                "thumb_1024_h": 1024,
                "original_w": 3000,
                "original_h": 4000,
                "thumb_tiny": "AwAwACRG9lJPqaQSGJghUdOTT\/lHBbJA4GeaaqEc8cDgZrPYsZPFIx3qCPXtTEgYqTj2IqWa5njxkRnPpmoxezZ5VfyNPcV7CYVeCoz9KMp\/dWl88yfMyxZ\/2gc0eYP7sH5GlYvmQqIH\/iApxgOCEbd7AUwCrNp95\/oK15DLmKv2aTr5dJtPrWoxGDng4rPHSmopiuRbPf8ASjZ7\/pTieaM0uULkgqa3bazZ44qkUlP3ScUeVP6kUc6DlZpGRSDyPzqp2quY5e7\/AK00o3979aFJBYnI5oxUGw+po2H3p8wWP\/\/Z",
                "permalink": "https:\/\/rawbaconrobotics.slack.com\/files\/U010DDZ3FJR\/F01CJ4L323D\/img_20201013_135916.jpg",
                "permalink_public": "https:\/\/slack-files.com\/TCR2U6UEM-F01CJ4L323D-294ff71ac7",
                "is_starred": false,
                "has_rich_preview": false
            }
        ],
        "upload": true,
        "blocks": [
            {
                "type": "rich_text",
                "block_id": "kp3",
                "elements": [
                    {
                        "type": "rich_text_section",
                        "elements": [
                            {
                                "type": "text",
                                "text": "Wifi is functional"
                            },
                            {
                                "type": "emoji",
                                "name": "+1"
                            }
                        ]
                    }
                ]
            }
        ],
        "user": "U010DDZ3FJR",
        "display_as_bot": false,
        "ts": "1602615568.001500",
        "client_msg_id": "096bdec4-f43c-406d-a7b7-69ebb1e5b281"
    },
    {
        "client_msg_id": "20530029-50e0-4933-9a63-15d74eedd069",
        "type": "message",
        "text": "How?",
        "user": "U016G7WR3KJ",
        "ts": "1602615987.001900",
        "team": "TCR2U6UEM",
        "user_team": "TCR2U6UEM",
        "source_team": "TCR2U6UEM",
        "user_profile": {
            "avatar_hash": "bbe6b64d1e6f",
            "image_72": "https:\/\/avatars.slack-edge.com\/2020-09-12\/1359637227778_bbe6b64d1e6f191982dd_72.jpg",
            "first_name": "Robbie",
            "real_name": "Robbie Thibodeau",
            "display_name": "Robbie Thibodeau",
            "team": "TCR2U6UEM",
            "name": "rgtthibodeau",
            "is_restricted": false,
            "is_ultra_restricted": false
        },
        "blocks": [
            {
                "type": "rich_text",
                "block_id": "9Qq",
                "elements": [
                    {
                        "type": "rich_text_section",
                        "elements": [
                            {
                                "type": "text",
                                "text": "How?"
                            }
                        ]
                    }
                ]
            }
        ]
    },
    {
        "client_msg_id": "f4151649-7e1c-48cf-a013-7b7dadd1cb84",
        "type": "message",
        "text": "I dunno, maybe we just needed to wait",
        "user": "U010DDZ3FJR",
        "ts": "1602618371.002300",
        "team": "TCR2U6UEM",
        "user_team": "TCR2U6UEM",
        "source_team": "TCR2U6UEM",
        "user_profile": {
            "avatar_hash": "fda0a36a8605",
            "image_72": "https:\/\/avatars.slack-edge.com\/2020-09-18\/1386993799393_fda0a36a86053c692b20_72.jpg",
            "first_name": "Luke",
            "real_name": "Luke Aschenbrenner",
            "display_name": "Luke Aschenbrenner",
            "team": "TCR2U6UEM",
            "name": "ashbren21",
            "is_restricted": false,
            "is_ultra_restricted": false
        },
        "blocks": [
            {
                "type": "rich_text",
                "block_id": "hRib9",
                "elements": [
                    {
                        "type": "rich_text_section",
                        "elements": [
                            {
                                "type": "text",
                                "text": "I dunno, maybe we just needed to wait"
                            }
                        ]
                    }
                ]
            }
        ]
    },
    {
        "client_msg_id": "6d7e3a98-10b1-4020-a963-65b08cc4b575",
        "type": "message",
        "text": "Didn't know if anyone was going to meet in the temp today so I left the side door unlocked",
        "user": "U010DDZ3FJR",
        "ts": "1602621132.002900",
        "team": "TCR2U6UEM",
        "user_team": "TCR2U6UEM",
        "source_team": "TCR2U6UEM",
        "user_profile": {
            "avatar_hash": "fda0a36a8605",
            "image_72": "https:\/\/avatars.slack-edge.com\/2020-09-18\/1386993799393_fda0a36a86053c692b20_72.jpg",
            "first_name": "Luke",
            "real_name": "Luke Aschenbrenner",
            "display_name": "Luke Aschenbrenner",
            "team": "TCR2U6UEM",
            "name": "ashbren21",
            "is_restricted": false,
            "is_ultra_restricted": false
        },
        "blocks": [
            {
                "type": "rich_text",
                "block_id": "CBH",
                "elements": [
                    {
                        "type": "rich_text_section",
                        "elements": [
                            {
                                "type": "text",
                                "text": "Didn't know if anyone was going to meet in the temp today so I left the side door unlocked"
                            }
                        ]
                    }
                ]
            }
        ]
    },
    {
        "client_msg_id": "ecbb2ce6-2f31-46ea-a405-9b63925ff720",
        "type": "message",
        "text": "In other news, remote coding is a go:+1:Got it set up",
        "user": "U010DDZ3FJR",
        "ts": "1602621151.003500",
        "team": "TCR2U6UEM",
        "user_team": "TCR2U6UEM",
        "source_team": "TCR2U6UEM",
        "user_profile": {
            "avatar_hash": "fda0a36a8605",
            "image_72": "https:\/\/avatars.slack-edge.com\/2020-09-18\/1386993799393_fda0a36a86053c692b20_72.jpg",
            "first_name": "Luke",
            "real_name": "Luke Aschenbrenner",
            "display_name": "Luke Aschenbrenner",
            "team": "TCR2U6UEM",
            "name": "ashbren21",
            "is_restricted": false,
            "is_ultra_restricted": false
        },
        "blocks": [
            {
                "type": "rich_text",
                "block_id": "BKQaN",
                "elements": [
                    {
                        "type": "rich_text_section",
                        "elements": [
                            {
                                "type": "text",
                                "text": "In other news, remote coding is a go"
                            },
                            {
                                "type": "emoji",
                                "name": "+1"
                            },
                            {
                                "type": "text",
                                "text": "Got it set up"
                            }
                        ]
                    }
                ]
            }
        ]
    },
    {
        "client_msg_id": "de80ec23-bd7d-46c0-b319-e5a1df3b464a",
        "type": "message",
        "text": "Yay",
        "user": "U016G7WR3KJ",
        "ts": "1602621160.003700",
        "team": "TCR2U6UEM",
        "user_team": "TCR2U6UEM",
        "source_team": "TCR2U6UEM",
        "user_profile": {
            "avatar_hash": "bbe6b64d1e6f",
            "image_72": "https:\/\/avatars.slack-edge.com\/2020-09-12\/1359637227778_bbe6b64d1e6f191982dd_72.jpg",
            "first_name": "Robbie",
            "real_name": "Robbie Thibodeau",
            "display_name": "Robbie Thibodeau",
            "team": "TCR2U6UEM",
            "name": "rgtthibodeau",
            "is_restricted": false,
            "is_ultra_restricted": false
        },
        "blocks": [
            {
                "type": "rich_text",
                "block_id": "K\/I",
                "elements": [
                    {
                        "type": "rich_text_section",
                        "elements": [
                            {
                                "type": "text",
                                "text": "Yay"
                            }
                        ]
                    }
                ]
            }
        ]
    },
    {
        "client_msg_id": "545a0965-66d6-4c52-a50a-4f9b89597271",
        "type": "message",
        "text": "We're using one of the other tiny PCs that we had and it works great",
        "user": "U010DDZ3FJR",
        "ts": "1602621188.004300",
        "team": "TCR2U6UEM",
        "user_team": "TCR2U6UEM",
        "source_team": "TCR2U6UEM",
        "user_profile": {
            "avatar_hash": "fda0a36a8605",
            "image_72": "https:\/\/avatars.slack-edge.com\/2020-09-18\/1386993799393_fda0a36a86053c692b20_72.jpg",
            "first_name": "Luke",
            "real_name": "Luke Aschenbrenner",
            "display_name": "Luke Aschenbrenner",
            "team": "TCR2U6UEM",
            "name": "ashbren21",
            "is_restricted": false,
            "is_ultra_restricted": false
        },
        "blocks": [
            {
                "type": "rich_text",
                "block_id": "9NM7J",
                "elements": [
                    {
                        "type": "rich_text_section",
                        "elements": [
                            {
                                "type": "text",
                                "text": "We're using one of the other tiny PCs that we had and it works great"
                            }
                        ]
                    }
                ]
            }
        ]
    },
    {
        "client_msg_id": "b18ddc5b-7e4f-4515-9694-de331b06bc92",
        "type": "message",
        "text": "You just unplug the displayport cable from the main one and plug it in there",
        "user": "U010DDZ3FJR",
        "ts": "1602621205.004900",
        "team": "TCR2U6UEM",
        "user_team": "TCR2U6UEM",
        "source_team": "TCR2U6UEM",
        "user_profile": {
            "avatar_hash": "fda0a36a8605",
            "image_72": "https:\/\/avatars.slack-edge.com\/2020-09-18\/1386993799393_fda0a36a86053c692b20_72.jpg",
            "first_name": "Luke",
            "real_name": "Luke Aschenbrenner",
            "display_name": "Luke Aschenbrenner",
            "team": "TCR2U6UEM",
            "name": "ashbren21",
            "is_restricted": false,
            "is_ultra_restricted": false
        },
        "blocks": [
            {
                "type": "rich_text",
                "block_id": "+=7",
                "elements": [
                    {
                        "type": "rich_text_section",
                        "elements": [
                            {
                                "type": "text",
                                "text": "You just unplug the displayport cable from the main one and plug it in there"
                            }
                        ]
                    }
                ]
            }
        ]
    },
    {
        "client_msg_id": "b39c2fba-4729-4110-917d-1d32b4e10fda",
        "type": "message",
        "text": "Then when you're set up just plug it back in",
        "user": "U010DDZ3FJR",
        "ts": "1602621213.005300",
        "team": "TCR2U6UEM",
        "user_team": "TCR2U6UEM",
        "source_team": "TCR2U6UEM",
        "user_profile": {
            "avatar_hash": "fda0a36a8605",
            "image_72": "https:\/\/avatars.slack-edge.com\/2020-09-18\/1386993799393_fda0a36a86053c692b20_72.jpg",
            "first_name": "Luke",
            "real_name": "Luke Aschenbrenner",
            "display_name": "Luke Aschenbrenner",
            "team": "TCR2U6UEM",
            "name": "ashbren21",
            "is_restricted": false,
            "is_ultra_restricted": false
        },
        "blocks": [
            {
                "type": "rich_text",
                "block_id": "bXZ",
                "elements": [
                    {
                        "type": "rich_text_section",
                        "elements": [
                            {
                                "type": "text",
                                "text": "Then when you're set up just plug it back in"
                            }
                        ]
                    }
                ]
            }
        ]
    },
    {
        "client_msg_id": "e22e6dfd-ac40-42b3-8a11-c9ec25ab3db7",
        "type": "message",
        "text": "And as a bonus \"somehow\" we are logged into the administrator account there",
        "user": "U010DDZ3FJR",
        "ts": "1602621274.006300",
        "team": "TCR2U6UEM",
        "user_team": "TCR2U6UEM",
        "source_team": "TCR2U6UEM",
        "user_profile": {
            "avatar_hash": "fda0a36a8605",
            "image_72": "https:\/\/avatars.slack-edge.com\/2020-09-18\/1386993799393_fda0a36a86053c692b20_72.jpg",
            "first_name": "Luke",
            "real_name": "Luke Aschenbrenner",
            "display_name": "Luke Aschenbrenner",
            "team": "TCR2U6UEM",
            "name": "ashbren21",
            "is_restricted": false,
            "is_ultra_restricted": false
        },
        "blocks": [
            {
                "type": "rich_text",
                "block_id": "k7ke",
                "elements": [
                    {
                        "type": "rich_text_section",
                        "elements": [
                            {
                                "type": "text",
                                "text": "And as a bonus \"somehow\" we are logged into the administrator account there"
                            }
                        ]
                    }
                ]
            }
        ]
    },
    {
        "client_msg_id": "36c05eb8-5fca-40e4-9456-7bf1e6c5ea72",
        "type": "message",
        "text": "Is that an actual somehow or did you do something dumb?",
        "user": "U0193D42LHJ",
        "ts": "1602621412.006700",
        "team": "TCR2U6UEM",
        "user_team": "TCR2U6UEM",
        "source_team": "TCR2U6UEM",
        "user_profile": {
            "avatar_hash": "ac92a4993882",
            "image_72": "https:\/\/avatars.slack-edge.com\/2020-09-18\/1380577414884_ac92a4993882a5db4876_72.png",
            "first_name": "Elliot",
            "real_name": "Elliot Schmidt",
            "display_name": "Elliot",
            "team": "TCR2U6UEM",
            "name": "elliotschmidt2002",
            "is_restricted": false,
            "is_ultra_restricted": false
        },
        "blocks": [
            {
                "type": "rich_text",
                "block_id": "Cko",
                "elements": [
                    {
                        "type": "rich_text_section",
                        "elements": [
                            {
                                "type": "text",
                                "text": "Is that an actual somehow or did you do something dumb?"
                            }
                        ]
                    }
                ]
            }
        ]
    },
    {
        "client_msg_id": "4c2d5d45-0abd-4878-a19d-e9f0308eb4c6",
        "type": "message",
        "text": "Well I wouldn't call it dumb but yes",
        "user": "U010DDZ3FJR",
        "ts": "1602621525.006900",
        "team": "TCR2U6UEM",
        "user_team": "TCR2U6UEM",
        "source_team": "TCR2U6UEM",
        "user_profile": {
            "avatar_hash": "fda0a36a8605",
            "image_72": "https:\/\/avatars.slack-edge.com\/2020-09-18\/1386993799393_fda0a36a86053c692b20_72.jpg",
            "first_name": "Luke",
            "real_name": "Luke Aschenbrenner",
            "display_name": "Luke Aschenbrenner",
            "team": "TCR2U6UEM",
            "name": "ashbren21",
            "is_restricted": false,
            "is_ultra_restricted": false
        },
        "blocks": [
            {
                "type": "rich_text",
                "block_id": "BJWD",
                "elements": [
                    {
                        "type": "rich_text_section",
                        "elements": [
                            {
                                "type": "text",
                                "text": "Well I wouldn't call it dumb but yes"
                            }
                        ]
                    }
                ]
            }
        ]
    },
    {
        "client_msg_id": "13d3a7c1-2f65-441f-88b8-1aba3cdc407c",
        "type": "message",
        "text": ":stonks:",
        "user": "U010DDZ3FJR",
        "ts": "1602621552.007000",
        "team": "TCR2U6UEM",
        "user_team": "TCR2U6UEM",
        "source_team": "TCR2U6UEM",
        "user_profile": {
            "avatar_hash": "fda0a36a8605",
            "image_72": "https:\/\/avatars.slack-edge.com\/2020-09-18\/1386993799393_fda0a36a86053c692b20_72.jpg",
            "first_name": "Luke",
            "real_name": "Luke Aschenbrenner",
            "display_name": "Luke Aschenbrenner",
            "team": "TCR2U6UEM",
            "name": "ashbren21",
            "is_restricted": false,
            "is_ultra_restricted": false
        },
        "blocks": [
            {
                "type": "rich_text",
                "block_id": "Nkz\/",
                "elements": [
                    {
                        "type": "rich_text_section",
                        "elements": [
                            {
                                "type": "emoji",
                                "name": "stonks"
                            }
                        ]
                    }
                ]
            }
        ],
        "reactions": [
            {
                "name": "stonks",
                "users": [
                    "U010FNPUQP8",
                    "U016G7WR3KJ",
                    "U01ALNAL79C"
                ],
                "count": 3
            },
            {
                "name": "ice_hockey_stick_and_puck",
                "users": [
                    "U010FNPUQP8",
                    "U016G7WR3KJ"
                ],
                "count": 2
            }
        ]
    },
    {
        "type": "message",
        "text": "Y'all this might be an issue",
        "files": [
            {
                "id": "F01CJ6QLJV8",
                "created": 1602622303,
                "timestamp": 1602622303,
                "name": "image.png",
                "title": "image.png",
                "mimetype": "image\/png",
                "filetype": "png",
                "pretty_type": "PNG",
                "user": "U01ALNAL79C",
                "editable": false,
                "size": 72443,
                "mode": "hosted",
                "is_external": false,
                "external_type": "",
                "is_public": true,
                "public_url_shared": false,
                "display_as_bot": false,
                "username": "",
                "url_private": "https:\/\/files.slack.com\/files-pri\/TCR2U6UEM-F01CJ6QLJV8\/image.png?t=xoxe-433096232497-1684125439971-1696548615153-cd1d3d402b441a7d6039d167da7d37bd",
                "url_private_download": "https:\/\/files.slack.com\/files-pri\/TCR2U6UEM-F01CJ6QLJV8\/download\/image.png?t=xoxe-433096232497-1684125439971-1696548615153-cd1d3d402b441a7d6039d167da7d37bd",
                "thumb_64": "https:\/\/files.slack.com\/files-tmb\/TCR2U6UEM-F01CJ6QLJV8-192aa8c6c6\/image_64.png?t=xoxe-433096232497-1684125439971-1696548615153-cd1d3d402b441a7d6039d167da7d37bd",
                "thumb_80": "https:\/\/files.slack.com\/files-tmb\/TCR2U6UEM-F01CJ6QLJV8-192aa8c6c6\/image_80.png?t=xoxe-433096232497-1684125439971-1696548615153-cd1d3d402b441a7d6039d167da7d37bd",
                "thumb_360": "https:\/\/files.slack.com\/files-tmb\/TCR2U6UEM-F01CJ6QLJV8-192aa8c6c6\/image_360.png?t=xoxe-433096232497-1684125439971-1696548615153-cd1d3d402b441a7d6039d167da7d37bd",
                "thumb_360_w": 360,
                "thumb_360_h": 110,
                "thumb_480": "https:\/\/files.slack.com\/files-tmb\/TCR2U6UEM-F01CJ6QLJV8-192aa8c6c6\/image_480.png?t=xoxe-433096232497-1684125439971-1696548615153-cd1d3d402b441a7d6039d167da7d37bd",
                "thumb_480_w": 480,
                "thumb_480_h": 147,
                "thumb_160": "https:\/\/files.slack.com\/files-tmb\/TCR2U6UEM-F01CJ6QLJV8-192aa8c6c6\/image_160.png?t=xoxe-433096232497-1684125439971-1696548615153-cd1d3d402b441a7d6039d167da7d37bd",
                "thumb_720": "https:\/\/files.slack.com\/files-tmb\/TCR2U6UEM-F01CJ6QLJV8-192aa8c6c6\/image_720.png?t=xoxe-433096232497-1684125439971-1696548615153-cd1d3d402b441a7d6039d167da7d37bd",
                "thumb_720_w": 720,
                "thumb_720_h": 221,
                "thumb_800": "https:\/\/files.slack.com\/files-tmb\/TCR2U6UEM-F01CJ6QLJV8-192aa8c6c6\/image_800.png?t=xoxe-433096232497-1684125439971-1696548615153-cd1d3d402b441a7d6039d167da7d37bd",
                "thumb_800_w": 800,
                "thumb_800_h": 245,
                "thumb_960": "https:\/\/files.slack.com\/files-tmb\/TCR2U6UEM-F01CJ6QLJV8-192aa8c6c6\/image_960.png?t=xoxe-433096232497-1684125439971-1696548615153-cd1d3d402b441a7d6039d167da7d37bd",
                "thumb_960_w": 960,
                "thumb_960_h": 294,
                "thumb_1024": "https:\/\/files.slack.com\/files-tmb\/TCR2U6UEM-F01CJ6QLJV8-192aa8c6c6\/image_1024.png?t=xoxe-433096232497-1684125439971-1696548615153-cd1d3d402b441a7d6039d167da7d37bd",
                "thumb_1024_w": 1024,
                "thumb_1024_h": 314,
                "original_w": 1292,
                "original_h": 396,
                "thumb_tiny": "AwAOADCjnj\/61OyXJJPJ9qd5R29RTeUYjg\/hTaaFdPYTb70bfegmkzSGGKU5OSaTNJmgD\/\/Z",
                "permalink": "https:\/\/rawbaconrobotics.slack.com\/files\/U01ALNAL79C\/F01CJ6QLJV8\/image.png",
                "permalink_public": "https:\/\/slack-files.com\/TCR2U6UEM-F01CJ6QLJV8-86c6c578d0",
                "is_starred": false,
                "has_rich_preview": false
            }
        ],
        "upload": false,
        "blocks": [
            {
                "type": "rich_text",
                "block_id": "RPI5",
                "elements": [
                    {
                        "type": "rich_text_section",
                        "elements": [
                            {
                                "type": "text",
                                "text": "Y'all this might be an issue"
                            }
                        ]
                    }
                ]
            }
        ],
        "user": "U01ALNAL79C",
        "display_as_bot": false,
        "ts": "1602622317.007700"
    },
    {
        "client_msg_id": "f66f49bc-c96e-4b9b-98db-68d63302c293",
        "type": "message",
        "text": "uhhhhh",
        "user": "U018X7N6MMG",
        "ts": "1602622345.008100",
        "team": "TCR2U6UEM",
        "user_team": "TCR2U6UEM",
        "source_team": "TCR2U6UEM",
        "user_profile": {
            "avatar_hash": "ba89825d3b7b",
            "image_72": "https:\/\/avatars.slack-edge.com\/2020-09-11\/1355949232709_ba89825d3b7bcf995dc9_72.png",
            "first_name": "Keith",
            "real_name": "Keith Friestad",
            "display_name": "",
            "team": "TCR2U6UEM",
            "name": "keith.friestad",
            "is_restricted": false,
            "is_ultra_restricted": false
        },
        "blocks": [
            {
                "type": "rich_text",
                "block_id": "=sg",
                "elements": [
                    {
                        "type": "rich_text_section",
                        "elements": [
                            {
                                "type": "text",
                                "text": "uhhhhh"
                            }
                        ]
                    }
                ]
            }
        ]
    },
    {
        "client_msg_id": "3287bfd1-2ca1-4a93-bb12-0665978cf787",
        "type": "message",
        "text": "No it's not",
        "user": "U0193D42LHJ",
        "ts": "1602622354.008300",
        "team": "TCR2U6UEM",
        "user_team": "TCR2U6UEM",
        "source_team": "TCR2U6UEM",
        "user_profile": {
            "avatar_hash": "ac92a4993882",
            "image_72": "https:\/\/avatars.slack-edge.com\/2020-09-18\/1380577414884_ac92a4993882a5db4876_72.png",
            "first_name": "Elliot",
            "real_name": "Elliot Schmidt",
            "display_name": "Elliot",
            "team": "TCR2U6UEM",
            "name": "elliotschmidt2002",
            "is_restricted": false,
            "is_ultra_restricted": false
        },
        "blocks": [
            {
                "type": "rich_text",
                "block_id": "M2tbV",
                "elements": [
                    {
                        "type": "rich_text_section",
                        "elements": [
                            {
                                "type": "text",
                                "text": "No it's not"
                            }
                        ]
                    }
                ]
            }
        ]
    },
    {
        "client_msg_id": "f9fd3629-041e-4c78-a46c-c3b05b26955b",
        "type": "message",
        "text": "We just don't have access to the messages sent before 10k",
        "user": "U0193D42LHJ",
        "ts": "1602622376.009100",
        "team": "TCR2U6UEM",
        "user_team": "TCR2U6UEM",
        "source_team": "TCR2U6UEM",
        "user_profile": {
            "avatar_hash": "ac92a4993882",
            "image_72": "https:\/\/avatars.slack-edge.com\/2020-09-18\/1380577414884_ac92a4993882a5db4876_72.png",
            "first_name": "Elliot",
            "real_name": "Elliot Schmidt",
            "display_name": "Elliot",
            "team": "TCR2U6UEM",
            "name": "elliotschmidt2002",
            "is_restricted": false,
            "is_ultra_restricted": false
        },
        "blocks": [
            {
                "type": "rich_text",
                "block_id": "pS2",
                "elements": [
                    {
                        "type": "rich_text_section",
                        "elements": [
                            {
                                "type": "text",
                                "text": "We just don't have access to the messages sent before 10k"
                            }
                        ]
                    }
                ]
            }
        ]
    },
    {
        "client_msg_id": "008e3ad9-0e78-4b5f-88cb-d0db02377ef6",
        "type": "message",
        "text": "We need to get the free slack premium",
        "user": "U016G7WR3KJ",
        "ts": "1602622391.009800",
        "team": "TCR2U6UEM",
        "user_team": "TCR2U6UEM",
        "source_team": "TCR2U6UEM",
        "user_profile": {
            "avatar_hash": "bbe6b64d1e6f",
            "image_72": "https:\/\/avatars.slack-edge.com\/2020-09-12\/1359637227778_bbe6b64d1e6f191982dd_72.jpg",
            "first_name": "Robbie",
            "real_name": "Robbie Thibodeau",
            "display_name": "Robbie Thibodeau",
            "team": "TCR2U6UEM",
            "name": "rgtthibodeau",
            "is_restricted": false,
            "is_ultra_restricted": false
        },
        "blocks": [
            {
                "type": "rich_text",
                "block_id": "VtyS",
                "elements": [
                    {
                        "type": "rich_text_section",
                        "elements": [
                            {
                                "type": "text",
                                "text": "We need to get the free slack premium"
                            }
                        ]
                    }
                ]
            }
        ]
    },
    {
        "client_msg_id": "ae8f9f6e-0c66-4e75-9c72-cdde4400e229",
        "type": "message",
        "text": "So the first messages sent here won't be visible",
        "user": "U0193D42LHJ",
        "ts": "1602622394.010100",
        "team": "TCR2U6UEM",
        "user_team": "TCR2U6UEM",
        "source_team": "TCR2U6UEM",
        "user_profile": {
            "avatar_hash": "ac92a4993882",
            "image_72": "https:\/\/avatars.slack-edge.com\/2020-09-18\/1380577414884_ac92a4993882a5db4876_72.png",
            "first_name": "Elliot",
            "real_name": "Elliot Schmidt",
            "display_name": "Elliot",
            "team": "TCR2U6UEM",
            "name": "elliotschmidt2002",
            "is_restricted": false,
            "is_ultra_restricted": false
        },
        "blocks": [
            {
                "type": "rich_text",
                "block_id": "qAo",
                "elements": [
                    {
                        "type": "rich_text_section",
                        "elements": [
                            {
                                "type": "text",
                                "text": "So the first messages sent here won't be visible"
                            }
                        ]
                    }
                ]
            }
        ]
    },
    {
        "client_msg_id": "c8935d46-e857-412f-ba76-5f4d7cd04f26",
        "type": "message",
        "text": "Ok that's good",
        "user": "U01ALNAL79C",
        "ts": "1602622400.010500",
        "team": "TCR2U6UEM",
        "user_team": "TCR2U6UEM",
        "source_team": "TCR2U6UEM",
        "user_profile": {
            "avatar_hash": "8d3a0093398e",
            "image_72": "https:\/\/avatars.slack-edge.com\/2020-09-16\/1367697021763_8d3a0093398e950c95a2_72.jpg",
            "first_name": "Brian",
            "real_name": "Brian Morris",
            "display_name": "Brian Morris",
            "team": "TCR2U6UEM",
            "name": "brmor21",
            "is_restricted": false,
            "is_ultra_restricted": false
        },
        "blocks": [
            {
                "type": "rich_text",
                "block_id": "p9as3",
                "elements": [
                    {
                        "type": "rich_text_section",
                        "elements": [
                            {
                                "type": "text",
                                "text": "Ok that's good"
                            }
                        ]
                    }
                ]
            }
        ]
    },
    {
        "client_msg_id": "52d40089-add1-40ef-81e5-369be666dbe7",
        "type": "message",
        "text": "I still need to call the irs",
        "user": "U016G7WR3KJ",
        "ts": "1602622401.010800",
        "team": "TCR2U6UEM",
        "user_team": "TCR2U6UEM",
        "source_team": "TCR2U6UEM",
        "user_profile": {
            "avatar_hash": "bbe6b64d1e6f",
            "image_72": "https:\/\/avatars.slack-edge.com\/2020-09-12\/1359637227778_bbe6b64d1e6f191982dd_72.jpg",
            "first_name": "Robbie",
            "real_name": "Robbie Thibodeau",
            "display_name": "Robbie Thibodeau",
            "team": "TCR2U6UEM",
            "name": "rgtthibodeau",
            "is_restricted": false,
            "is_ultra_restricted": false
        },
        "blocks": [
            {
                "type": "rich_text",
                "block_id": "0VA",
                "elements": [
                    {
                        "type": "rich_text_section",
                        "elements": [
                            {
                                "type": "text",
                                "text": "I still need to call the irs"
                            }
                        ]
                    }
                ]
            }
        ],
        "reactions": [
            {
                "name": "ok_hand",
                "users": [
                    "U010DDZ3FJR"
                ],
                "count": 1
            }
        ]
    },
    {
        "client_msg_id": "d7d18803-3ca1-4d75-8885-8e1ca01baf0a",
        "type": "message",
        "text": "<@U010DDZ3FJR>",
        "user": "U01ALNAL79C",
        "ts": "1602622402.010900",
        "team": "TCR2U6UEM",
        "user_team": "TCR2U6UEM",
        "source_team": "TCR2U6UEM",
        "user_profile": {
            "avatar_hash": "8d3a0093398e",
            "image_72": "https:\/\/avatars.slack-edge.com\/2020-09-16\/1367697021763_8d3a0093398e950c95a2_72.jpg",
            "first_name": "Brian",
            "real_name": "Brian Morris",
            "display_name": "Brian Morris",
            "team": "TCR2U6UEM",
            "name": "brmor21",
            "is_restricted": false,
            "is_ultra_restricted": false
        },
        "blocks": [
            {
                "type": "rich_text",
                "block_id": "T+gxo",
                "elements": [
                    {
                        "type": "rich_text_section",
                        "elements": [
                            {
                                "type": "user",
                                "user_id": "U010DDZ3FJR"
                            }
                        ]
                    }
                ]
            }
        ]
    },
    {
        "client_msg_id": "c4c84334-2f84-45df-bc82-bbd532e4c170",
        "type": "message",
        "text": "Robbie then call the irs",
        "user": "U0193D42LHJ",
        "ts": "1602622415.011200",
        "team": "TCR2U6UEM",
        "user_team": "TCR2U6UEM",
        "source_team": "TCR2U6UEM",
        "user_profile": {
            "avatar_hash": "ac92a4993882",
            "image_72": "https:\/\/avatars.slack-edge.com\/2020-09-18\/1380577414884_ac92a4993882a5db4876_72.png",
            "first_name": "Elliot",
            "real_name": "Elliot Schmidt",
            "display_name": "Elliot",
            "team": "TCR2U6UEM",
            "name": "elliotschmidt2002",
            "is_restricted": false,
            "is_ultra_restricted": false
        },
        "blocks": [
            {
                "type": "rich_text",
                "block_id": "rhTS",
                "elements": [
                    {
                        "type": "rich_text_section",
                        "elements": [
                            {
                                "type": "text",
                                "text": "Robbie then call the irs"
                            }
                        ]
                    }
                ]
            }
        ]
    },
    {
        "client_msg_id": "1645b725-6483-4abd-b6e0-b233a370fa73",
        "type": "message",
        "text": "Yeah",
        "user": "U016G7WR3KJ",
        "ts": "1602622439.011600",
        "team": "TCR2U6UEM",
        "user_team": "TCR2U6UEM",
        "source_team": "TCR2U6UEM",
        "user_profile": {
            "avatar_hash": "bbe6b64d1e6f",
            "image_72": "https:\/\/avatars.slack-edge.com\/2020-09-12\/1359637227778_bbe6b64d1e6f191982dd_72.jpg",
            "first_name": "Robbie",
            "real_name": "Robbie Thibodeau",
            "display_name": "Robbie Thibodeau",
            "team": "TCR2U6UEM",
            "name": "rgtthibodeau",
            "is_restricted": false,
            "is_ultra_restricted": false
        },
        "blocks": [
            {
                "type": "rich_text",
                "block_id": "ZaCoi",
                "elements": [
                    {
                        "type": "rich_text_section",
                        "elements": [
                            {
                                "type": "text",
                                "text": "Yeah"
                            }
                        ]
                    }
                ]
            }
        ]
    },
    {
        "client_msg_id": "a1e7183c-fa67-4343-a5ad-96d4907faea6",
        "type": "message",
        "text": "Does anyone know what the link for the Zoom is today? Because isn't Ceci going to start it since Mons will have PT conferences?",
        "user": "U01ADEF18N6",
        "ts": "1602622512.012700",
        "team": "TCR2U6UEM",
        "user_team": "TCR2U6UEM",
        "source_team": "TCR2U6UEM",
        "user_profile": {
            "avatar_hash": "e8086e8713de",
            "image_72": "https:\/\/avatars.slack-edge.com\/2020-09-18\/1371265029141_e8086e8713de3af22fe5_72.jpg",
            "first_name": "Ashley",
            "real_name": "Ashley Sheehan",
            "display_name": "Ashley Sheehan",
            "team": "TCR2U6UEM",
            "name": "asshe21",
            "is_restricted": false,
            "is_ultra_restricted": false
        },
        "blocks": [
            {
                "type": "rich_text",
                "block_id": "Dex",
                "elements": [
                    {
                        "type": "rich_text_section",
                        "elements": [
                            {
                                "type": "text",
                                "text": "Does anyone know what the link for the Zoom is today? Because isn't Ceci going to start it since Mons will have PT conferences?"
                            }
                        ]
                    }
                ]
            }
        ],
        "thread_ts": "1602622512.012700",
        "reply_count": 1,
        "reply_users_count": 1,
        "latest_reply": "1602622566.014300",
        "reply_users": [
            "U010DDZ3FJR"
        ],
        "replies": [
            {
                "user": "U010DDZ3FJR",
                "ts": "1602622566.014300"
            }
        ],
        "subscribed": true,
        "last_read": "1602622566.014300"
    },
    {
        "client_msg_id": "d4a6f9d1-b877-4ca2-b911-608aa813cebd",
        "type": "message",
        "text": "Yes please do",
        "user": "U010DDZ3FJR",
        "ts": "1602622513.012800",
        "team": "TCR2U6UEM",
        "user_team": "TCR2U6UEM",
        "source_team": "TCR2U6UEM",
        "user_profile": {
            "avatar_hash": "fda0a36a8605",
            "image_72": "https:\/\/avatars.slack-edge.com\/2020-09-18\/1386993799393_fda0a36a86053c692b20_72.jpg",
            "first_name": "Luke",
            "real_name": "Luke Aschenbrenner",
            "display_name": "Luke Aschenbrenner",
            "team": "TCR2U6UEM",
            "name": "ashbren21",
            "is_restricted": false,
            "is_ultra_restricted": false
        },
        "blocks": [
            {
                "type": "rich_text",
                "block_id": "FcTX",
                "elements": [
                    {
                        "type": "rich_text_section",
                        "elements": [
                            {
                                "type": "text",
                                "text": "Yes please do"
                            }
                        ]
                    }
                ]
            }
        ]
    },
    {
        "client_msg_id": "4f464f22-351e-401d-bffa-ffb93b63de8b",
        "type": "message",
        "text": "Oh good point",
        "user": "U010DDZ3FJR",
        "ts": "1602622520.013000",
        "team": "TCR2U6UEM",
        "user_team": "TCR2U6UEM",
        "source_team": "TCR2U6UEM",
        "user_profile": {
            "avatar_hash": "fda0a36a8605",
            "image_72": "https:\/\/avatars.slack-edge.com\/2020-09-18\/1386993799393_fda0a36a86053c692b20_72.jpg",
            "first_name": "Luke",
            "real_name": "Luke Aschenbrenner",
            "display_name": "Luke Aschenbrenner",
            "team": "TCR2U6UEM",
            "name": "ashbren21",
            "is_restricted": false,
            "is_ultra_restricted": false
        },
        "blocks": [
            {
                "type": "rich_text",
                "block_id": "8XP",
                "elements": [
                    {
                        "type": "rich_text_section",
                        "elements": [
                            {
                                "type": "text",
                                "text": "Oh good point"
                            }
                        ]
                    }
                ]
            }
        ]
    },
    {
        "client_msg_id": "0b85de81-3244-4e22-b5d5-1c0fa946cfe6",
        "type": "message",
        "text": "<@U018X7N6MMG> any luck?",
        "user": "U010DDZ3FJR",
        "ts": "1602622524.013300",
        "team": "TCR2U6UEM",
        "user_team": "TCR2U6UEM",
        "source_team": "TCR2U6UEM",
        "user_profile": {
            "avatar_hash": "fda0a36a8605",
            "image_72": "https:\/\/avatars.slack-edge.com\/2020-09-18\/1386993799393_fda0a36a86053c692b20_72.jpg",
            "first_name": "Luke",
            "real_name": "Luke Aschenbrenner",
            "display_name": "Luke Aschenbrenner",
            "team": "TCR2U6UEM",
            "name": "ashbren21",
            "is_restricted": false,
            "is_ultra_restricted": false
        },
        "blocks": [
            {
                "type": "rich_text",
                "block_id": "pmT",
                "elements": [
                    {
                        "type": "rich_text_section",
                        "elements": [
                            {
                                "type": "user",
                                "user_id": "U018X7N6MMG"
                            },
                            {
                                "type": "text",
                                "text": " any luck?"
                            }
                        ]
                    }
                ]
            }
        ]
    },
    {
        "client_msg_id": "7cca80e8-59ad-4796-b3f2-72704e507de3",
        "type": "message",
        "text": "in class",
        "user": "U018X7N6MMG",
        "ts": "1602622529.013500",
        "team": "TCR2U6UEM",
        "user_team": "TCR2U6UEM",
        "source_team": "TCR2U6UEM",
        "user_profile": {
            "avatar_hash": "ba89825d3b7b",
            "image_72": "https:\/\/avatars.slack-edge.com\/2020-09-11\/1355949232709_ba89825d3b7bcf995dc9_72.png",
            "first_name": "Keith",
            "real_name": "Keith Friestad",
            "display_name": "",
            "team": "TCR2U6UEM",
            "name": "keith.friestad",
            "is_restricted": false,
            "is_ultra_restricted": false
        },
        "blocks": [
            {
                "type": "rich_text",
                "block_id": "EzR",
                "elements": [
                    {
                        "type": "rich_text_section",
                        "elements": [
                            {
                                "type": "text",
                                "text": "in class"
                            }
                        ]
                    }
                ]
            }
        ]
    },
    {
        "client_msg_id": "75f0c9a9-3fe4-43e4-997f-728ef73831ed",
        "type": "message",
        "text": "havent started",
        "user": "U018X7N6MMG",
        "ts": "1602622534.013800",
        "team": "TCR2U6UEM",
        "user_team": "TCR2U6UEM",
        "source_team": "TCR2U6UEM",
        "user_profile": {
            "avatar_hash": "ba89825d3b7b",
            "image_72": "https:\/\/avatars.slack-edge.com\/2020-09-11\/1355949232709_ba89825d3b7bcf995dc9_72.png",
            "first_name": "Keith",
            "real_name": "Keith Friestad",
            "display_name": "",
            "team": "TCR2U6UEM",
            "name": "keith.friestad",
            "is_restricted": false,
            "is_ultra_restricted": false
        },
        "blocks": [
            {
                "type": "rich_text",
                "block_id": "4p\/D",
                "elements": [
                    {
                        "type": "rich_text_section",
                        "elements": [
                            {
                                "type": "text",
                                "text": "havent started"
                            }
                        ]
                    }
                ]
            }
        ]
    },
    {
        "client_msg_id": "4be0c299-c282-452d-8c5c-8eeea589ea8f",
        "type": "message",
        "text": "Ah got it",
        "user": "U010DDZ3FJR",
        "ts": "1602622535.013900",
        "team": "TCR2U6UEM",
        "user_team": "TCR2U6UEM",
        "source_team": "TCR2U6UEM",
        "user_profile": {
            "avatar_hash": "fda0a36a8605",
            "image_72": "https:\/\/avatars.slack-edge.com\/2020-09-18\/1386993799393_fda0a36a86053c692b20_72.jpg",
            "first_name": "Luke",
            "real_name": "Luke Aschenbrenner",
            "display_name": "Luke Aschenbrenner",
            "team": "TCR2U6UEM",
            "name": "ashbren21",
            "is_restricted": false,
            "is_ultra_restricted": false
        },
        "blocks": [
            {
                "type": "rich_text",
                "block_id": "3=Z",
                "elements": [
                    {
                        "type": "rich_text_section",
                        "elements": [
                            {
                                "type": "text",
                                "text": "Ah got it"
                            }
                        ]
                    }
                ]
            }
        ]
    },
    {
        "client_msg_id": "e0c1fe61-1988-4c49-afe9-903b3e4d5242",
        "type": "message",
        "text": "Keith will probably send it in a few minutes",
        "user": "U010DDZ3FJR",
        "ts": "1602622566.014300",
        "team": "TCR2U6UEM",
        "user_team": "TCR2U6UEM",
        "source_team": "TCR2U6UEM",
        "user_profile": {
            "avatar_hash": "fda0a36a8605",
            "image_72": "https:\/\/avatars.slack-edge.com\/2020-09-18\/1386993799393_fda0a36a86053c692b20_72.jpg",
            "first_name": "Luke",
            "real_name": "Luke Aschenbrenner",
            "display_name": "Luke Aschenbrenner",
            "team": "TCR2U6UEM",
            "name": "ashbren21",
            "is_restricted": false,
            "is_ultra_restricted": false
        },
        "blocks": [
            {
                "type": "rich_text",
                "block_id": "dR7",
                "elements": [
                    {
                        "type": "rich_text_section",
                        "elements": [
                            {
                                "type": "text",
                                "text": "Keith will probably send it in a few minutes"
                            }
                        ]
                    }
                ]
            }
        ],
        "thread_ts": "1602622512.012700",
        "parent_user_id": "U01ADEF18N6"
    },
    {
        "client_msg_id": "e66858e4-2ea8-4d24-a1ea-876091b9191d",
        "type": "message",
        "text": "<https:\/\/iowacityschools-org.zoom.us\/j\/99298044141?pwd=ZEdrWWRPcHNLR1V4WFNkZVVjWFJzQT09>",
        "user": "U018X7N6MMG",
        "ts": "1602622811.014600",
        "team": "TCR2U6UEM",
        "user_team": "TCR2U6UEM",
        "source_team": "TCR2U6UEM",
        "user_profile": {
            "avatar_hash": "ba89825d3b7b",
            "image_72": "https:\/\/avatars.slack-edge.com\/2020-09-11\/1355949232709_ba89825d3b7bcf995dc9_72.png",
            "first_name": "Keith",
            "real_name": "Keith Friestad",
            "display_name": "",
            "team": "TCR2U6UEM",
            "name": "keith.friestad",
            "is_restricted": false,
            "is_ultra_restricted": false
        },
        "blocks": [
            {
                "type": "rich_text",
                "block_id": "fLf",
                "elements": [
                    {
                        "type": "rich_text_section",
                        "elements": [
                            {
                                "type": "link",
                                "url": "https:\/\/iowacityschools-org.zoom.us\/j\/99298044141?pwd=ZEdrWWRPcHNLR1V4WFNkZVVjWFJzQT09"
                            }
                        ]
                    }
                ]
            }
        ]
    },
    {
        "client_msg_id": "65a38421-30a7-4fbc-8512-414262d71204",
        "type": "message",
        "text": "LUUUUUKE",
        "user": "U018X7N6MMG",
        "ts": "1602622828.014900",
        "team": "TCR2U6UEM",
        "user_team": "TCR2U6UEM",
        "source_team": "TCR2U6UEM",
        "user_profile": {
            "avatar_hash": "ba89825d3b7b",
            "image_72": "https:\/\/avatars.slack-edge.com\/2020-09-11\/1355949232709_ba89825d3b7bcf995dc9_72.png",
            "first_name": "Keith",
            "real_name": "Keith Friestad",
            "display_name": "",
            "team": "TCR2U6UEM",
            "name": "keith.friestad",
            "is_restricted": false,
            "is_ultra_restricted": false
        },
        "blocks": [
            {
                "type": "rich_text",
                "block_id": "a4vS",
                "elements": [
                    {
                        "type": "rich_text_section",
                        "elements": [
                            {
                                "type": "text",
                                "text": "LUUUUUKE"
                            }
                        ]
                    }
                ]
            }
        ]
    },
    {
        "client_msg_id": "c30c1e8e-8437-47c6-8d48-4b4071689608",
        "type": "message",
        "text": "<@U010DDZ3FJR>",
        "user": "U018X7N6MMG",
        "ts": "1602622843.015100",
        "team": "TCR2U6UEM",
        "user_team": "TCR2U6UEM",
        "source_team": "TCR2U6UEM",
        "user_profile": {
            "avatar_hash": "ba89825d3b7b",
            "image_72": "https:\/\/avatars.slack-edge.com\/2020-09-11\/1355949232709_ba89825d3b7bcf995dc9_72.png",
            "first_name": "Keith",
            "real_name": "Keith Friestad",
            "display_name": "",
            "team": "TCR2U6UEM",
            "name": "keith.friestad",
            "is_restricted": false,
            "is_ultra_restricted": false
        },
        "blocks": [
            {
                "type": "rich_text",
                "block_id": "yaf",
                "elements": [
                    {
                        "type": "rich_text_section",
                        "elements": [
                            {
                                "type": "user",
                                "user_id": "U010DDZ3FJR"
                            }
                        ]
                    }
                ]
            }
        ]
    },
    {
        "client_msg_id": "b3dd6efe-de81-429d-b6a1-71c092bfe199",
        "type": "message",
        "text": "Hi. Do I need to lock the trailer today when I leave? I am scooting out between conferences around 4:30 or 4:45",
        "user": "U018XDQ8DBM",
        "ts": "1602622926.015800",
        "team": "TCR2U6UEM",
        "user_team": "TCR2U6UEM",
        "source_team": "TCR2U6UEM",
        "user_profile": {
            "avatar_hash": "1704adb271e0",
            "image_72": "https:\/\/avatars.slack-edge.com\/2020-08-17\/1298740600854_1704adb271e0def2c769_72.png",
            "first_name": "Christine",
            "real_name": "Christine Mons",
            "display_name": "Mrs. Mons",
            "team": "TCR2U6UEM",
            "name": "mons.christine",
            "is_restricted": false,
            "is_ultra_restricted": false
        },
        "blocks": [
            {
                "type": "rich_text",
                "block_id": "ZHR2",
                "elements": [
                    {
                        "type": "rich_text_section",
                        "elements": [
                            {
                                "type": "text",
                                "text": "Hi. Do I need to lock the trailer today when I leave? I am scooting out between conferences around 4:30 or 4:45"
                            }
                        ]
                    }
                ]
            }
        ]
    },
    {
        "client_msg_id": "246aaad5-e67e-4e1a-a35c-dd61717aee16",
        "type": "message",
        "text": "The side door is unlocked",
        "user": "U010DDZ3FJR",
        "ts": "1602622942.016500",
        "team": "TCR2U6UEM",
        "user_team": "TCR2U6UEM",
        "source_team": "TCR2U6UEM",
        "user_profile": {
            "avatar_hash": "fda0a36a8605",
            "image_72": "https:\/\/avatars.slack-edge.com\/2020-09-18\/1386993799393_fda0a36a86053c692b20_72.jpg",
            "first_name": "Luke",
            "real_name": "Luke Aschenbrenner",
            "display_name": "Luke Aschenbrenner",
            "team": "TCR2U6UEM",
            "name": "ashbren21",
            "is_restricted": false,
            "is_ultra_restricted": false
        },
        "blocks": [
            {
                "type": "rich_text",
                "block_id": "f3+hH",
                "elements": [
                    {
                        "type": "rich_text_section",
                        "elements": [
                            {
                                "type": "text",
                                "text": "The side door is unlocked"
                            }
                        ]
                    }
                ]
            }
        ]
    },
    {
        "client_msg_id": "a8e616a2-03d4-42a5-b86a-97daa8d0f300",
        "type": "message",
        "text": "That would probably be a good idea",
        "user": "U016G7WR3KJ",
        "ts": "1602622949.017000",
        "team": "TCR2U6UEM",
        "user_team": "TCR2U6UEM",
        "source_team": "TCR2U6UEM",
        "user_profile": {
            "avatar_hash": "bbe6b64d1e6f",
            "image_72": "https:\/\/avatars.slack-edge.com\/2020-09-12\/1359637227778_bbe6b64d1e6f191982dd_72.jpg",
            "first_name": "Robbie",
            "real_name": "Robbie Thibodeau",
            "display_name": "Robbie Thibodeau",
            "team": "TCR2U6UEM",
            "name": "rgtthibodeau",
            "is_restricted": false,
            "is_ultra_restricted": false
        },
        "blocks": [
            {
                "type": "rich_text",
                "block_id": "+gYNm",
                "elements": [
                    {
                        "type": "rich_text_section",
                        "elements": [
                            {
                                "type": "text",
                                "text": "That would probably be a good idea"
                            }
                        ]
                    }
                ]
            }
        ]
    },
    {
        "client_msg_id": "33bda132-6b30-44d0-9714-ce39a704657c",
        "type": "message",
        "text": "Ok. I will lock it on my way out.",
        "user": "U018XDQ8DBM",
        "ts": "1602622955.017400",
        "team": "TCR2U6UEM",
        "user_team": "TCR2U6UEM",
        "source_team": "TCR2U6UEM",
        "user_profile": {
            "avatar_hash": "1704adb271e0",
            "image_72": "https:\/\/avatars.slack-edge.com\/2020-08-17\/1298740600854_1704adb271e0def2c769_72.png",
            "first_name": "Christine",
            "real_name": "Christine Mons",
            "display_name": "Mrs. Mons",
            "team": "TCR2U6UEM",
            "name": "mons.christine",
            "is_restricted": false,
            "is_ultra_restricted": false
        },
        "blocks": [
            {
                "type": "rich_text",
                "block_id": "Z+7",
                "elements": [
                    {
                        "type": "rich_text_section",
                        "elements": [
                            {
                                "type": "text",
                                "text": "Ok. I will lock it on my way out."
                            }
                        ]
                    }
                ]
            }
        ]
    },
    {
        "client_msg_id": "6125F3A9-BD2A-45E0-878E-69747C0FA682",
        "type": "message",
        "text": "Hey guys I can’t make it to the meeting today my brain is being slow and stupid ",
        "user": "U018QFKN44W",
        "ts": "1602622972.017900",
        "team": "TCR2U6UEM",
        "user_team": "TCR2U6UEM",
        "source_team": "TCR2U6UEM",
        "user_profile": {
            "avatar_hash": "032f80dfd458",
            "image_72": "https:\/\/avatars.slack-edge.com\/2020-09-11\/1371096170705_032f80dfd458ccdaccbe_72.png",
            "first_name": "Cecilia",
            "real_name": "Cecilia Clark",
            "display_name": "Ceci",
            "team": "TCR2U6UEM",
            "name": "cecla22",
            "is_restricted": false,
            "is_ultra_restricted": false
        },
        "blocks": [
            {
                "type": "rich_text",
                "block_id": "oNM",
                "elements": [
                    {
                        "type": "rich_text_section",
                        "elements": [
                            {
                                "type": "text",
                                "text": "Hey guys I can’t make it to the meeting today my brain is being slow and stupid "
                            }
                        ]
                    }
                ]
            }
        ]
    },
    {
        "client_msg_id": "9322fe98-254a-431e-bd0a-c1113c2cc4d1",
        "type": "message",
        "text": "Ok",
        "user": "U016G7WR3KJ",
        "ts": "1602622976.018100",
        "team": "TCR2U6UEM",
        "user_team": "TCR2U6UEM",
        "source_team": "TCR2U6UEM",
        "user_profile": {
            "avatar_hash": "bbe6b64d1e6f",
            "image_72": "https:\/\/avatars.slack-edge.com\/2020-09-12\/1359637227778_bbe6b64d1e6f191982dd_72.jpg",
            "first_name": "Robbie",
            "real_name": "Robbie Thibodeau",
            "display_name": "Robbie Thibodeau",
            "team": "TCR2U6UEM",
            "name": "rgtthibodeau",
            "is_restricted": false,
            "is_ultra_restricted": false
        },
        "blocks": [
            {
                "type": "rich_text",
                "block_id": "mqG",
                "elements": [
                    {
                        "type": "rich_text_section",
                        "elements": [
                            {
                                "type": "text",
                                "text": "Ok"
                            }
                        ]
                    }
                ]
            }
        ]
    },
    {
        "client_msg_id": "531fab71-5e23-421c-b677-89f59608fb5b",
        "type": "message",
        "text": "Hey same ceci",
        "user": "U0193D42LHJ",
        "ts": "1602622994.018300",
        "team": "TCR2U6UEM",
        "user_team": "TCR2U6UEM",
        "source_team": "TCR2U6UEM",
        "user_profile": {
            "avatar_hash": "ac92a4993882",
            "image_72": "https:\/\/avatars.slack-edge.com\/2020-09-18\/1380577414884_ac92a4993882a5db4876_72.png",
            "first_name": "Elliot",
            "real_name": "Elliot Schmidt",
            "display_name": "Elliot",
            "team": "TCR2U6UEM",
            "name": "elliotschmidt2002",
            "is_restricted": false,
            "is_ultra_restricted": false
        },
        "blocks": [
            {
                "type": "rich_text",
                "block_id": "JqJv",
                "elements": [
                    {
                        "type": "rich_text_section",
                        "elements": [
                            {
                                "type": "text",
                                "text": "Hey same ceci"
                            }
                        ]
                    }
                ]
            }
        ]
    },
    {
        "client_msg_id": "bc7c4c69-2658-47ac-888e-6757a252fca4",
        "type": "message",
        "text": "Is there a code for the zoom meeting",
        "user": "U016G7WR3KJ",
        "ts": "1602623037.018900",
        "team": "TCR2U6UEM",
        "user_team": "TCR2U6UEM",
        "source_team": "TCR2U6UEM",
        "user_profile": {
            "avatar_hash": "bbe6b64d1e6f",
            "image_72": "https:\/\/avatars.slack-edge.com\/2020-09-12\/1359637227778_bbe6b64d1e6f191982dd_72.jpg",
            "first_name": "Robbie",
            "real_name": "Robbie Thibodeau",
            "display_name": "Robbie Thibodeau",
            "team": "TCR2U6UEM",
            "name": "rgtthibodeau",
            "is_restricted": false,
            "is_ultra_restricted": false
        },
        "blocks": [
            {
                "type": "rich_text",
                "block_id": "XoDU",
                "elements": [
                    {
                        "type": "rich_text_section",
                        "elements": [
                            {
                                "type": "text",
                                "text": "Is there a code for the zoom meeting"
                            }
                        ]
                    }
                ]
            }
        ]
    },
    {
        "client_msg_id": "564dd47e-fb26-4288-b8d6-722ac464e3c8",
        "type": "message",
        "text": "Nevermind",
        "user": "U016G7WR3KJ",
        "ts": "1602623046.019200",
        "team": "TCR2U6UEM",
        "user_team": "TCR2U6UEM",
        "source_team": "TCR2U6UEM",
        "user_profile": {
            "avatar_hash": "bbe6b64d1e6f",
            "image_72": "https:\/\/avatars.slack-edge.com\/2020-09-12\/1359637227778_bbe6b64d1e6f191982dd_72.jpg",
            "first_name": "Robbie",
            "real_name": "Robbie Thibodeau",
            "display_name": "Robbie Thibodeau",
            "team": "TCR2U6UEM",
            "name": "rgtthibodeau",
            "is_restricted": false,
            "is_ultra_restricted": false
        },
        "blocks": [
            {
                "type": "rich_text",
                "block_id": "ifP6m",
                "elements": [
                    {
                        "type": "rich_text_section",
                        "elements": [
                            {
                                "type": "text",
                                "text": "Nevermind"
                            }
                        ]
                    }
                ]
            }
        ]
    },
    {
        "client_msg_id": "e1dd6614-4c29-4716-9264-b899c3ed30a5",
        "type": "message",
        "text": "Yes",
        "user": "U010DDZ3FJR",
        "ts": "1602623046.019400",
        "team": "TCR2U6UEM",
        "user_team": "TCR2U6UEM",
        "source_team": "TCR2U6UEM",
        "user_profile": {
            "avatar_hash": "fda0a36a8605",
            "image_72": "https:\/\/avatars.slack-edge.com\/2020-09-18\/1386993799393_fda0a36a86053c692b20_72.jpg",
            "first_name": "Luke",
            "real_name": "Luke Aschenbrenner",
            "display_name": "Luke Aschenbrenner",
            "team": "TCR2U6UEM",
            "name": "ashbren21",
            "is_restricted": false,
            "is_ultra_restricted": false
        },
        "blocks": [
            {
                "type": "rich_text",
                "block_id": "ZMD",
                "elements": [
                    {
                        "type": "rich_text_section",
                        "elements": [
                            {
                                "type": "text",
                                "text": "Yes"
                            }
                        ]
                    }
                ]
            }
        ]
    },
    {
        "client_msg_id": "2060d543-5d02-4d52-908e-6ac3a6214c45",
        "type": "message",
        "text": "Let me in",
        "user": "U016G7WR3KJ",
        "ts": "1602623164.019700",
        "team": "TCR2U6UEM",
        "user_team": "TCR2U6UEM",
        "source_team": "TCR2U6UEM",
        "user_profile": {
            "avatar_hash": "bbe6b64d1e6f",
            "image_72": "https:\/\/avatars.slack-edge.com\/2020-09-12\/1359637227778_bbe6b64d1e6f191982dd_72.jpg",
            "first_name": "Robbie",
            "real_name": "Robbie Thibodeau",
            "display_name": "Robbie Thibodeau",
            "team": "TCR2U6UEM",
            "name": "rgtthibodeau",
            "is_restricted": false,
            "is_ultra_restricted": false
        },
        "blocks": [
            {
                "type": "rich_text",
                "block_id": "x1dQi",
                "elements": [
                    {
                        "type": "rich_text_section",
                        "elements": [
                            {
                                "type": "text",
                                "text": "Let me in"
                            }
                        ]
                    }
                ]
            }
        ]
    },
    {
        "client_msg_id": "eda95e73-dc6e-40bb-9d77-8e10a0a65150",
        "type": "message",
        "text": "No",
        "user": "U0193D42LHJ",
        "ts": "1602623172.020000",
        "team": "TCR2U6UEM",
        "user_team": "TCR2U6UEM",
        "source_team": "TCR2U6UEM",
        "user_profile": {
            "avatar_hash": "ac92a4993882",
            "image_72": "https:\/\/avatars.slack-edge.com\/2020-09-18\/1380577414884_ac92a4993882a5db4876_72.png",
            "first_name": "Elliot",
            "real_name": "Elliot Schmidt",
            "display_name": "Elliot",
            "team": "TCR2U6UEM",
            "name": "elliotschmidt2002",
            "is_restricted": false,
            "is_ultra_restricted": false
        },
        "blocks": [
            {
                "type": "rich_text",
                "block_id": "dZg",
                "elements": [
                    {
                        "type": "rich_text_section",
                        "elements": [
                            {
                                "type": "text",
                                "text": "No"
                            }
                        ]
                    }
                ]
            }
        ]
    },
    {
        "client_msg_id": "3cadf803-6e11-48b4-8826-8f4edf06f741",
        "type": "message",
        "text": "I'm I  the waiting room",
        "user": "U016G7WR3KJ",
        "ts": "1602623175.020200",
        "team": "TCR2U6UEM",
        "user_team": "TCR2U6UEM",
        "source_team": "TCR2U6UEM",
        "user_profile": {
            "avatar_hash": "bbe6b64d1e6f",
            "image_72": "https:\/\/avatars.slack-edge.com\/2020-09-12\/1359637227778_bbe6b64d1e6f191982dd_72.jpg",
            "first_name": "Robbie",
            "real_name": "Robbie Thibodeau",
            "display_name": "Robbie Thibodeau",
            "team": "TCR2U6UEM",
            "name": "rgtthibodeau",
            "is_restricted": false,
            "is_ultra_restricted": false
        },
        "blocks": [
            {
                "type": "rich_text",
                "block_id": "AeVv9",
                "elements": [
                    {
                        "type": "rich_text_section",
                        "elements": [
                            {
                                "type": "text",
                                "text": "I'm I  the waiting room"
                            }
                        ]
                    }
                ]
            }
        ]
    },
    {
        "client_msg_id": "790c699d-ff26-4508-9c05-80c6f8df1155",
        "type": "message",
        "text": "Oi",
        "user": "U018XDQ8DBM",
        "ts": "1602623202.020500",
        "team": "TCR2U6UEM",
        "user_team": "TCR2U6UEM",
        "source_team": "TCR2U6UEM",
        "user_profile": {
            "avatar_hash": "1704adb271e0",
            "image_72": "https:\/\/avatars.slack-edge.com\/2020-08-17\/1298740600854_1704adb271e0def2c769_72.png",
            "first_name": "Christine",
            "real_name": "Christine Mons",
            "display_name": "Mrs. Mons",
            "team": "TCR2U6UEM",
            "name": "mons.christine",
            "is_restricted": false,
            "is_ultra_restricted": false
        },
        "blocks": [
            {
                "type": "rich_text",
                "block_id": "J6MH",
                "elements": [
                    {
                        "type": "rich_text_section",
                        "elements": [
                            {
                                "type": "text",
                                "text": "Oi"
                            }
                        ]
                    }
                ]
            }
        ]
    },
    {
        "client_msg_id": "a63878ac-ab72-4510-bc7c-ae59d1006644",
        "type": "message",
        "text": "<https:\/\/iowacityschools-org.zoom.us\/j\/99298044141?pwd=ZEdrWWRPcHNLR1V4WFNkZVVjWFJzQT09>",
        "user": "U018X7N6MMG",
        "ts": "1602623477.020800",
        "team": "TCR2U6UEM",
        "user_team": "TCR2U6UEM",
        "source_team": "TCR2U6UEM",
        "user_profile": {
            "avatar_hash": "ba89825d3b7b",
            "image_72": "https:\/\/avatars.slack-edge.com\/2020-09-11\/1355949232709_ba89825d3b7bcf995dc9_72.png",
            "first_name": "Keith",
            "real_name": "Keith Friestad",
            "display_name": "",
            "team": "TCR2U6UEM",
            "name": "keith.friestad",
            "is_restricted": false,
            "is_ultra_restricted": false
        },
        "blocks": [
            {
                "type": "rich_text",
                "block_id": "QZEUO",
                "elements": [
                    {
                        "type": "rich_text_section",
                        "elements": [
                            {
                                "type": "link",
                                "url": "https:\/\/iowacityschools-org.zoom.us\/j\/99298044141?pwd=ZEdrWWRPcHNLR1V4WFNkZVVjWFJzQT09"
                            }
                        ]
                    }
                ]
            }
        ]
    },
    {
        "type": "message",
        "text": "also as far as attendance goes it's probably a good idea to \"\/jibble in\" in <#C0103TEGXCK>",
        "user": "U010DDZ3FJR",
        "ts": "1602623570.021000",
        "team": "TCR2U6UEM",
        "user_team": "TCR2U6UEM",
        "source_team": "TCR2U6UEM",
        "user_profile": {
            "avatar_hash": "fda0a36a8605",
            "image_72": "https:\/\/avatars.slack-edge.com\/2020-09-18\/1386993799393_fda0a36a86053c692b20_72.jpg",
            "first_name": "Luke",
            "real_name": "Luke Aschenbrenner",
            "display_name": "Luke Aschenbrenner",
            "team": "TCR2U6UEM",
            "name": "ashbren21",
            "is_restricted": false,
            "is_ultra_restricted": false
        }
    },
    {
        "client_msg_id": "d15ad909-e6e5-4de6-a0b7-109f8cd1d56e",
        "type": "message",
        "text": "Ok",
        "user": "U016G7WR3KJ",
        "ts": "1602623595.021200",
        "team": "TCR2U6UEM",
        "user_team": "TCR2U6UEM",
        "source_team": "TCR2U6UEM",
        "user_profile": {
            "avatar_hash": "bbe6b64d1e6f",
            "image_72": "https:\/\/avatars.slack-edge.com\/2020-09-12\/1359637227778_bbe6b64d1e6f191982dd_72.jpg",
            "first_name": "Robbie",
            "real_name": "Robbie Thibodeau",
            "display_name": "Robbie Thibodeau",
            "team": "TCR2U6UEM",
            "name": "rgtthibodeau",
            "is_restricted": false,
            "is_ultra_restricted": false
        },
        "blocks": [
            {
                "type": "rich_text",
                "block_id": "O53U",
                "elements": [
                    {
                        "type": "rich_text_section",
                        "elements": [
                            {
                                "type": "text",
                                "text": "Ok"
                            }
                        ]
                    }
                ]
            }
        ]
    },
    {
        "client_msg_id": "668b900b-4137-49e8-b41c-5ae645a0e34f",
        "type": "message",
        "text": "It didn't let me :(",
        "user": "U010FNPUQP8",
        "ts": "1602623609.021400",
        "team": "TCR2U6UEM",
        "user_team": "TCR2U6UEM",
        "source_team": "TCR2U6UEM",
        "user_profile": {
            "avatar_hash": "09e03a757dfc",
            "image_72": "https:\/\/avatars.slack-edge.com\/2020-10-16\/1427166742294_09e03a757dfcc5429a42_72.jpg",
            "first_name": "Fergie",
            "real_name": "Fergie",
            "display_name": "Fergie",
            "team": "TCR2U6UEM",
            "name": "fergusonward314",
            "is_restricted": false,
            "is_ultra_restricted": false
        },
        "blocks": [
            {
                "type": "rich_text",
                "block_id": "3\/yn",
                "elements": [
                    {
                        "type": "rich_text_section",
                        "elements": [
                            {
                                "type": "text",
                                "text": "It didn't let me :("
                            }
                        ]
                    }
                ]
            }
        ]
    },
    {
        "type": "message",
        "text": "I have to accept new users",
        "user": "U010DDZ3FJR",
        "ts": "1602623617.021500",
        "team": "TCR2U6UEM",
        "user_team": "TCR2U6UEM",
        "source_team": "TCR2U6UEM",
        "user_profile": {
            "avatar_hash": "fda0a36a8605",
            "image_72": "https:\/\/avatars.slack-edge.com\/2020-09-18\/1386993799393_fda0a36a86053c692b20_72.jpg",
            "first_name": "Luke",
            "real_name": "Luke Aschenbrenner",
            "display_name": "Luke Aschenbrenner",
            "team": "TCR2U6UEM",
            "name": "ashbren21",
            "is_restricted": false,
            "is_ultra_restricted": false
        }
    },
    {
        "type": "message",
        "text": "one sec",
        "user": "U010DDZ3FJR",
        "ts": "1602623619.021600",
        "team": "TCR2U6UEM",
        "user_team": "TCR2U6UEM",
        "source_team": "TCR2U6UEM",
        "user_profile": {
            "avatar_hash": "fda0a36a8605",
            "image_72": "https:\/\/avatars.slack-edge.com\/2020-09-18\/1386993799393_fda0a36a86053c692b20_72.jpg",
            "first_name": "Luke",
            "real_name": "Luke Aschenbrenner",
            "display_name": "Luke Aschenbrenner",
            "team": "TCR2U6UEM",
            "name": "ashbren21",
            "is_restricted": false,
            "is_ultra_restricted": false
        }
    },
    {
        "type": "message",
        "text": "ok try now",
        "user": "U010DDZ3FJR",
        "ts": "1602623623.021700",
        "team": "TCR2U6UEM",
        "user_team": "TCR2U6UEM",
        "source_team": "TCR2U6UEM",
        "user_profile": {
            "avatar_hash": "fda0a36a8605",
            "image_72": "https:\/\/avatars.slack-edge.com\/2020-09-18\/1386993799393_fda0a36a86053c692b20_72.jpg",
            "first_name": "Luke",
            "real_name": "Luke Aschenbrenner",
            "display_name": "Luke Aschenbrenner",
            "team": "TCR2U6UEM",
            "name": "ashbren21",
            "is_restricted": false,
            "is_ultra_restricted": false
        }
    },
    {
        "type": "message",
        "text": "I'm in the waiting room",
        "user": "U010DDZ3FJR",
        "ts": "1602623694.021800",
        "team": "TCR2U6UEM",
        "user_team": "TCR2U6UEM",
        "source_team": "TCR2U6UEM",
        "user_profile": {
            "avatar_hash": "fda0a36a8605",
            "image_72": "https:\/\/avatars.slack-edge.com\/2020-09-18\/1386993799393_fda0a36a86053c692b20_72.jpg",
            "first_name": "Luke",
            "real_name": "Luke Aschenbrenner",
            "display_name": "Luke Aschenbrenner",
            "team": "TCR2U6UEM",
            "name": "ashbren21",
            "is_restricted": false,
            "is_ultra_restricted": false
        }
    },
    {
        "client_msg_id": "6588148e-081b-4dc7-9788-ca5b550730c4",
        "type": "message",
        "text": "Can someone tell robbie not to dm in the middle of meetings, thanks",
        "user": "U0193D42LHJ",
        "ts": "1602624912.022400",
        "team": "TCR2U6UEM",
        "user_team": "TCR2U6UEM",
        "source_team": "TCR2U6UEM",
        "user_profile": {
            "avatar_hash": "ac92a4993882",
            "image_72": "https:\/\/avatars.slack-edge.com\/2020-09-18\/1380577414884_ac92a4993882a5db4876_72.png",
            "first_name": "Elliot",
            "real_name": "Elliot Schmidt",
            "display_name": "Elliot",
            "team": "TCR2U6UEM",
            "name": "elliotschmidt2002",
            "is_restricted": false,
            "is_ultra_restricted": false
        },
        "blocks": [
            {
                "type": "rich_text",
                "block_id": "orPu",
                "elements": [
                    {
                        "type": "rich_text_section",
                        "elements": [
                            {
                                "type": "text",
                                "text": "Can someone tell robbie not to dm in the middle of meetings, thanks"
                            }
                        ]
                    }
                ]
            }
        ]
    },
    {
        "client_msg_id": "146776b7-965d-450e-8e1f-5db9f2eae251",
        "type": "message",
        "text": "What",
        "user": "U016G7WR3KJ",
        "ts": "1602624929.022600",
        "team": "TCR2U6UEM",
        "user_team": "TCR2U6UEM",
        "source_team": "TCR2U6UEM",
        "user_profile": {
            "avatar_hash": "bbe6b64d1e6f",
            "image_72": "https:\/\/avatars.slack-edge.com\/2020-09-12\/1359637227778_bbe6b64d1e6f191982dd_72.jpg",
            "first_name": "Robbie",
            "real_name": "Robbie Thibodeau",
            "display_name": "Robbie Thibodeau",
            "team": "TCR2U6UEM",
            "name": "rgtthibodeau",
            "is_restricted": false,
            "is_ultra_restricted": false
        },
        "blocks": [
            {
                "type": "rich_text",
                "block_id": "\/zE",
                "elements": [
                    {
                        "type": "rich_text_section",
                        "elements": [
                            {
                                "type": "text",
                                "text": "What"
                            }
                        ]
                    }
                ]
            }
        ]
    },
    {
        "client_msg_id": "022fc0f7-94c1-40de-a21e-74072afcbe24",
        "type": "message",
        "text": "<https:\/\/iowacityschools-org.zoom.us\/j\/97726606215?pwd=aWFLWlJreGtaLy80WEpKK3lvR3FXUT09>",
        "user": "U018X7N6MMG",
        "ts": "1602625632.022800",
        "team": "TCR2U6UEM",
        "user_team": "TCR2U6UEM",
        "source_team": "TCR2U6UEM",
        "user_profile": {
            "avatar_hash": "ba89825d3b7b",
            "image_72": "https:\/\/avatars.slack-edge.com\/2020-09-11\/1355949232709_ba89825d3b7bcf995dc9_72.png",
            "first_name": "Keith",
            "real_name": "Keith Friestad",
            "display_name": "",
            "team": "TCR2U6UEM",
            "name": "keith.friestad",
            "is_restricted": false,
            "is_ultra_restricted": false
        },
        "blocks": [
            {
                "type": "rich_text",
                "block_id": "fNfS",
                "elements": [
                    {
                        "type": "rich_text_section",
                        "elements": [
                            {
                                "type": "link",
                                "url": "https:\/\/iowacityschools-org.zoom.us\/j\/97726606215?pwd=aWFLWlJreGtaLy80WEpKK3lvR3FXUT09"
                            }
                        ]
                    }
                ]
            }
        ]
    },
    {
        "client_msg_id": "f07a9cde-da25-49b9-993e-27534695d590",
        "type": "message",
        "text": "My computer died can you let me in",
        "user": "U016G7WR3KJ",
        "ts": "1602626606.023300",
        "team": "TCR2U6UEM",
        "user_team": "TCR2U6UEM",
        "source_team": "TCR2U6UEM",
        "user_profile": {
            "avatar_hash": "bbe6b64d1e6f",
            "image_72": "https:\/\/avatars.slack-edge.com\/2020-09-12\/1359637227778_bbe6b64d1e6f191982dd_72.jpg",
            "first_name": "Robbie",
            "real_name": "Robbie Thibodeau",
            "display_name": "Robbie Thibodeau",
            "team": "TCR2U6UEM",
            "name": "rgtthibodeau",
            "is_restricted": false,
            "is_ultra_restricted": false
        },
        "blocks": [
            {
                "type": "rich_text",
                "block_id": "i66",
                "elements": [
                    {
                        "type": "rich_text_section",
                        "elements": [
                            {
                                "type": "text",
                                "text": "My computer died can you let me in"
                            }
                        ]
                    }
                ]
            }
        ],
        "reactions": [
            {
                "name": "egg",
                "users": [
                    "U010FNPUQP8",
                    "U018URES8KV",
                    "U0193D42LHJ",
                    "U010DDZ3FJR"
                ],
                "count": 4
            }
        ]
    },
    {
        "client_msg_id": "e81b4ff4-d336-4518-87e5-9d9b0bb8f9e1",
        "type": "message",
        "text": "Bruh don't egg me",
        "user": "U016G7WR3KJ",
        "ts": "1602626731.023800",
        "team": "TCR2U6UEM",
        "user_team": "TCR2U6UEM",
        "source_team": "TCR2U6UEM",
        "user_profile": {
            "avatar_hash": "bbe6b64d1e6f",
            "image_72": "https:\/\/avatars.slack-edge.com\/2020-09-12\/1359637227778_bbe6b64d1e6f191982dd_72.jpg",
            "first_name": "Robbie",
            "real_name": "Robbie Thibodeau",
            "display_name": "Robbie Thibodeau",
            "team": "TCR2U6UEM",
            "name": "rgtthibodeau",
            "is_restricted": false,
            "is_ultra_restricted": false
        },
        "blocks": [
            {
                "type": "rich_text",
                "block_id": "6xTt",
                "elements": [
                    {
                        "type": "rich_text_section",
                        "elements": [
                            {
                                "type": "text",
                                "text": "Bruh don't egg me"
                            }
                        ]
                    }
                ]
            }
        ]
    },
    {
        "client_msg_id": "f27d916e-d2fb-478a-902d-f7264e14fcd4",
        "type": "message",
        "text": "Don't per him in",
        "user": "U0193D42LHJ",
        "ts": "1602626742.024000",
        "team": "TCR2U6UEM",
        "user_team": "TCR2U6UEM",
        "source_team": "TCR2U6UEM",
        "user_profile": {
            "avatar_hash": "ac92a4993882",
            "image_72": "https:\/\/avatars.slack-edge.com\/2020-09-18\/1380577414884_ac92a4993882a5db4876_72.png",
            "first_name": "Elliot",
            "real_name": "Elliot Schmidt",
            "display_name": "Elliot",
            "team": "TCR2U6UEM",
            "name": "elliotschmidt2002",
            "is_restricted": false,
            "is_ultra_restricted": false
        },
        "blocks": [
            {
                "type": "rich_text",
                "block_id": "pCjJs",
                "elements": [
                    {
                        "type": "rich_text_section",
                        "elements": [
                            {
                                "type": "text",
                                "text": "Don't per him in"
                            }
                        ]
                    }
                ]
            }
        ]
    },
    {
        "client_msg_id": "5e153e2a-93eb-4f57-af40-e793ecd925c7",
        "type": "message",
        "text": "Let*",
        "user": "U0193D42LHJ",
        "ts": "1602626750.024300",
        "team": "TCR2U6UEM",
        "user_team": "TCR2U6UEM",
        "source_team": "TCR2U6UEM",
        "user_profile": {
            "avatar_hash": "ac92a4993882",
            "image_72": "https:\/\/avatars.slack-edge.com\/2020-09-18\/1380577414884_ac92a4993882a5db4876_72.png",
            "first_name": "Elliot",
            "real_name": "Elliot Schmidt",
            "display_name": "Elliot",
            "team": "TCR2U6UEM",
            "name": "elliotschmidt2002",
            "is_restricted": false,
            "is_ultra_restricted": false
        },
        "blocks": [
            {
                "type": "rich_text",
                "block_id": "clP",
                "elements": [
                    {
                        "type": "rich_text_section",
                        "elements": [
                            {
                                "type": "text",
                                "text": "Let*"
                            }
                        ]
                    }
                ]
            }
        ]
    },
    {
        "client_msg_id": "39c2d1fa-776b-433f-90e6-984ffb0db1c8",
        "type": "message",
        "text": "I admitted you",
        "user": "U018X7N6MMG",
        "ts": "1602626809.024600",
        "team": "TCR2U6UEM",
        "user_team": "TCR2U6UEM",
        "source_team": "TCR2U6UEM",
        "user_profile": {
            "avatar_hash": "ba89825d3b7b",
            "image_72": "https:\/\/avatars.slack-edge.com\/2020-09-11\/1355949232709_ba89825d3b7bcf995dc9_72.png",
            "first_name": "Keith",
            "real_name": "Keith Friestad",
            "display_name": "",
            "team": "TCR2U6UEM",
            "name": "keith.friestad",
            "is_restricted": false,
            "is_ultra_restricted": false
        },
        "blocks": [
            {
                "type": "rich_text",
                "block_id": "G3m\/",
                "elements": [
                    {
                        "type": "rich_text_section",
                        "elements": [
                            {
                                "type": "text",
                                "text": "I admitted you"
                            }
                        ]
                    }
                ]
            }
        ]
    },
    {
        "client_msg_id": "aa5f4049-0e7c-4f6f-9fce-163ac95aad92",
        "type": "message",
        "text": ":ice_hockey_stick_and_puck:",
        "user": "U010DDZ3FJR",
        "ts": "1602627126.025200",
        "team": "TCR2U6UEM",
        "user_team": "TCR2U6UEM",
        "source_team": "TCR2U6UEM",
        "user_profile": {
            "avatar_hash": "fda0a36a8605",
            "image_72": "https:\/\/avatars.slack-edge.com\/2020-09-18\/1386993799393_fda0a36a86053c692b20_72.jpg",
            "first_name": "Luke",
            "real_name": "Luke Aschenbrenner",
            "display_name": "Luke Aschenbrenner",
            "team": "TCR2U6UEM",
            "name": "ashbren21",
            "is_restricted": false,
            "is_ultra_restricted": false
        },
        "blocks": [
            {
                "type": "rich_text",
                "block_id": "fRoU+",
                "elements": [
                    {
                        "type": "rich_text_section",
                        "elements": [
                            {
                                "type": "emoji",
                                "name": "ice_hockey_stick_and_puck"
                            }
                        ]
                    }
                ]
            }
        ]
    },
    {
        "client_msg_id": "bda2c3b7-d42d-4a48-bcc7-d1da9794ddfd",
        "type": "message",
        "text": ":ice_hockey_stick_and_puck:",
        "user": "U018GF7AFJB",
        "ts": "1602627253.025300",
        "team": "TCR2U6UEM",
        "user_team": "TCR2U6UEM",
        "source_team": "TCR2U6UEM",
        "user_profile": {
            "avatar_hash": "c31861bbc361",
            "image_72": "https:\/\/avatars.slack-edge.com\/2020-08-16\/1316598132593_c31861bbc3618c961c77_72.jpg",
            "first_name": "",
            "real_name": "Nolan Vibhakar",
            "display_name": "Nolan Vibhakar",
            "team": "TCR2U6UEM",
            "name": "novib21",
            "is_restricted": false,
            "is_ultra_restricted": false
        },
        "blocks": [
            {
                "type": "rich_text",
                "block_id": "KVm0",
                "elements": [
                    {
                        "type": "rich_text_section",
                        "elements": [
                            {
                                "type": "emoji",
                                "name": "ice_hockey_stick_and_puck"
                            }
                        ]
                    }
                ]
            }
        ]
    }
]