[
    {
        "client_msg_id": "19c33d39-27e4-44c9-90a5-818a9643759a",
        "type": "message",
        "text": "Let me check with admin - if you folks want in, I can meet you there and let you in when it's gotten an okay from on high. Email me if you want to do this.",
        "user": "U018XDQ8DBM",
        "ts": "1597935148.000700",
        "team": "TCR2U6UEM",
        "user_team": "TCR2U6UEM",
        "source_team": "TCR2U6UEM",
        "user_profile": {
            "avatar_hash": "1704adb271e0",
            "image_72": "https:\/\/avatars.slack-edge.com\/2020-08-17\/1298740600854_1704adb271e0def2c769_72.png",
            "first_name": "Christine",
            "real_name": "Christine Mons",
            "display_name": "Mrs. Mons",
            "team": "TCR2U6UEM",
            "name": "mons.christine",
            "is_restricted": false,
            "is_ultra_restricted": false
        },
        "blocks": [
            {
                "type": "rich_text",
                "block_id": "lMX=C",
                "elements": [
                    {
                        "type": "rich_text_section",
                        "elements": [
                            {
                                "type": "text",
                                "text": "Let me check with admin - if you folks want in, I can meet you there and let you in when it's gotten an okay from on high. Email me if you want to do this."
                            }
                        ]
                    }
                ]
            }
        ]
    },
    {
        "client_msg_id": "fa841de6-f40b-4d83-98dd-21ab148826ea",
        "type": "message",
        "text": "Thanks for the email you sent out to Ellen, Wifi is going to be crucial for this year. As far as getting into the temp, thanks for the offer. I still have a couple things to work on that I wouldn't need any of our devices for, so maybe if it is ok to go in there we could do something next week.",
        "user": "U010DDZ3FJR",
        "ts": "1597937685.002100",
        "team": "TCR2U6UEM",
        "user_team": "TCR2U6UEM",
        "source_team": "TCR2U6UEM",
        "user_profile": {
            "avatar_hash": "fda0a36a8605",
            "image_72": "https:\/\/avatars.slack-edge.com\/2020-09-18\/1386993799393_fda0a36a86053c692b20_72.jpg",
            "first_name": "Luke",
            "real_name": "Luke Aschenbrenner",
            "display_name": "Luke Aschenbrenner",
            "team": "TCR2U6UEM",
            "name": "ashbren21",
            "is_restricted": false,
            "is_ultra_restricted": false
        },
        "blocks": [
            {
                "type": "rich_text",
                "block_id": "bMC",
                "elements": [
                    {
                        "type": "rich_text_section",
                        "elements": [
                            {
                                "type": "text",
                                "text": "Thanks for the email you sent out to Ellen, Wifi is going to be crucial for this year. As far as getting into the temp, thanks for the offer. I still have a couple things to work on that I wouldn't need any of our devices for, so maybe if it is ok to go in there we could do something next week."
                            }
                        ]
                    }
                ]
            }
        ]
    }
]