[
    {
        "client_msg_id": "60c90bc5-d4bd-456a-9ef0-0a7e6e80a38c",
        "type": "message",
        "text": "Hey team. Thanks for getting us organized!",
        "user": "U018XDQ8DBM",
        "ts": "1597680676.000100",
        "team": "TCR2U6UEM",
        "user_team": "TCR2U6UEM",
        "source_team": "TCR2U6UEM",
        "user_profile": {
            "avatar_hash": "1704adb271e0",
            "image_72": "https:\/\/avatars.slack-edge.com\/2020-08-17\/1298740600854_1704adb271e0def2c769_72.png",
            "first_name": "Christine",
            "real_name": "Christine Mons",
            "display_name": "Mrs. Mons",
            "team": "TCR2U6UEM",
            "name": "mons.christine",
            "is_restricted": false,
            "is_ultra_restricted": false
        },
        "blocks": [
            {
                "type": "rich_text",
                "block_id": "0k2Jm",
                "elements": [
                    {
                        "type": "rich_text_section",
                        "elements": [
                            {
                                "type": "text",
                                "text": "Hey team. Thanks for getting us organized!"
                            }
                        ]
                    }
                ]
            }
        ],
        "reactions": [
            {
                "name": "+1",
                "users": [
                    "U010DDZ3FJR",
                    "U0139LBQGRH",
                    "U0103BWEQSD"
                ],
                "count": 3
            }
        ]
    },
    {
        "type": "message",
        "text": "Just dropped by school today, looks like the temp was pretty beat up by the storm... I hope there isn't any water damage",
        "files": [
            {
                "id": "F018T0TRXD4",
                "created": 1597688194,
                "timestamp": 1597688194,
                "name": "VID_20200817_122813~2.mp4",
                "title": "VID_20200817_122813~2.mp4",
                "mimetype": "video\/mp4",
                "filetype": "mp4",
                "pretty_type": "MPEG 4 Video",
                "user": "U010DDZ3FJR",
                "editable": false,
                "size": 22698220,
                "mode": "hosted",
                "is_external": false,
                "external_type": "",
                "is_public": true,
                "public_url_shared": false,
                "display_as_bot": false,
                "username": "",
                "url_private": "https:\/\/files.slack.com\/files-pri\/TCR2U6UEM-F018T0TRXD4\/vid_20200817_122813_2.mp4?t=xoxe-433096232497-1684125439971-1696548615153-cd1d3d402b441a7d6039d167da7d37bd",
                "url_private_download": "https:\/\/files.slack.com\/files-pri\/TCR2U6UEM-F018T0TRXD4\/download\/vid_20200817_122813_2.mp4?t=xoxe-433096232497-1684125439971-1696548615153-cd1d3d402b441a7d6039d167da7d37bd",
                "thumb_video": "https:\/\/files.slack.com\/files-tmb\/TCR2U6UEM-F018T0TRXD4-49ab48538d\/vid_20200817_122813_2_thumb_video.jpeg?t=xoxe-433096232497-1684125439971-1696548615153-cd1d3d402b441a7d6039d167da7d37bd",
                "permalink": "https:\/\/rawbaconrobotics.slack.com\/files\/U010DDZ3FJR\/F018T0TRXD4\/vid_20200817_122813_2.mp4",
                "permalink_public": "https:\/\/slack-files.com\/TCR2U6UEM-F018T0TRXD4-58243d16f1",
                "is_starred": false,
                "has_rich_preview": false
            }
        ],
        "upload": true,
        "blocks": [
            {
                "type": "rich_text",
                "block_id": "MJQ",
                "elements": [
                    {
                        "type": "rich_text_section",
                        "elements": [
                            {
                                "type": "text",
                                "text": "Just dropped by school today, looks like the temp was pretty beat up by the storm... I hope there isn't any water damage"
                            }
                        ]
                    }
                ]
            }
        ],
        "user": "U010DDZ3FJR",
        "display_as_bot": false,
        "ts": "1597688207.001200",
        "client_msg_id": "bbfb9ef7-d0d2-4a5b-b642-637909da954a"
    },
    {
        "client_msg_id": "84e63f01-a23d-4656-b167-7c620e108640",
        "type": "message",
        "text": "Looks like it's mostly just siding damage, which does need to be fixed but isn't a huge deal, can't tell from the video but did the roof look damaged?",
        "user": "U0193D42LHJ",
        "ts": "1597692476.001200",
        "team": "TCR2U6UEM",
        "user_team": "TCR2U6UEM",
        "source_team": "TCR2U6UEM",
        "user_profile": {
            "avatar_hash": "ac92a4993882",
            "image_72": "https:\/\/avatars.slack-edge.com\/2020-09-18\/1380577414884_ac92a4993882a5db4876_72.png",
            "first_name": "Elliot",
            "real_name": "Elliot Schmidt",
            "display_name": "Elliot",
            "team": "TCR2U6UEM",
            "name": "elliotschmidt2002",
            "is_restricted": false,
            "is_ultra_restricted": false
        },
        "blocks": [
            {
                "type": "rich_text",
                "block_id": "gmN",
                "elements": [
                    {
                        "type": "rich_text_section",
                        "elements": [
                            {
                                "type": "text",
                                "text": "Looks like it's mostly just siding damage, which does need to be fixed but isn't a huge deal, can't tell from the video but did the roof look damaged?"
                            }
                        ]
                    }
                ]
            }
        ]
    },
    {
        "client_msg_id": "adb082f4-bdf8-4bea-a29d-97c973798239",
        "type": "message",
        "text": "The ends and top had a few shingles ripped off but it was intact for the most part",
        "user": "U010DDZ3FJR",
        "ts": "1597693386.000700",
        "team": "TCR2U6UEM",
        "user_team": "TCR2U6UEM",
        "source_team": "TCR2U6UEM",
        "user_profile": {
            "avatar_hash": "fda0a36a8605",
            "image_72": "https:\/\/avatars.slack-edge.com\/2020-09-18\/1386993799393_fda0a36a86053c692b20_72.jpg",
            "first_name": "Luke",
            "real_name": "Luke Aschenbrenner",
            "display_name": "Luke Aschenbrenner",
            "team": "TCR2U6UEM",
            "name": "ashbren21",
            "is_restricted": false,
            "is_ultra_restricted": false
        },
        "blocks": [
            {
                "type": "rich_text",
                "block_id": "zzl7",
                "elements": [
                    {
                        "type": "rich_text_section",
                        "elements": [
                            {
                                "type": "text",
                                "text": "The ends and top had a few shingles ripped off but it was intact for the most part"
                            }
                        ]
                    }
                ]
            }
        ]
    },
    {
        "client_msg_id": "910fad8b-3bf6-418f-922c-a87c9a872896",
        "type": "message",
        "text": "We're probably fine then",
        "user": "U0193D42LHJ",
        "ts": "1597693408.001500",
        "team": "TCR2U6UEM",
        "user_team": "TCR2U6UEM",
        "source_team": "TCR2U6UEM",
        "user_profile": {
            "avatar_hash": "ac92a4993882",
            "image_72": "https:\/\/avatars.slack-edge.com\/2020-09-18\/1380577414884_ac92a4993882a5db4876_72.png",
            "first_name": "Elliot",
            "real_name": "Elliot Schmidt",
            "display_name": "Elliot",
            "team": "TCR2U6UEM",
            "name": "elliotschmidt2002",
            "is_restricted": false,
            "is_ultra_restricted": false
        },
        "blocks": [
            {
                "type": "rich_text",
                "block_id": "B1TkD",
                "elements": [
                    {
                        "type": "rich_text_section",
                        "elements": [
                            {
                                "type": "text",
                                "text": "We're probably fine then"
                            }
                        ]
                    }
                ]
            }
        ]
    },
    {
        "client_msg_id": "c7cceae0-5aed-40f4-ab37-26903af3c915",
        "type": "message",
        "text": "Alright that's good",
        "user": "U010DDZ3FJR",
        "ts": "1597693418.001800",
        "team": "TCR2U6UEM",
        "user_team": "TCR2U6UEM",
        "source_team": "TCR2U6UEM",
        "user_profile": {
            "avatar_hash": "fda0a36a8605",
            "image_72": "https:\/\/avatars.slack-edge.com\/2020-09-18\/1386993799393_fda0a36a86053c692b20_72.jpg",
            "first_name": "Luke",
            "real_name": "Luke Aschenbrenner",
            "display_name": "Luke Aschenbrenner",
            "team": "TCR2U6UEM",
            "name": "ashbren21",
            "is_restricted": false,
            "is_ultra_restricted": false
        },
        "blocks": [
            {
                "type": "rich_text",
                "block_id": "qhQ",
                "elements": [
                    {
                        "type": "rich_text_section",
                        "elements": [
                            {
                                "type": "text",
                                "text": "Alright that's good"
                            }
                        ]
                    }
                ]
            }
        ]
    },
    {
        "client_msg_id": "32b4a477-9c92-4f05-993b-4f33d793e4cc",
        "type": "message",
        "text": "I wouldn't put it past the temp to have the water seep in somehow but I'm probably just overthinking it",
        "user": "U010DDZ3FJR",
        "ts": "1597693466.002800",
        "team": "TCR2U6UEM",
        "user_team": "TCR2U6UEM",
        "source_team": "TCR2U6UEM",
        "user_profile": {
            "avatar_hash": "fda0a36a8605",
            "image_72": "https:\/\/avatars.slack-edge.com\/2020-09-18\/1386993799393_fda0a36a86053c692b20_72.jpg",
            "first_name": "Luke",
            "real_name": "Luke Aschenbrenner",
            "display_name": "Luke Aschenbrenner",
            "team": "TCR2U6UEM",
            "name": "ashbren21",
            "is_restricted": false,
            "is_ultra_restricted": false
        },
        "blocks": [
            {
                "type": "rich_text",
                "block_id": "b9A",
                "elements": [
                    {
                        "type": "rich_text_section",
                        "elements": [
                            {
                                "type": "text",
                                "text": "I wouldn't put it past the temp to have the water seep in somehow but I'm probably just overthinking it"
                            }
                        ]
                    }
                ]
            }
        ]
    },
    {
        "client_msg_id": "09768bab-aa6b-4bb5-9b07-65ecc6609c4f",
        "type": "message",
        "text": "Lol",
        "user": "U0193D42LHJ",
        "ts": "1597693480.003000",
        "team": "TCR2U6UEM",
        "user_team": "TCR2U6UEM",
        "source_team": "TCR2U6UEM",
        "user_profile": {
            "avatar_hash": "ac92a4993882",
            "image_72": "https:\/\/avatars.slack-edge.com\/2020-09-18\/1380577414884_ac92a4993882a5db4876_72.png",
            "first_name": "Elliot",
            "real_name": "Elliot Schmidt",
            "display_name": "Elliot",
            "team": "TCR2U6UEM",
            "name": "elliotschmidt2002",
            "is_restricted": false,
            "is_ultra_restricted": false
        },
        "blocks": [
            {
                "type": "rich_text",
                "block_id": "wbH",
                "elements": [
                    {
                        "type": "rich_text_section",
                        "elements": [
                            {
                                "type": "text",
                                "text": "Lol"
                            }
                        ]
                    }
                ]
            }
        ]
    }
]