[
    {
        "type": "message",
        "subtype": "channel_join",
        "ts": "1597374439.000200",
        "user": "U018URES8KV",
        "text": "<@U018URES8KV> has joined the channel"
    },
    {
        "client_msg_id": "25f4d3f7-8345-4812-a313-66ed20ee313e",
        "type": "message",
        "text": "Have joined",
        "user": "U018URES8KV",
        "ts": "1597374884.000400",
        "team": "TCR2U6UEM",
        "user_team": "TCR2U6UEM",
        "source_team": "TCR2U6UEM",
        "user_profile": {
            "avatar_hash": "1b6b64ea950d",
            "image_72": "https:\/\/avatars.slack-edge.com\/2020-09-18\/1380553169540_1b6b64ea950dd455ff25_72.jpg",
            "first_name": "Adam",
            "real_name": "Adam Holmes",
            "display_name": "Adam Holmes",
            "team": "TCR2U6UEM",
            "name": "adamup555",
            "is_restricted": false,
            "is_ultra_restricted": false
        },
        "blocks": [
            {
                "type": "rich_text",
                "block_id": "2lg2e",
                "elements": [
                    {
                        "type": "rich_text_section",
                        "elements": [
                            {
                                "type": "text",
                                "text": "Have joined"
                            }
                        ]
                    }
                ]
            }
        ]
    },
    {
        "client_msg_id": "699b170b-ac80-4e43-ae0e-1e71e783ed6e",
        "type": "message",
        "text": "Hello",
        "user": "U010DDZ3FJR",
        "ts": "1597374896.000600",
        "team": "TCR2U6UEM",
        "user_team": "TCR2U6UEM",
        "source_team": "TCR2U6UEM",
        "user_profile": {
            "avatar_hash": "fda0a36a8605",
            "image_72": "https:\/\/avatars.slack-edge.com\/2020-09-18\/1386993799393_fda0a36a86053c692b20_72.jpg",
            "first_name": "Luke",
            "real_name": "Luke Aschenbrenner",
            "display_name": "Luke Aschenbrenner",
            "team": "TCR2U6UEM",
            "name": "ashbren21",
            "is_restricted": false,
            "is_ultra_restricted": false
        },
        "blocks": [
            {
                "type": "rich_text",
                "block_id": "kx1j3",
                "elements": [
                    {
                        "type": "rich_text_section",
                        "elements": [
                            {
                                "type": "text",
                                "text": "Hello"
                            }
                        ]
                    }
                ]
            }
        ]
    },
    {
        "client_msg_id": "0bea4e74-e547-4530-a31b-ba5ad7c02d88",
        "type": "message",
        "text": "<#C019JGA0C5N|z_voice_chat> for voice and video chat",
        "user": "U010DDZ3FJR",
        "ts": "1597378621.001100",
        "team": "TCR2U6UEM",
        "user_team": "TCR2U6UEM",
        "source_team": "TCR2U6UEM",
        "user_profile": {
            "avatar_hash": "fda0a36a8605",
            "image_72": "https:\/\/avatars.slack-edge.com\/2020-09-18\/1386993799393_fda0a36a86053c692b20_72.jpg",
            "first_name": "Luke",
            "real_name": "Luke Aschenbrenner",
            "display_name": "Luke Aschenbrenner",
            "team": "TCR2U6UEM",
            "name": "ashbren21",
            "is_restricted": false,
            "is_ultra_restricted": false
        },
        "blocks": [
            {
                "type": "rich_text",
                "block_id": "XaL",
                "elements": [
                    {
                        "type": "rich_text_section",
                        "elements": [
                            {
                                "type": "channel",
                                "channel_id": "C019JGA0C5N"
                            },
                            {
                                "type": "text",
                                "text": " for voice and video chat"
                            }
                        ]
                    }
                ]
            }
        ]
    }
]