[
    {
        "client_msg_id": "05952434-6d25-48e6-bb50-3dd5bdbd6021",
        "type": "message",
        "text": "?zoomcall",
        "user": "U01ALNAL79C",
        "ts": "1605650626.000500",
        "team": "TCR2U6UEM",
        "user_team": "TCR2U6UEM",
        "source_team": "TCR2U6UEM",
        "user_profile": {
            "avatar_hash": "8d3a0093398e",
            "image_72": "https:\/\/avatars.slack-edge.com\/2020-09-16\/1367697021763_8d3a0093398e950c95a2_72.jpg",
            "first_name": "Brian",
            "real_name": "Brian Morris",
            "display_name": "Brian Morris",
            "team": "TCR2U6UEM",
            "name": "brmor21",
            "is_restricted": false,
            "is_ultra_restricted": false
        },
        "blocks": [
            {
                "type": "rich_text",
                "block_id": "VGB",
                "elements": [
                    {
                        "type": "rich_text_section",
                        "elements": [
                            {
                                "type": "text",
                                "text": "?zoomcall"
                            }
                        ]
                    }
                ]
            }
        ]
    },
    {
        "type": "message",
        "subtype": "slackbot_response",
        "text": "<https:\/\/iowacityschools-org.zoom.us\/j\/92666092070>",
        "user": "USLACKBOT",
        "ts": "1605650627.000600"
    },
    {
        "client_msg_id": "a680edf1-6823-48c1-b067-1fc41f44ce32",
        "type": "message",
        "text": "Ahh I forgot guys sorry",
        "user": "U0193D42LHJ",
        "ts": "1605651951.001000",
        "team": "TCR2U6UEM",
        "user_team": "TCR2U6UEM",
        "source_team": "TCR2U6UEM",
        "user_profile": {
            "avatar_hash": "ac92a4993882",
            "image_72": "https:\/\/avatars.slack-edge.com\/2020-09-18\/1380577414884_ac92a4993882a5db4876_72.png",
            "first_name": "Elliot",
            "real_name": "Elliot Schmidt",
            "display_name": "Elliot",
            "team": "TCR2U6UEM",
            "name": "elliotschmidt2002",
            "is_restricted": false,
            "is_ultra_restricted": false
        },
        "blocks": [
            {
                "type": "rich_text",
                "block_id": "GsIT3",
                "elements": [
                    {
                        "type": "rich_text_section",
                        "elements": [
                            {
                                "type": "text",
                                "text": "Ahh I forgot guys sorry"
                            }
                        ]
                    }
                ]
            }
        ]
    },
    {
        "client_msg_id": "b4c110a4-94a6-405c-949c-1164f2994ca1",
        "type": "message",
        "text": "We need you dude",
        "user": "U018QFK9G94",
        "ts": "1605652050.001300",
        "team": "TCR2U6UEM",
        "user_team": "TCR2U6UEM",
        "source_team": "TCR2U6UEM",
        "user_profile": {
            "avatar_hash": "g9d36c6aa5d6",
            "image_72": "https:\/\/secure.gravatar.com\/avatar\/9d36c6aa5d6e1c88d058906bd2a03917.jpg?s=72&d=https%3A%2F%2Fa.slack-edge.com%2Fdf10d%2Fimg%2Favatars%2Fava_0011-72.png",
            "first_name": "",
            "real_name": "Marcus Miller",
            "display_name": "",
            "team": "TCR2U6UEM",
            "name": "mamil23",
            "is_restricted": false,
            "is_ultra_restricted": false
        },
        "blocks": [
            {
                "type": "rich_text",
                "block_id": "CiWMG",
                "elements": [
                    {
                        "type": "rich_text_section",
                        "elements": [
                            {
                                "type": "text",
                                "text": "We need you dude"
                            }
                        ]
                    }
                ]
            }
        ]
    },
    {
        "client_msg_id": "e4c37ea7-769a-4cf6-930c-6b29fbcc1a24",
        "type": "message",
        "text": "I might be able to join from my phone",
        "user": "U0193D42LHJ",
        "ts": "1605652064.001700",
        "team": "TCR2U6UEM",
        "user_team": "TCR2U6UEM",
        "source_team": "TCR2U6UEM",
        "user_profile": {
            "avatar_hash": "ac92a4993882",
            "image_72": "https:\/\/avatars.slack-edge.com\/2020-09-18\/1380577414884_ac92a4993882a5db4876_72.png",
            "first_name": "Elliot",
            "real_name": "Elliot Schmidt",
            "display_name": "Elliot",
            "team": "TCR2U6UEM",
            "name": "elliotschmidt2002",
            "is_restricted": false,
            "is_ultra_restricted": false
        },
        "blocks": [
            {
                "type": "rich_text",
                "block_id": "Qxq",
                "elements": [
                    {
                        "type": "rich_text_section",
                        "elements": [
                            {
                                "type": "text",
                                "text": "I might be able to join from my phone"
                            }
                        ]
                    }
                ]
            }
        ]
    },
    {
        "client_msg_id": "750c85a3-a7dc-4b43-8b88-57c8494fa6d0",
        "type": "message",
        "text": "Your Chromebook isn't working or something?",
        "user": "U018QFK9G94",
        "ts": "1605652079.002100",
        "team": "TCR2U6UEM",
        "user_team": "TCR2U6UEM",
        "source_team": "TCR2U6UEM",
        "user_profile": {
            "avatar_hash": "g9d36c6aa5d6",
            "image_72": "https:\/\/secure.gravatar.com\/avatar\/9d36c6aa5d6e1c88d058906bd2a03917.jpg?s=72&d=https%3A%2F%2Fa.slack-edge.com%2Fdf10d%2Fimg%2Favatars%2Fava_0011-72.png",
            "first_name": "",
            "real_name": "Marcus Miller",
            "display_name": "",
            "team": "TCR2U6UEM",
            "name": "mamil23",
            "is_restricted": false,
            "is_ultra_restricted": false
        },
        "blocks": [
            {
                "type": "rich_text",
                "block_id": "RubCr",
                "elements": [
                    {
                        "type": "rich_text_section",
                        "elements": [
                            {
                                "type": "text",
                                "text": "Your Chromebook isn't working or something?"
                            }
                        ]
                    }
                ]
            }
        ]
    },
    {
        "client_msg_id": "045b9439-7876-4e82-abdb-904bd1809643",
        "type": "message",
        "text": "No I'm not at home right now",
        "user": "U0193D42LHJ",
        "ts": "1605652092.002500",
        "team": "TCR2U6UEM",
        "user_team": "TCR2U6UEM",
        "source_team": "TCR2U6UEM",
        "user_profile": {
            "avatar_hash": "ac92a4993882",
            "image_72": "https:\/\/avatars.slack-edge.com\/2020-09-18\/1380577414884_ac92a4993882a5db4876_72.png",
            "first_name": "Elliot",
            "real_name": "Elliot Schmidt",
            "display_name": "Elliot",
            "team": "TCR2U6UEM",
            "name": "elliotschmidt2002",
            "is_restricted": false,
            "is_ultra_restricted": false
        },
        "blocks": [
            {
                "type": "rich_text",
                "block_id": "AHBxL",
                "elements": [
                    {
                        "type": "rich_text_section",
                        "elements": [
                            {
                                "type": "text",
                                "text": "No I'm not at home right now"
                            }
                        ]
                    }
                ]
            }
        ]
    },
    {
        "client_msg_id": "9ff35c77-a0b4-4773-94e3-86ab83111559",
        "type": "message",
        "text": "Oh then don't worry about it",
        "user": "U018QFK9G94",
        "ts": "1605652100.002800",
        "team": "TCR2U6UEM",
        "user_team": "TCR2U6UEM",
        "source_team": "TCR2U6UEM",
        "user_profile": {
            "avatar_hash": "g9d36c6aa5d6",
            "image_72": "https:\/\/secure.gravatar.com\/avatar\/9d36c6aa5d6e1c88d058906bd2a03917.jpg?s=72&d=https%3A%2F%2Fa.slack-edge.com%2Fdf10d%2Fimg%2Favatars%2Fava_0011-72.png",
            "first_name": "",
            "real_name": "Marcus Miller",
            "display_name": "",
            "team": "TCR2U6UEM",
            "name": "mamil23",
            "is_restricted": false,
            "is_ultra_restricted": false
        },
        "blocks": [
            {
                "type": "rich_text",
                "block_id": "DkZ",
                "elements": [
                    {
                        "type": "rich_text_section",
                        "elements": [
                            {
                                "type": "text",
                                "text": "Oh then don't worry about it"
                            }
                        ]
                    }
                ]
            }
        ]
    },
    {
        "client_msg_id": "a73486be-bee9-468b-91c8-5187566d28e3",
        "type": "message",
        "text": "If you're busy",
        "user": "U018QFK9G94",
        "ts": "1605652109.003200",
        "team": "TCR2U6UEM",
        "user_team": "TCR2U6UEM",
        "source_team": "TCR2U6UEM",
        "user_profile": {
            "avatar_hash": "g9d36c6aa5d6",
            "image_72": "https:\/\/secure.gravatar.com\/avatar\/9d36c6aa5d6e1c88d058906bd2a03917.jpg?s=72&d=https%3A%2F%2Fa.slack-edge.com%2Fdf10d%2Fimg%2Favatars%2Fava_0011-72.png",
            "first_name": "",
            "real_name": "Marcus Miller",
            "display_name": "",
            "team": "TCR2U6UEM",
            "name": "mamil23",
            "is_restricted": false,
            "is_ultra_restricted": false
        },
        "blocks": [
            {
                "type": "rich_text",
                "block_id": "nkvd",
                "elements": [
                    {
                        "type": "rich_text_section",
                        "elements": [
                            {
                                "type": "text",
                                "text": "If you're busy"
                            }
                        ]
                    }
                ]
            }
        ]
    },
    {
        "client_msg_id": "f6450de4-613a-4d95-971c-accccaefaae3",
        "type": "message",
        "text": "No I'm not doing anything currently I'm just not home but if my phone works I'll join",
        "user": "U0193D42LHJ",
        "ts": "1605652130.004100",
        "team": "TCR2U6UEM",
        "user_team": "TCR2U6UEM",
        "source_team": "TCR2U6UEM",
        "user_profile": {
            "avatar_hash": "ac92a4993882",
            "image_72": "https:\/\/avatars.slack-edge.com\/2020-09-18\/1380577414884_ac92a4993882a5db4876_72.png",
            "first_name": "Elliot",
            "real_name": "Elliot Schmidt",
            "display_name": "Elliot",
            "team": "TCR2U6UEM",
            "name": "elliotschmidt2002",
            "is_restricted": false,
            "is_ultra_restricted": false
        },
        "blocks": [
            {
                "type": "rich_text",
                "block_id": "zDGts",
                "elements": [
                    {
                        "type": "rich_text_section",
                        "elements": [
                            {
                                "type": "text",
                                "text": "No I'm not doing anything currently I'm just not home but if my phone works I'll join"
                            }
                        ]
                    }
                ]
            }
        ],
        "reactions": [
            {
                "name": "ice_hockey_stick_and_puck",
                "users": [
                    "U018GF7AFJB",
                    "U018QFK9G94",
                    "U010FNPUQP8"
                ],
                "count": 3
            }
        ]
    },
    {
        "client_msg_id": "ad4718fa-b7ee-4fbd-9e13-9714d1c608ed",
        "type": "message",
        "text": "Yeah your phone should work fine",
        "user": "U018QFK9G94",
        "ts": "1605652153.004900",
        "team": "TCR2U6UEM",
        "user_team": "TCR2U6UEM",
        "source_team": "TCR2U6UEM",
        "user_profile": {
            "avatar_hash": "g9d36c6aa5d6",
            "image_72": "https:\/\/secure.gravatar.com\/avatar\/9d36c6aa5d6e1c88d058906bd2a03917.jpg?s=72&d=https%3A%2F%2Fa.slack-edge.com%2Fdf10d%2Fimg%2Favatars%2Fava_0011-72.png",
            "first_name": "",
            "real_name": "Marcus Miller",
            "display_name": "",
            "team": "TCR2U6UEM",
            "name": "mamil23",
            "is_restricted": false,
            "is_ultra_restricted": false
        },
        "blocks": [
            {
                "type": "rich_text",
                "block_id": "VP33s",
                "elements": [
                    {
                        "type": "rich_text_section",
                        "elements": [
                            {
                                "type": "text",
                                "text": "Yeah your phone should work fine"
                            }
                        ]
                    }
                ]
            }
        ]
    },
    {
        "client_msg_id": "6376bb4b-5766-4693-ad83-124b36ed14ba",
        "type": "message",
        "text": "There u are",
        "user": "U018QFK9G94",
        "ts": "1605652157.005100",
        "team": "TCR2U6UEM",
        "user_team": "TCR2U6UEM",
        "source_team": "TCR2U6UEM",
        "user_profile": {
            "avatar_hash": "g9d36c6aa5d6",
            "image_72": "https:\/\/secure.gravatar.com\/avatar\/9d36c6aa5d6e1c88d058906bd2a03917.jpg?s=72&d=https%3A%2F%2Fa.slack-edge.com%2Fdf10d%2Fimg%2Favatars%2Fava_0011-72.png",
            "first_name": "",
            "real_name": "Marcus Miller",
            "display_name": "",
            "team": "TCR2U6UEM",
            "name": "mamil23",
            "is_restricted": false,
            "is_ultra_restricted": false
        },
        "blocks": [
            {
                "type": "rich_text",
                "block_id": "L8K",
                "elements": [
                    {
                        "type": "rich_text_section",
                        "elements": [
                            {
                                "type": "text",
                                "text": "There u are"
                            }
                        ]
                    }
                ]
            }
        ]
    }
]