[
    {
        "client_msg_id": "a2d97c40-5462-4a0d-9e97-6311beea8827",
        "type": "message",
        "text": "Just read through the ICCSD return to learn plan, and this is what they said about how many people can meet indoors: \"Any activity that is approved to have in-person meetings will be limited to nine (9) students and one staff member at each in-person gathering. Additional students\/staff may join virtually.\"",
        "user": "U010DDZ3FJR",
        "ts": "1598382913.001200",
        "team": "TCR2U6UEM",
        "user_team": "TCR2U6UEM",
        "source_team": "TCR2U6UEM",
        "user_profile": {
            "avatar_hash": "fda0a36a8605",
            "image_72": "https:\/\/avatars.slack-edge.com\/2020-09-18\/1386993799393_fda0a36a86053c692b20_72.jpg",
            "first_name": "Luke",
            "real_name": "Luke Aschenbrenner",
            "display_name": "Luke Aschenbrenner",
            "team": "TCR2U6UEM",
            "name": "ashbren21",
            "is_restricted": false,
            "is_ultra_restricted": false
        },
        "edited": {
            "user": "U010DDZ3FJR",
            "ts": "1598384333.000000"
        },
        "blocks": [
            {
                "type": "rich_text",
                "block_id": "ezq",
                "elements": [
                    {
                        "type": "rich_text_section",
                        "elements": [
                            {
                                "type": "text",
                                "text": "Just read through the ICCSD return to learn plan, and this is what they said about how many people can meet indoors: \"Any activity that is approved to have in-person meetings will be limited to nine (9) students and one staff member at each in-person gathering. Additional students\/staff may join virtually.\""
                            }
                        ]
                    }
                ]
            }
        ]
    },
    {
        "client_msg_id": "24134a7a-6551-4544-87c2-e6337466e508",
        "type": "message",
        "text": "That line break though",
        "user": "U0193D42LHJ",
        "ts": "1598382992.001500",
        "team": "TCR2U6UEM",
        "user_team": "TCR2U6UEM",
        "source_team": "TCR2U6UEM",
        "user_profile": {
            "avatar_hash": "ac92a4993882",
            "image_72": "https:\/\/avatars.slack-edge.com\/2020-09-18\/1380577414884_ac92a4993882a5db4876_72.png",
            "first_name": "Elliot",
            "real_name": "Elliot Schmidt",
            "display_name": "Elliot",
            "team": "TCR2U6UEM",
            "name": "elliotschmidt2002",
            "is_restricted": false,
            "is_ultra_restricted": false
        },
        "blocks": [
            {
                "type": "rich_text",
                "block_id": "Cxcn",
                "elements": [
                    {
                        "type": "rich_text_section",
                        "elements": [
                            {
                                "type": "text",
                                "text": "That line break though"
                            }
                        ]
                    }
                ]
            }
        ]
    },
    {
        "client_msg_id": "c24adfed-3ccf-4983-910a-a6f4682b2628",
        "type": "message",
        "text": "Where is that?? I was looking for it.",
        "user": "U018XDQ8DBM",
        "ts": "1598383021.002000",
        "team": "TCR2U6UEM",
        "user_team": "TCR2U6UEM",
        "source_team": "TCR2U6UEM",
        "user_profile": {
            "avatar_hash": "1704adb271e0",
            "image_72": "https:\/\/avatars.slack-edge.com\/2020-08-17\/1298740600854_1704adb271e0def2c769_72.png",
            "first_name": "Christine",
            "real_name": "Christine Mons",
            "display_name": "Mrs. Mons",
            "team": "TCR2U6UEM",
            "name": "mons.christine",
            "is_restricted": false,
            "is_ultra_restricted": false
        },
        "blocks": [
            {
                "type": "rich_text",
                "block_id": "9nZt=",
                "elements": [
                    {
                        "type": "rich_text_section",
                        "elements": [
                            {
                                "type": "text",
                                "text": "Where is that?? I was looking for it."
                            }
                        ]
                    }
                ]
            }
        ]
    },
    {
        "client_msg_id": "4de929cb-0e66-48d9-b87e-75bcd8b140a1",
        "type": "message",
        "text": "I'm gonna blame chrome PDF viewer on that one",
        "user": "U010DDZ3FJR",
        "ts": "1598383027.002300",
        "team": "TCR2U6UEM",
        "user_team": "TCR2U6UEM",
        "source_team": "TCR2U6UEM",
        "user_profile": {
            "avatar_hash": "fda0a36a8605",
            "image_72": "https:\/\/avatars.slack-edge.com\/2020-09-18\/1386993799393_fda0a36a86053c692b20_72.jpg",
            "first_name": "Luke",
            "real_name": "Luke Aschenbrenner",
            "display_name": "Luke Aschenbrenner",
            "team": "TCR2U6UEM",
            "name": "ashbren21",
            "is_restricted": false,
            "is_ultra_restricted": false
        },
        "blocks": [
            {
                "type": "rich_text",
                "block_id": "lTw",
                "elements": [
                    {
                        "type": "rich_text_section",
                        "elements": [
                            {
                                "type": "text",
                                "text": "I'm gonna blame chrome PDF viewer on that one"
                            }
                        ]
                    }
                ]
            }
        ]
    },
    {
        "client_msg_id": "d8c83de2-2b10-4879-aa70-c832e0422b5b",
        "type": "message",
        "text": "<@U018XDQ8DBM> page 31 I think",
        "user": "U010DDZ3FJR",
        "ts": "1598383053.002700",
        "team": "TCR2U6UEM",
        "user_team": "TCR2U6UEM",
        "source_team": "TCR2U6UEM",
        "user_profile": {
            "avatar_hash": "fda0a36a8605",
            "image_72": "https:\/\/avatars.slack-edge.com\/2020-09-18\/1386993799393_fda0a36a86053c692b20_72.jpg",
            "first_name": "Luke",
            "real_name": "Luke Aschenbrenner",
            "display_name": "Luke Aschenbrenner",
            "team": "TCR2U6UEM",
            "name": "ashbren21",
            "is_restricted": false,
            "is_ultra_restricted": false
        },
        "blocks": [
            {
                "type": "rich_text",
                "block_id": "dyA7",
                "elements": [
                    {
                        "type": "rich_text_section",
                        "elements": [
                            {
                                "type": "user",
                                "user_id": "U018XDQ8DBM"
                            },
                            {
                                "type": "text",
                                "text": " page 31 I think"
                            }
                        ]
                    }
                ]
            }
        ]
    },
    {
        "client_msg_id": "61bcf721-8f3f-4615-86ed-a0eb7c0c7fe4",
        "type": "message",
        "text": "Thanks!",
        "user": "U018XDQ8DBM",
        "ts": "1598383070.002900",
        "team": "TCR2U6UEM",
        "user_team": "TCR2U6UEM",
        "source_team": "TCR2U6UEM",
        "user_profile": {
            "avatar_hash": "1704adb271e0",
            "image_72": "https:\/\/avatars.slack-edge.com\/2020-08-17\/1298740600854_1704adb271e0def2c769_72.png",
            "first_name": "Christine",
            "real_name": "Christine Mons",
            "display_name": "Mrs. Mons",
            "team": "TCR2U6UEM",
            "name": "mons.christine",
            "is_restricted": false,
            "is_ultra_restricted": false
        },
        "blocks": [
            {
                "type": "rich_text",
                "block_id": "\/kW=",
                "elements": [
                    {
                        "type": "rich_text_section",
                        "elements": [
                            {
                                "type": "text",
                                "text": "Thanks!"
                            }
                        ]
                    }
                ]
            }
        ]
    },
    {
        "client_msg_id": "be0f3898-27b2-45be-a3bd-55d1a380fb7f",
        "type": "message",
        "text": "Sometime, one of you has to show me how to get to this without waiting for it to pop up with a new message. Still haven't figured that out. But I also still have to master classlinks and zoom pro, so let's not be hasty...",
        "user": "U018XDQ8DBM",
        "ts": "1598383127.003800",
        "team": "TCR2U6UEM",
        "user_team": "TCR2U6UEM",
        "source_team": "TCR2U6UEM",
        "user_profile": {
            "avatar_hash": "1704adb271e0",
            "image_72": "https:\/\/avatars.slack-edge.com\/2020-08-17\/1298740600854_1704adb271e0def2c769_72.png",
            "first_name": "Christine",
            "real_name": "Christine Mons",
            "display_name": "Mrs. Mons",
            "team": "TCR2U6UEM",
            "name": "mons.christine",
            "is_restricted": false,
            "is_ultra_restricted": false
        },
        "blocks": [
            {
                "type": "rich_text",
                "block_id": "N3T",
                "elements": [
                    {
                        "type": "rich_text_section",
                        "elements": [
                            {
                                "type": "text",
                                "text": "Sometime, one of you has to show me how to get to this without waiting for it to pop up with a new message. Still haven't figured that out. But I also still have to master classlinks and zoom pro, so let's not be hasty..."
                            }
                        ]
                    }
                ]
            }
        ]
    },
    {
        "client_msg_id": "4069fd81-a59a-423f-af9e-c3450bcebacb",
        "type": "message",
        "text": ":joy:",
        "user": "U010DDZ3FJR",
        "ts": "1598383189.004000",
        "team": "TCR2U6UEM",
        "user_team": "TCR2U6UEM",
        "source_team": "TCR2U6UEM",
        "user_profile": {
            "avatar_hash": "fda0a36a8605",
            "image_72": "https:\/\/avatars.slack-edge.com\/2020-09-18\/1386993799393_fda0a36a86053c692b20_72.jpg",
            "first_name": "Luke",
            "real_name": "Luke Aschenbrenner",
            "display_name": "Luke Aschenbrenner",
            "team": "TCR2U6UEM",
            "name": "ashbren21",
            "is_restricted": false,
            "is_ultra_restricted": false
        },
        "blocks": [
            {
                "type": "rich_text",
                "block_id": "DFu6j",
                "elements": [
                    {
                        "type": "rich_text_section",
                        "elements": [
                            {
                                "type": "emoji",
                                "name": "joy"
                            }
                        ]
                    }
                ]
            }
        ]
    },
    {
        "client_msg_id": "cf2205c3-92f3-4962-8d18-acb04f8ed5be",
        "type": "message",
        "text": "What platform are you using slack from?",
        "user": "U010DDZ3FJR",
        "ts": "1598383206.004500",
        "team": "TCR2U6UEM",
        "user_team": "TCR2U6UEM",
        "source_team": "TCR2U6UEM",
        "user_profile": {
            "avatar_hash": "fda0a36a8605",
            "image_72": "https:\/\/avatars.slack-edge.com\/2020-09-18\/1386993799393_fda0a36a86053c692b20_72.jpg",
            "first_name": "Luke",
            "real_name": "Luke Aschenbrenner",
            "display_name": "Luke Aschenbrenner",
            "team": "TCR2U6UEM",
            "name": "ashbren21",
            "is_restricted": false,
            "is_ultra_restricted": false
        },
        "blocks": [
            {
                "type": "rich_text",
                "block_id": "LEa=e",
                "elements": [
                    {
                        "type": "rich_text_section",
                        "elements": [
                            {
                                "type": "text",
                                "text": "What platform are you using slack from?"
                            }
                        ]
                    }
                ]
            }
        ]
    },
    {
        "client_msg_id": "11391bae-a17a-4ec8-ad17-b6c84c726a65",
        "type": "message",
        "text": "um, ancient teacher computer?",
        "user": "U018XDQ8DBM",
        "ts": "1598383221.004800",
        "team": "TCR2U6UEM",
        "user_team": "TCR2U6UEM",
        "source_team": "TCR2U6UEM",
        "user_profile": {
            "avatar_hash": "1704adb271e0",
            "image_72": "https:\/\/avatars.slack-edge.com\/2020-08-17\/1298740600854_1704adb271e0def2c769_72.png",
            "first_name": "Christine",
            "real_name": "Christine Mons",
            "display_name": "Mrs. Mons",
            "team": "TCR2U6UEM",
            "name": "mons.christine",
            "is_restricted": false,
            "is_ultra_restricted": false
        },
        "blocks": [
            {
                "type": "rich_text",
                "block_id": "\/CkF",
                "elements": [
                    {
                        "type": "rich_text_section",
                        "elements": [
                            {
                                "type": "text",
                                "text": "um, ancient teacher computer?"
                            }
                        ]
                    }
                ]
            }
        ]
    },
    {
        "client_msg_id": "d092e285-1732-4017-8cc6-b047d05c8f55",
        "type": "message",
        "text": "I'd like to put it on my phone, but that sounds like more of a challenge than I want right now...",
        "user": "U018XDQ8DBM",
        "ts": "1598383257.005400",
        "team": "TCR2U6UEM",
        "user_team": "TCR2U6UEM",
        "source_team": "TCR2U6UEM",
        "user_profile": {
            "avatar_hash": "1704adb271e0",
            "image_72": "https:\/\/avatars.slack-edge.com\/2020-08-17\/1298740600854_1704adb271e0def2c769_72.png",
            "first_name": "Christine",
            "real_name": "Christine Mons",
            "display_name": "Mrs. Mons",
            "team": "TCR2U6UEM",
            "name": "mons.christine",
            "is_restricted": false,
            "is_ultra_restricted": false
        },
        "blocks": [
            {
                "type": "rich_text",
                "block_id": "mzo1",
                "elements": [
                    {
                        "type": "rich_text_section",
                        "elements": [
                            {
                                "type": "text",
                                "text": "I'd like to put it on my phone, but that sounds like more of a challenge than I want right now..."
                            }
                        ]
                    }
                ]
            }
        ]
    },
    {
        "client_msg_id": "88904e73-4288-4add-b729-49998f269628",
        "type": "message",
        "text": "They have an app for it that's actually pretty good",
        "user": "U0193D42LHJ",
        "ts": "1598383285.006000",
        "team": "TCR2U6UEM",
        "user_team": "TCR2U6UEM",
        "source_team": "TCR2U6UEM",
        "user_profile": {
            "avatar_hash": "ac92a4993882",
            "image_72": "https:\/\/avatars.slack-edge.com\/2020-09-18\/1380577414884_ac92a4993882a5db4876_72.png",
            "first_name": "Elliot",
            "real_name": "Elliot Schmidt",
            "display_name": "Elliot",
            "team": "TCR2U6UEM",
            "name": "elliotschmidt2002",
            "is_restricted": false,
            "is_ultra_restricted": false
        },
        "blocks": [
            {
                "type": "rich_text",
                "block_id": "zf43",
                "elements": [
                    {
                        "type": "rich_text_section",
                        "elements": [
                            {
                                "type": "text",
                                "text": "They have an app for it that's actually pretty good"
                            }
                        ]
                    }
                ]
            }
        ]
    },
    {
        "client_msg_id": "6b9ebc52-bcb0-4aa5-bfbe-266703c1e781",
        "type": "message",
        "text": "All you have to do is download it and log in",
        "user": "U0193D42LHJ",
        "ts": "1598383296.006400",
        "team": "TCR2U6UEM",
        "user_team": "TCR2U6UEM",
        "source_team": "TCR2U6UEM",
        "user_profile": {
            "avatar_hash": "ac92a4993882",
            "image_72": "https:\/\/avatars.slack-edge.com\/2020-09-18\/1380577414884_ac92a4993882a5db4876_72.png",
            "first_name": "Elliot",
            "real_name": "Elliot Schmidt",
            "display_name": "Elliot",
            "team": "TCR2U6UEM",
            "name": "elliotschmidt2002",
            "is_restricted": false,
            "is_ultra_restricted": false
        },
        "blocks": [
            {
                "type": "rich_text",
                "block_id": "25vL",
                "elements": [
                    {
                        "type": "rich_text_section",
                        "elements": [
                            {
                                "type": "text",
                                "text": "All you have to do is download it and log in"
                            }
                        ]
                    }
                ]
            }
        ]
    },
    {
        "client_msg_id": "0a8a0d34-f36d-4a30-b233-154b0581ccc1",
        "type": "message",
        "text": "I love the optimism. Or the high opinion you have of my ability to smartphone. Will try later. If you hear yelling coming from this side of town, just ignore it.",
        "user": "U018XDQ8DBM",
        "ts": "1598383343.007600",
        "team": "TCR2U6UEM",
        "user_team": "TCR2U6UEM",
        "source_team": "TCR2U6UEM",
        "user_profile": {
            "avatar_hash": "1704adb271e0",
            "image_72": "https:\/\/avatars.slack-edge.com\/2020-08-17\/1298740600854_1704adb271e0def2c769_72.png",
            "first_name": "Christine",
            "real_name": "Christine Mons",
            "display_name": "Mrs. Mons",
            "team": "TCR2U6UEM",
            "name": "mons.christine",
            "is_restricted": false,
            "is_ultra_restricted": false
        },
        "blocks": [
            {
                "type": "rich_text",
                "block_id": "hR8",
                "elements": [
                    {
                        "type": "rich_text_section",
                        "elements": [
                            {
                                "type": "text",
                                "text": "I love the optimism. Or the high opinion you have of my ability to smartphone. Will try later. If you hear yelling coming from this side of town, just ignore it."
                            }
                        ]
                    }
                ]
            }
        ]
    },
    {
        "client_msg_id": "b9b93f07-708d-4fed-90e9-61f1b5d844c1",
        "type": "message",
        "text": ":joy:",
        "user": "U0193D42LHJ",
        "ts": "1598383376.007800",
        "team": "TCR2U6UEM",
        "user_team": "TCR2U6UEM",
        "source_team": "TCR2U6UEM",
        "user_profile": {
            "avatar_hash": "ac92a4993882",
            "image_72": "https:\/\/avatars.slack-edge.com\/2020-09-18\/1380577414884_ac92a4993882a5db4876_72.png",
            "first_name": "Elliot",
            "real_name": "Elliot Schmidt",
            "display_name": "Elliot",
            "team": "TCR2U6UEM",
            "name": "elliotschmidt2002",
            "is_restricted": false,
            "is_ultra_restricted": false
        },
        "blocks": [
            {
                "type": "rich_text",
                "block_id": "MF6",
                "elements": [
                    {
                        "type": "rich_text_section",
                        "elements": [
                            {
                                "type": "emoji",
                                "name": "joy"
                            }
                        ]
                    }
                ]
            }
        ]
    },
    {
        "client_msg_id": "00c3287e-29d3-4428-8a3e-0f0dc784cdc6",
        "type": "message",
        "text": "If you open your browser on your computer and just head to <http:\/\/rawbaconrobotics.slack.com|rawbaconrobotics.slack.com> you can login from there",
        "user": "U010DDZ3FJR",
        "ts": "1598383413.008900",
        "team": "TCR2U6UEM",
        "user_team": "TCR2U6UEM",
        "source_team": "TCR2U6UEM",
        "user_profile": {
            "avatar_hash": "fda0a36a8605",
            "image_72": "https:\/\/avatars.slack-edge.com\/2020-09-18\/1386993799393_fda0a36a86053c692b20_72.jpg",
            "first_name": "Luke",
            "real_name": "Luke Aschenbrenner",
            "display_name": "Luke Aschenbrenner",
            "team": "TCR2U6UEM",
            "name": "ashbren21",
            "is_restricted": false,
            "is_ultra_restricted": false
        },
        "blocks": [
            {
                "type": "rich_text",
                "block_id": "5Ln",
                "elements": [
                    {
                        "type": "rich_text_section",
                        "elements": [
                            {
                                "type": "text",
                                "text": "If you open your browser on your computer and just head to "
                            },
                            {
                                "type": "link",
                                "url": "http:\/\/rawbaconrobotics.slack.com",
                                "text": "rawbaconrobotics.slack.com"
                            },
                            {
                                "type": "text",
                                "text": " you can login from there"
                            }
                        ]
                    }
                ]
            }
        ]
    },
    {
        "client_msg_id": "9f27ed61-13f0-4367-b669-ced5c725ac33",
        "type": "message",
        "text": "The slack desktop app hides next to the area with your battery and wifi info if you have that installed",
        "user": "U010DDZ3FJR",
        "ts": "1598383447.009700",
        "team": "TCR2U6UEM",
        "user_team": "TCR2U6UEM",
        "source_team": "TCR2U6UEM",
        "user_profile": {
            "avatar_hash": "fda0a36a8605",
            "image_72": "https:\/\/avatars.slack-edge.com\/2020-09-18\/1386993799393_fda0a36a86053c692b20_72.jpg",
            "first_name": "Luke",
            "real_name": "Luke Aschenbrenner",
            "display_name": "Luke Aschenbrenner",
            "team": "TCR2U6UEM",
            "name": "ashbren21",
            "is_restricted": false,
            "is_ultra_restricted": false
        },
        "blocks": [
            {
                "type": "rich_text",
                "block_id": "O0HHO",
                "elements": [
                    {
                        "type": "rich_text_section",
                        "elements": [
                            {
                                "type": "text",
                                "text": "The slack desktop app hides next to the area with your battery and wifi info if you have that installed"
                            }
                        ]
                    }
                ]
            }
        ]
    },
    {
        "client_msg_id": "69b42b1a-ca13-4236-9244-2f2368bf8f69",
        "type": "message",
        "text": "AAAAAHHHHH!!!! Found it!",
        "user": "U018XDQ8DBM",
        "ts": "1598383476.010000",
        "team": "TCR2U6UEM",
        "user_team": "TCR2U6UEM",
        "source_team": "TCR2U6UEM",
        "user_profile": {
            "avatar_hash": "1704adb271e0",
            "image_72": "https:\/\/avatars.slack-edge.com\/2020-08-17\/1298740600854_1704adb271e0def2c769_72.png",
            "first_name": "Christine",
            "real_name": "Christine Mons",
            "display_name": "Mrs. Mons",
            "team": "TCR2U6UEM",
            "name": "mons.christine",
            "is_restricted": false,
            "is_ultra_restricted": false
        },
        "blocks": [
            {
                "type": "rich_text",
                "block_id": "\/trZK",
                "elements": [
                    {
                        "type": "rich_text_section",
                        "elements": [
                            {
                                "type": "text",
                                "text": "AAAAAHHHHH!!!! Found it!"
                            }
                        ]
                    }
                ]
            }
        ],
        "reactions": [
            {
                "name": "clap",
                "users": [
                    "U010DDZ3FJR",
                    "U0139LBQGRH",
                    "U0193D42LHJ"
                ],
                "count": 3
            }
        ]
    },
    {
        "client_msg_id": "58e8132b-2c73-4cbe-b268-f79d304c6080",
        "type": "message",
        "text": "So I may have gone through with purchasing the two CNC mills",
        "user": "U0193D42LHJ",
        "ts": "1598407347.001300",
        "team": "TCR2U6UEM",
        "user_team": "TCR2U6UEM",
        "source_team": "TCR2U6UEM",
        "user_profile": {
            "avatar_hash": "ac92a4993882",
            "image_72": "https:\/\/avatars.slack-edge.com\/2020-09-18\/1380577414884_ac92a4993882a5db4876_72.png",
            "first_name": "Elliot",
            "real_name": "Elliot Schmidt",
            "display_name": "Elliot",
            "team": "TCR2U6UEM",
            "name": "elliotschmidt2002",
            "is_restricted": false,
            "is_ultra_restricted": false
        },
        "blocks": [
            {
                "type": "rich_text",
                "block_id": "hhN",
                "elements": [
                    {
                        "type": "rich_text_section",
                        "elements": [
                            {
                                "type": "text",
                                "text": "So I may have gone through with purchasing the two CNC mills"
                            }
                        ]
                    }
                ]
            }
        ]
    },
    {
        "client_msg_id": "34621695-0911-448a-bf9c-5591d4b5dd88",
        "type": "message",
        "text": "And assuming that the moving and installation of them goes smoothly we should be able to use them for this season if anyone wants to do custom parts",
        "user": "U0193D42LHJ",
        "ts": "1598407388.002500",
        "team": "TCR2U6UEM",
        "user_team": "TCR2U6UEM",
        "source_team": "TCR2U6UEM",
        "user_profile": {
            "avatar_hash": "ac92a4993882",
            "image_72": "https:\/\/avatars.slack-edge.com\/2020-09-18\/1380577414884_ac92a4993882a5db4876_72.png",
            "first_name": "Elliot",
            "real_name": "Elliot Schmidt",
            "display_name": "Elliot",
            "team": "TCR2U6UEM",
            "name": "elliotschmidt2002",
            "is_restricted": false,
            "is_ultra_restricted": false
        },
        "blocks": [
            {
                "type": "rich_text",
                "block_id": "3V6gl",
                "elements": [
                    {
                        "type": "rich_text_section",
                        "elements": [
                            {
                                "type": "text",
                                "text": "And assuming that the moving and installation of them goes smoothly we should be able to use them for this season if anyone wants to do custom parts"
                            }
                        ]
                    }
                ]
            }
        ],
        "reactions": [
            {
                "name": "ok_hand",
                "users": [
                    "U010DDZ3FJR",
                    "U0193D42LHJ",
                    "U0139LBQGRH"
                ],
                "count": 3
            }
        ]
    },
    {
        "client_msg_id": "df1edddf-6f64-46d9-9ecc-e5eb788c7973",
        "type": "message",
        "text": "Sweet",
        "user": "U010DDZ3FJR",
        "ts": "1598409167.000300",
        "team": "TCR2U6UEM",
        "user_team": "TCR2U6UEM",
        "source_team": "TCR2U6UEM",
        "user_profile": {
            "avatar_hash": "fda0a36a8605",
            "image_72": "https:\/\/avatars.slack-edge.com\/2020-09-18\/1386993799393_fda0a36a86053c692b20_72.jpg",
            "first_name": "Luke",
            "real_name": "Luke Aschenbrenner",
            "display_name": "Luke Aschenbrenner",
            "team": "TCR2U6UEM",
            "name": "ashbren21",
            "is_restricted": false,
            "is_ultra_restricted": false
        },
        "blocks": [
            {
                "type": "rich_text",
                "block_id": "Voj",
                "elements": [
                    {
                        "type": "rich_text_section",
                        "elements": [
                            {
                                "type": "text",
                                "text": "Sweet"
                            }
                        ]
                    }
                ]
            }
        ]
    },
    {
        "client_msg_id": "df37a2fb-da3d-48c2-9ca6-d4b6fd9e6bad",
        "type": "message",
        "text": "Yes",
        "user": "U0193D42LHJ",
        "ts": "1598409201.000600",
        "team": "TCR2U6UEM",
        "user_team": "TCR2U6UEM",
        "source_team": "TCR2U6UEM",
        "user_profile": {
            "avatar_hash": "ac92a4993882",
            "image_72": "https:\/\/avatars.slack-edge.com\/2020-09-18\/1380577414884_ac92a4993882a5db4876_72.png",
            "first_name": "Elliot",
            "real_name": "Elliot Schmidt",
            "display_name": "Elliot",
            "team": "TCR2U6UEM",
            "name": "elliotschmidt2002",
            "is_restricted": false,
            "is_ultra_restricted": false
        },
        "blocks": [
            {
                "type": "rich_text",
                "block_id": "EH6F5",
                "elements": [
                    {
                        "type": "rich_text_section",
                        "elements": [
                            {
                                "type": "text",
                                "text": "Yes"
                            }
                        ]
                    }
                ]
            }
        ]
    },
    {
        "client_msg_id": "ea2aa21b-f419-4a30-ba19-cb60628d3a93",
        "type": "message",
        "text": "That is a word for it",
        "user": "U0193D42LHJ",
        "ts": "1598409205.000800",
        "team": "TCR2U6UEM",
        "user_team": "TCR2U6UEM",
        "source_team": "TCR2U6UEM",
        "user_profile": {
            "avatar_hash": "ac92a4993882",
            "image_72": "https:\/\/avatars.slack-edge.com\/2020-09-18\/1380577414884_ac92a4993882a5db4876_72.png",
            "first_name": "Elliot",
            "real_name": "Elliot Schmidt",
            "display_name": "Elliot",
            "team": "TCR2U6UEM",
            "name": "elliotschmidt2002",
            "is_restricted": false,
            "is_ultra_restricted": false
        },
        "blocks": [
            {
                "type": "rich_text",
                "block_id": "Uvdc",
                "elements": [
                    {
                        "type": "rich_text_section",
                        "elements": [
                            {
                                "type": "text",
                                "text": "That is a word for it"
                            }
                        ]
                    }
                ]
            }
        ]
    }
]