[
    {
        "type": "message",
        "subtype": "channel_join",
        "ts": "1584660700.000200",
        "user": "U010DDZ3FJR",
        "text": "<@U010DDZ3FJR> has joined the channel"
    },
    {
        "client_msg_id": "86197098-286d-4cdd-9ce3-e0878cce84b9",
        "type": "message",
        "text": "test",
        "user": "U010DDZ3FJR",
        "ts": "1584660717.000300",
        "team": "TCR2U6UEM",
        "user_team": "TCR2U6UEM",
        "source_team": "TCR2U6UEM",
        "user_profile": {
            "avatar_hash": "fda0a36a8605",
            "image_72": "https:\/\/avatars.slack-edge.com\/2020-09-18\/1386993799393_fda0a36a86053c692b20_72.jpg",
            "first_name": "Luke",
            "real_name": "Luke Aschenbrenner",
            "display_name": "Luke Aschenbrenner",
            "team": "TCR2U6UEM",
            "name": "ashbren21",
            "is_restricted": false,
            "is_ultra_restricted": false
        },
        "blocks": [
            {
                "type": "rich_text",
                "block_id": "xuj",
                "elements": [
                    {
                        "type": "rich_text_section",
                        "elements": [
                            {
                                "type": "text",
                                "text": "test"
                            }
                        ]
                    }
                ]
            }
        ]
    },
    {
        "type": "message",
        "subtype": "channel_join",
        "ts": "1584661098.000500",
        "user": "U0103BWEQSD",
        "text": "<@U0103BWEQSD> has joined the channel"
    },
    {
        "client_msg_id": "6657658c-ee2e-4236-9949-f7e60e258328",
        "type": "message",
        "text": "why are there two lukes <@U010DDZ3FJR> <@UCQTZ5F6C>",
        "user": "U0103BWEQSD",
        "ts": "1584661296.000900",
        "team": "TCR2U6UEM",
        "user_team": "TCR2U6UEM",
        "source_team": "TCR2U6UEM",
        "user_profile": {
            "avatar_hash": "704661998fe6",
            "image_72": "https:\/\/avatars.slack-edge.com\/2020-10-23\/1446991992437_704661998fe69b57bc12_72.png",
            "first_name": "Madi",
            "real_name": "Madi",
            "display_name": "Madi",
            "team": "TCR2U6UEM",
            "name": "mavit22",
            "is_restricted": false,
            "is_ultra_restricted": false
        },
        "blocks": [
            {
                "type": "rich_text",
                "block_id": "H6w",
                "elements": [
                    {
                        "type": "rich_text_section",
                        "elements": [
                            {
                                "type": "text",
                                "text": "why are there two lukes "
                            },
                            {
                                "type": "user",
                                "user_id": "U010DDZ3FJR"
                            },
                            {
                                "type": "text",
                                "text": " "
                            },
                            {
                                "type": "user",
                                "user_id": "UCQTZ5F6C"
                            }
                        ]
                    }
                ]
            }
        ]
    },
    {
        "client_msg_id": "78ca1247-5c7d-4143-804f-60800cc39fac",
        "type": "message",
        "text": "One of them needs to be purged",
        "user": "U010DDZ3FJR",
        "ts": "1584661334.001300",
        "team": "TCR2U6UEM",
        "user_team": "TCR2U6UEM",
        "source_team": "TCR2U6UEM",
        "user_profile": {
            "avatar_hash": "fda0a36a8605",
            "image_72": "https:\/\/avatars.slack-edge.com\/2020-09-18\/1386993799393_fda0a36a86053c692b20_72.jpg",
            "first_name": "Luke",
            "real_name": "Luke Aschenbrenner",
            "display_name": "Luke Aschenbrenner",
            "team": "TCR2U6UEM",
            "name": "ashbren21",
            "is_restricted": false,
            "is_ultra_restricted": false
        },
        "blocks": [
            {
                "type": "rich_text",
                "block_id": "TjP",
                "elements": [
                    {
                        "type": "rich_text_section",
                        "elements": [
                            {
                                "type": "text",
                                "text": "One of them needs to be purged"
                            }
                        ]
                    }
                ]
            }
        ]
    },
    {
        "client_msg_id": "9a468454-6723-4813-a814-dfc0b66813a5",
        "type": "message",
        "text": "ahhhh",
        "user": "U0103BWEQSD",
        "ts": "1584661340.001500",
        "team": "TCR2U6UEM",
        "user_team": "TCR2U6UEM",
        "source_team": "TCR2U6UEM",
        "user_profile": {
            "avatar_hash": "704661998fe6",
            "image_72": "https:\/\/avatars.slack-edge.com\/2020-10-23\/1446991992437_704661998fe69b57bc12_72.png",
            "first_name": "Madi",
            "real_name": "Madi",
            "display_name": "Madi",
            "team": "TCR2U6UEM",
            "name": "mavit22",
            "is_restricted": false,
            "is_ultra_restricted": false
        },
        "blocks": [
            {
                "type": "rich_text",
                "block_id": "Stf",
                "elements": [
                    {
                        "type": "rich_text_section",
                        "elements": [
                            {
                                "type": "text",
                                "text": "ahhhh"
                            }
                        ]
                    }
                ]
            }
        ]
    },
    {
        "client_msg_id": "43d2f2c5-b601-4957-adc7-c73d77ffdbcb",
        "type": "message",
        "text": "also may i get mod perms",
        "user": "U0103BWEQSD",
        "ts": "1584661350.001800",
        "team": "TCR2U6UEM",
        "user_team": "TCR2U6UEM",
        "source_team": "TCR2U6UEM",
        "user_profile": {
            "avatar_hash": "704661998fe6",
            "image_72": "https:\/\/avatars.slack-edge.com\/2020-10-23\/1446991992437_704661998fe69b57bc12_72.png",
            "first_name": "Madi",
            "real_name": "Madi",
            "display_name": "Madi",
            "team": "TCR2U6UEM",
            "name": "mavit22",
            "is_restricted": false,
            "is_ultra_restricted": false
        },
        "blocks": [
            {
                "type": "rich_text",
                "block_id": "tAv",
                "elements": [
                    {
                        "type": "rich_text_section",
                        "elements": [
                            {
                                "type": "text",
                                "text": "also may i get mod perms"
                            }
                        ]
                    }
                ]
            }
        ]
    },
    {
        "client_msg_id": "ff5f00a0-a4e3-4782-95e2-d7ba09f25b20",
        "type": "message",
        "text": "Sí",
        "user": "U010DDZ3FJR",
        "ts": "1584661358.002000",
        "team": "TCR2U6UEM",
        "user_team": "TCR2U6UEM",
        "source_team": "TCR2U6UEM",
        "user_profile": {
            "avatar_hash": "fda0a36a8605",
            "image_72": "https:\/\/avatars.slack-edge.com\/2020-09-18\/1386993799393_fda0a36a86053c692b20_72.jpg",
            "first_name": "Luke",
            "real_name": "Luke Aschenbrenner",
            "display_name": "Luke Aschenbrenner",
            "team": "TCR2U6UEM",
            "name": "ashbren21",
            "is_restricted": false,
            "is_ultra_restricted": false
        },
        "blocks": [
            {
                "type": "rich_text",
                "block_id": "BJypS",
                "elements": [
                    {
                        "type": "rich_text_section",
                        "elements": [
                            {
                                "type": "text",
                                "text": "Sí"
                            }
                        ]
                    }
                ]
            }
        ]
    },
    {
        "client_msg_id": "d381d808-104a-4f35-ba13-24af1c399b35",
        "type": "message",
        "text": "Let me get on pc real quick",
        "user": "U010DDZ3FJR",
        "ts": "1584661368.002300",
        "team": "TCR2U6UEM",
        "user_team": "TCR2U6UEM",
        "source_team": "TCR2U6UEM",
        "user_profile": {
            "avatar_hash": "fda0a36a8605",
            "image_72": "https:\/\/avatars.slack-edge.com\/2020-09-18\/1386993799393_fda0a36a86053c692b20_72.jpg",
            "first_name": "Luke",
            "real_name": "Luke Aschenbrenner",
            "display_name": "Luke Aschenbrenner",
            "team": "TCR2U6UEM",
            "name": "ashbren21",
            "is_restricted": false,
            "is_ultra_restricted": false
        },
        "blocks": [
            {
                "type": "rich_text",
                "block_id": "uaX",
                "elements": [
                    {
                        "type": "rich_text_section",
                        "elements": [
                            {
                                "type": "text",
                                "text": "Let me get on pc real quick"
                            }
                        ]
                    }
                ]
            }
        ]
    },
    {
        "client_msg_id": "1d5736d8-c5bb-493c-98bd-3b29e462f7f1",
        "type": "message",
        "text": "ok",
        "user": "U0103BWEQSD",
        "ts": "1584661372.002500",
        "team": "TCR2U6UEM",
        "user_team": "TCR2U6UEM",
        "source_team": "TCR2U6UEM",
        "user_profile": {
            "avatar_hash": "704661998fe6",
            "image_72": "https:\/\/avatars.slack-edge.com\/2020-10-23\/1446991992437_704661998fe69b57bc12_72.png",
            "first_name": "Madi",
            "real_name": "Madi",
            "display_name": "Madi",
            "team": "TCR2U6UEM",
            "name": "mavit22",
            "is_restricted": false,
            "is_ultra_restricted": false
        },
        "blocks": [
            {
                "type": "rich_text",
                "block_id": "fpa",
                "elements": [
                    {
                        "type": "rich_text_section",
                        "elements": [
                            {
                                "type": "text",
                                "text": "ok"
                            }
                        ]
                    }
                ]
            }
        ]
    },
    {
        "client_msg_id": "6ed474de-a80f-4f46-866b-f7f3b20f7ed2",
        "type": "message",
        "text": "did it work? <@U0103BWEQSD>",
        "user": "U010DDZ3FJR",
        "ts": "1584661581.002800",
        "team": "TCR2U6UEM",
        "user_team": "TCR2U6UEM",
        "source_team": "TCR2U6UEM",
        "user_profile": {
            "avatar_hash": "fda0a36a8605",
            "image_72": "https:\/\/avatars.slack-edge.com\/2020-09-18\/1386993799393_fda0a36a86053c692b20_72.jpg",
            "first_name": "Luke",
            "real_name": "Luke Aschenbrenner",
            "display_name": "Luke Aschenbrenner",
            "team": "TCR2U6UEM",
            "name": "ashbren21",
            "is_restricted": false,
            "is_ultra_restricted": false
        },
        "blocks": [
            {
                "type": "rich_text",
                "block_id": "Llqz",
                "elements": [
                    {
                        "type": "rich_text_section",
                        "elements": [
                            {
                                "type": "text",
                                "text": "did it work? "
                            },
                            {
                                "type": "user",
                                "user_id": "U0103BWEQSD"
                            }
                        ]
                    }
                ]
            }
        ]
    },
    {
        "client_msg_id": "0bfc0bec-0e56-4bc0-b334-ba9f496501dd",
        "type": "message",
        "text": "yes",
        "user": "U0103BWEQSD",
        "ts": "1584661595.003000",
        "team": "TCR2U6UEM",
        "user_team": "TCR2U6UEM",
        "source_team": "TCR2U6UEM",
        "user_profile": {
            "avatar_hash": "704661998fe6",
            "image_72": "https:\/\/avatars.slack-edge.com\/2020-10-23\/1446991992437_704661998fe69b57bc12_72.png",
            "first_name": "Madi",
            "real_name": "Madi",
            "display_name": "Madi",
            "team": "TCR2U6UEM",
            "name": "mavit22",
            "is_restricted": false,
            "is_ultra_restricted": false
        },
        "blocks": [
            {
                "type": "rich_text",
                "block_id": "6dE",
                "elements": [
                    {
                        "type": "rich_text_section",
                        "elements": [
                            {
                                "type": "text",
                                "text": "yes"
                            }
                        ]
                    }
                ]
            }
        ]
    },
    {
        "client_msg_id": "cad35cd2-3554-4935-881d-3b8b3ebe55b4",
        "type": "message",
        "text": "nice",
        "user": "U010DDZ3FJR",
        "ts": "1584661607.003200",
        "team": "TCR2U6UEM",
        "user_team": "TCR2U6UEM",
        "source_team": "TCR2U6UEM",
        "user_profile": {
            "avatar_hash": "fda0a36a8605",
            "image_72": "https:\/\/avatars.slack-edge.com\/2020-09-18\/1386993799393_fda0a36a86053c692b20_72.jpg",
            "first_name": "Luke",
            "real_name": "Luke Aschenbrenner",
            "display_name": "Luke Aschenbrenner",
            "team": "TCR2U6UEM",
            "name": "ashbren21",
            "is_restricted": false,
            "is_ultra_restricted": false
        },
        "blocks": [
            {
                "type": "rich_text",
                "block_id": "Xd8n",
                "elements": [
                    {
                        "type": "rich_text_section",
                        "elements": [
                            {
                                "type": "text",
                                "text": "nice"
                            }
                        ]
                    }
                ]
            }
        ]
    },
    {
        "client_msg_id": "ac58fc0c-1ffb-41d0-a97f-4c610a484eb2",
        "type": "message",
        "text": "inded",
        "user": "U0103BWEQSD",
        "ts": "1584661612.003400",
        "team": "TCR2U6UEM",
        "user_team": "TCR2U6UEM",
        "source_team": "TCR2U6UEM",
        "user_profile": {
            "avatar_hash": "704661998fe6",
            "image_72": "https:\/\/avatars.slack-edge.com\/2020-10-23\/1446991992437_704661998fe69b57bc12_72.png",
            "first_name": "Madi",
            "real_name": "Madi",
            "display_name": "Madi",
            "team": "TCR2U6UEM",
            "name": "mavit22",
            "is_restricted": false,
            "is_ultra_restricted": false
        },
        "blocks": [
            {
                "type": "rich_text",
                "block_id": "\/l=H",
                "elements": [
                    {
                        "type": "rich_text_section",
                        "elements": [
                            {
                                "type": "text",
                                "text": "inded"
                            }
                        ]
                    }
                ]
            }
        ]
    },
    {
        "client_msg_id": "087b6d89-a7e8-407e-83f2-f3c6324eba50",
        "type": "message",
        "text": "indeed*",
        "user": "U0103BWEQSD",
        "ts": "1584661615.003700",
        "team": "TCR2U6UEM",
        "user_team": "TCR2U6UEM",
        "source_team": "TCR2U6UEM",
        "user_profile": {
            "avatar_hash": "704661998fe6",
            "image_72": "https:\/\/avatars.slack-edge.com\/2020-10-23\/1446991992437_704661998fe69b57bc12_72.png",
            "first_name": "Madi",
            "real_name": "Madi",
            "display_name": "Madi",
            "team": "TCR2U6UEM",
            "name": "mavit22",
            "is_restricted": false,
            "is_ultra_restricted": false
        },
        "blocks": [
            {
                "type": "rich_text",
                "block_id": "kOeb",
                "elements": [
                    {
                        "type": "rich_text_section",
                        "elements": [
                            {
                                "type": "text",
                                "text": "indeed*"
                            }
                        ]
                    }
                ]
            }
        ]
    },
    {
        "client_msg_id": "edb77d36-7b90-40cf-9fcc-9897f6553d26",
        "type": "message",
        "text": "whats the 2020-2021 google drive link",
        "user": "U010DDZ3FJR",
        "ts": "1584661621.003900",
        "team": "TCR2U6UEM",
        "user_team": "TCR2U6UEM",
        "source_team": "TCR2U6UEM",
        "user_profile": {
            "avatar_hash": "fda0a36a8605",
            "image_72": "https:\/\/avatars.slack-edge.com\/2020-09-18\/1386993799393_fda0a36a86053c692b20_72.jpg",
            "first_name": "Luke",
            "real_name": "Luke Aschenbrenner",
            "display_name": "Luke Aschenbrenner",
            "team": "TCR2U6UEM",
            "name": "ashbren21",
            "is_restricted": false,
            "is_ultra_restricted": false
        },
        "blocks": [
            {
                "type": "rich_text",
                "block_id": "eZKZ",
                "elements": [
                    {
                        "type": "rich_text_section",
                        "elements": [
                            {
                                "type": "text",
                                "text": "whats the 2020-2021 google drive link"
                            }
                        ]
                    }
                ]
            }
        ]
    },
    {
        "client_msg_id": "1c3ff29a-6343-4ddf-981b-c2c286e10b9e",
        "type": "message",
        "text": "I'd getting that bot to work again",
        "user": "U010DDZ3FJR",
        "ts": "1584661629.004200",
        "team": "TCR2U6UEM",
        "user_team": "TCR2U6UEM",
        "source_team": "TCR2U6UEM",
        "user_profile": {
            "avatar_hash": "fda0a36a8605",
            "image_72": "https:\/\/avatars.slack-edge.com\/2020-09-18\/1386993799393_fda0a36a86053c692b20_72.jpg",
            "first_name": "Luke",
            "real_name": "Luke Aschenbrenner",
            "display_name": "Luke Aschenbrenner",
            "team": "TCR2U6UEM",
            "name": "ashbren21",
            "is_restricted": false,
            "is_ultra_restricted": false
        },
        "blocks": [
            {
                "type": "rich_text",
                "block_id": "C8kza",
                "elements": [
                    {
                        "type": "rich_text_section",
                        "elements": [
                            {
                                "type": "text",
                                "text": "I'd getting that bot to work again"
                            }
                        ]
                    }
                ]
            }
        ]
    },
    {
        "client_msg_id": "47e7912a-77a1-4c68-8cde-5baa04590d06",
        "type": "message",
        "text": "lemme grab it",
        "user": "U0103BWEQSD",
        "ts": "1584661640.004500",
        "team": "TCR2U6UEM",
        "user_team": "TCR2U6UEM",
        "source_team": "TCR2U6UEM",
        "user_profile": {
            "avatar_hash": "704661998fe6",
            "image_72": "https:\/\/avatars.slack-edge.com\/2020-10-23\/1446991992437_704661998fe69b57bc12_72.png",
            "first_name": "Madi",
            "real_name": "Madi",
            "display_name": "Madi",
            "team": "TCR2U6UEM",
            "name": "mavit22",
            "is_restricted": false,
            "is_ultra_restricted": false
        },
        "blocks": [
            {
                "type": "rich_text",
                "block_id": "uZm",
                "elements": [
                    {
                        "type": "rich_text_section",
                        "elements": [
                            {
                                "type": "text",
                                "text": "lemme grab it"
                            }
                        ]
                    }
                ]
            }
        ]
    },
    {
        "client_msg_id": "9d8bc578-dbad-4933-9550-27b598c56125",
        "type": "message",
        "text": ":ok_hand:",
        "user": "U010DDZ3FJR",
        "ts": "1584661658.004700",
        "team": "TCR2U6UEM",
        "user_team": "TCR2U6UEM",
        "source_team": "TCR2U6UEM",
        "user_profile": {
            "avatar_hash": "fda0a36a8605",
            "image_72": "https:\/\/avatars.slack-edge.com\/2020-09-18\/1386993799393_fda0a36a86053c692b20_72.jpg",
            "first_name": "Luke",
            "real_name": "Luke Aschenbrenner",
            "display_name": "Luke Aschenbrenner",
            "team": "TCR2U6UEM",
            "name": "ashbren21",
            "is_restricted": false,
            "is_ultra_restricted": false
        },
        "blocks": [
            {
                "type": "rich_text",
                "block_id": "FAW2D",
                "elements": [
                    {
                        "type": "rich_text_section",
                        "elements": [
                            {
                                "type": "emoji",
                                "name": "ok_hand"
                            }
                        ]
                    }
                ]
            }
        ]
    },
    {
        "client_msg_id": "3cd5156d-194e-4a4d-8234-15a495da8073",
        "type": "message",
        "text": "<https:\/\/drive.google.com\/drive\/u\/0\/folders\/1X9IT1hPk10_amMAZUo9YwvLWRQuDlWSc?ths=true>",
        "user": "U0103BWEQSD",
        "ts": "1584661752.004900",
        "team": "TCR2U6UEM",
        "user_team": "TCR2U6UEM",
        "source_team": "TCR2U6UEM",
        "user_profile": {
            "avatar_hash": "704661998fe6",
            "image_72": "https:\/\/avatars.slack-edge.com\/2020-10-23\/1446991992437_704661998fe69b57bc12_72.png",
            "first_name": "Madi",
            "real_name": "Madi",
            "display_name": "Madi",
            "team": "TCR2U6UEM",
            "name": "mavit22",
            "is_restricted": false,
            "is_ultra_restricted": false
        },
        "blocks": [
            {
                "type": "rich_text",
                "block_id": "FF3",
                "elements": [
                    {
                        "type": "rich_text_section",
                        "elements": [
                            {
                                "type": "link",
                                "url": "https:\/\/drive.google.com\/drive\/u\/0\/folders\/1X9IT1hPk10_amMAZUo9YwvLWRQuDlWSc?ths=true"
                            }
                        ]
                    }
                ]
            }
        ]
    },
    {
        "client_msg_id": "88408a6f-110c-4a32-aa96-5623683f4eeb",
        "type": "message",
        "text": "nice",
        "user": "U010DDZ3FJR",
        "ts": "1584661776.005300",
        "team": "TCR2U6UEM",
        "user_team": "TCR2U6UEM",
        "source_team": "TCR2U6UEM",
        "user_profile": {
            "avatar_hash": "fda0a36a8605",
            "image_72": "https:\/\/avatars.slack-edge.com\/2020-09-18\/1386993799393_fda0a36a86053c692b20_72.jpg",
            "first_name": "Luke",
            "real_name": "Luke Aschenbrenner",
            "display_name": "Luke Aschenbrenner",
            "team": "TCR2U6UEM",
            "name": "ashbren21",
            "is_restricted": false,
            "is_ultra_restricted": false
        },
        "blocks": [
            {
                "type": "rich_text",
                "block_id": "ucl",
                "elements": [
                    {
                        "type": "rich_text_section",
                        "elements": [
                            {
                                "type": "text",
                                "text": "nice"
                            }
                        ]
                    }
                ]
            }
        ]
    },
    {
        "client_msg_id": "be005daa-30bd-4f34-a743-b38323f433d7",
        "type": "message",
        "text": "yee",
        "user": "U0103BWEQSD",
        "ts": "1584661800.005600",
        "team": "TCR2U6UEM",
        "user_team": "TCR2U6UEM",
        "source_team": "TCR2U6UEM",
        "user_profile": {
            "avatar_hash": "704661998fe6",
            "image_72": "https:\/\/avatars.slack-edge.com\/2020-10-23\/1446991992437_704661998fe69b57bc12_72.png",
            "first_name": "Madi",
            "real_name": "Madi",
            "display_name": "Madi",
            "team": "TCR2U6UEM",
            "name": "mavit22",
            "is_restricted": false,
            "is_ultra_restricted": false
        },
        "blocks": [
            {
                "type": "rich_text",
                "block_id": "I5M",
                "elements": [
                    {
                        "type": "rich_text_section",
                        "elements": [
                            {
                                "type": "text",
                                "text": "yee"
                            }
                        ]
                    }
                ]
            }
        ]
    },
    {
        "client_msg_id": "75b7e6f5-e72d-4331-a1d5-2a6396e7657b",
        "type": "message",
        "text": "i hope we can use this more than groupme",
        "user": "U0103BWEQSD",
        "ts": "1584661839.005900",
        "team": "TCR2U6UEM",
        "user_team": "TCR2U6UEM",
        "source_team": "TCR2U6UEM",
        "user_profile": {
            "avatar_hash": "704661998fe6",
            "image_72": "https:\/\/avatars.slack-edge.com\/2020-10-23\/1446991992437_704661998fe69b57bc12_72.png",
            "first_name": "Madi",
            "real_name": "Madi",
            "display_name": "Madi",
            "team": "TCR2U6UEM",
            "name": "mavit22",
            "is_restricted": false,
            "is_ultra_restricted": false
        },
        "blocks": [
            {
                "type": "rich_text",
                "block_id": "kbSN6",
                "elements": [
                    {
                        "type": "rich_text_section",
                        "elements": [
                            {
                                "type": "text",
                                "text": "i hope we can use this more than groupme"
                            }
                        ]
                    }
                ]
            }
        ]
    },
    {
        "client_msg_id": "aa2ef3a4-032c-47f8-938b-eb74e8722ac8",
        "type": "message",
        "text": "yea its a lot more organized",
        "user": "U010DDZ3FJR",
        "ts": "1584661855.006400",
        "team": "TCR2U6UEM",
        "user_team": "TCR2U6UEM",
        "source_team": "TCR2U6UEM",
        "user_profile": {
            "avatar_hash": "fda0a36a8605",
            "image_72": "https:\/\/avatars.slack-edge.com\/2020-09-18\/1386993799393_fda0a36a86053c692b20_72.jpg",
            "first_name": "Luke",
            "real_name": "Luke Aschenbrenner",
            "display_name": "Luke Aschenbrenner",
            "team": "TCR2U6UEM",
            "name": "ashbren21",
            "is_restricted": false,
            "is_ultra_restricted": false
        },
        "blocks": [
            {
                "type": "rich_text",
                "block_id": "kS5",
                "elements": [
                    {
                        "type": "rich_text_section",
                        "elements": [
                            {
                                "type": "text",
                                "text": "yea its a lot more organized"
                            }
                        ]
                    }
                ]
            }
        ]
    },
    {
        "client_msg_id": "6f6a5fa3-a074-4a15-88b0-48292ebfdc55",
        "type": "message",
        "text": "we use it for FRC and it makes everything easier",
        "user": "U0103BWEQSD",
        "ts": "1584661864.006600",
        "team": "TCR2U6UEM",
        "user_team": "TCR2U6UEM",
        "source_team": "TCR2U6UEM",
        "user_profile": {
            "avatar_hash": "704661998fe6",
            "image_72": "https:\/\/avatars.slack-edge.com\/2020-10-23\/1446991992437_704661998fe69b57bc12_72.png",
            "first_name": "Madi",
            "real_name": "Madi",
            "display_name": "Madi",
            "team": "TCR2U6UEM",
            "name": "mavit22",
            "is_restricted": false,
            "is_ultra_restricted": false
        },
        "blocks": [
            {
                "type": "rich_text",
                "block_id": "ciHP",
                "elements": [
                    {
                        "type": "rich_text_section",
                        "elements": [
                            {
                                "type": "text",
                                "text": "we use it for FRC and it makes everything easier"
                            }
                        ]
                    }
                ]
            }
        ]
    },
    {
        "client_msg_id": "83da90f0-6116-4ffc-b96c-03aaeb37e159",
        "type": "message",
        "text": "cool",
        "user": "U010DDZ3FJR",
        "ts": "1584661875.006800",
        "team": "TCR2U6UEM",
        "user_team": "TCR2U6UEM",
        "source_team": "TCR2U6UEM",
        "user_profile": {
            "avatar_hash": "fda0a36a8605",
            "image_72": "https:\/\/avatars.slack-edge.com\/2020-09-18\/1386993799393_fda0a36a86053c692b20_72.jpg",
            "first_name": "Luke",
            "real_name": "Luke Aschenbrenner",
            "display_name": "Luke Aschenbrenner",
            "team": "TCR2U6UEM",
            "name": "ashbren21",
            "is_restricted": false,
            "is_ultra_restricted": false
        },
        "blocks": [
            {
                "type": "rich_text",
                "block_id": "BCUjv",
                "elements": [
                    {
                        "type": "rich_text_section",
                        "elements": [
                            {
                                "type": "text",
                                "text": "cool"
                            }
                        ]
                    }
                ]
            }
        ]
    },
    {
        "client_msg_id": "d7a7190d-bfbb-4367-b578-9f18f3d66207",
        "type": "message",
        "text": "yeah",
        "user": "U0103BWEQSD",
        "ts": "1584661881.007000",
        "team": "TCR2U6UEM",
        "user_team": "TCR2U6UEM",
        "source_team": "TCR2U6UEM",
        "user_profile": {
            "avatar_hash": "704661998fe6",
            "image_72": "https:\/\/avatars.slack-edge.com\/2020-10-23\/1446991992437_704661998fe69b57bc12_72.png",
            "first_name": "Madi",
            "real_name": "Madi",
            "display_name": "Madi",
            "team": "TCR2U6UEM",
            "name": "mavit22",
            "is_restricted": false,
            "is_ultra_restricted": false
        },
        "blocks": [
            {
                "type": "rich_text",
                "block_id": "ko4h",
                "elements": [
                    {
                        "type": "rich_text_section",
                        "elements": [
                            {
                                "type": "text",
                                "text": "yeah"
                            }
                        ]
                    }
                ]
            }
        ]
    },
    {
        "type": "message",
        "subtype": "channel_join",
        "ts": "1584664833.000200",
        "user": "U010FNPUQP8",
        "text": "<@U010FNPUQP8> has joined the channel"
    },
    {
        "type": "message",
        "subtype": "channel_join",
        "ts": "1584667347.000400",
        "user": "U010DHXLPQQ",
        "text": "<@U010DHXLPQQ> has joined the channel"
    },
    {
        "client_msg_id": "fe893cbf-2f98-43e8-81b0-cc9222ba527c",
        "type": "message",
        "text": "hey guys",
        "user": "U010DDZ3FJR",
        "ts": "1584667443.000600",
        "team": "TCR2U6UEM",
        "user_team": "TCR2U6UEM",
        "source_team": "TCR2U6UEM",
        "user_profile": {
            "avatar_hash": "fda0a36a8605",
            "image_72": "https:\/\/avatars.slack-edge.com\/2020-09-18\/1386993799393_fda0a36a86053c692b20_72.jpg",
            "first_name": "Luke",
            "real_name": "Luke Aschenbrenner",
            "display_name": "Luke Aschenbrenner",
            "team": "TCR2U6UEM",
            "name": "ashbren21",
            "is_restricted": false,
            "is_ultra_restricted": false
        },
        "blocks": [
            {
                "type": "rich_text",
                "block_id": "gXQPL",
                "elements": [
                    {
                        "type": "rich_text_section",
                        "elements": [
                            {
                                "type": "text",
                                "text": "hey guys"
                            }
                        ]
                    }
                ]
            }
        ],
        "thread_ts": "1584667443.000600",
        "reply_count": 1,
        "reply_users_count": 1,
        "latest_reply": "1584667929.000700",
        "reply_users": [
            "U010DDZ3FJR"
        ],
        "replies": [
            {
                "user": "U010DDZ3FJR",
                "ts": "1584667929.000700"
            }
        ],
        "subscribed": true,
        "last_read": "1584667929.000700"
    },
    {
        "client_msg_id": "b7ba60d6-93c9-4988-9ac3-9698867edb3e",
        "type": "message",
        "text": "testing",
        "user": "U010DDZ3FJR",
        "ts": "1584667929.000700",
        "team": "TCR2U6UEM",
        "user_team": "TCR2U6UEM",
        "source_team": "TCR2U6UEM",
        "user_profile": {
            "avatar_hash": "fda0a36a8605",
            "image_72": "https:\/\/avatars.slack-edge.com\/2020-09-18\/1386993799393_fda0a36a86053c692b20_72.jpg",
            "first_name": "Luke",
            "real_name": "Luke Aschenbrenner",
            "display_name": "Luke Aschenbrenner",
            "team": "TCR2U6UEM",
            "name": "ashbren21",
            "is_restricted": false,
            "is_ultra_restricted": false
        },
        "blocks": [
            {
                "type": "rich_text",
                "block_id": "TPr2",
                "elements": [
                    {
                        "type": "rich_text_section",
                        "elements": [
                            {
                                "type": "text",
                                "text": "testing"
                            }
                        ]
                    }
                ]
            }
        ],
        "thread_ts": "1584667443.000600",
        "parent_user_id": "U010DDZ3FJR"
    }
]