[
    {
        "client_msg_id": "9f46ba14-5c45-4a5c-896e-c3ad25517428",
        "type": "message",
        "text": "Looks like the temp has wifi now",
        "user": "U010DDZ3FJR",
        "ts": "1600983897.000300",
        "team": "TCR2U6UEM",
        "user_team": "TCR2U6UEM",
        "source_team": "TCR2U6UEM",
        "user_profile": {
            "avatar_hash": "fda0a36a8605",
            "image_72": "https:\/\/avatars.slack-edge.com\/2020-09-18\/1386993799393_fda0a36a86053c692b20_72.jpg",
            "first_name": "Luke",
            "real_name": "Luke Aschenbrenner",
            "display_name": "Luke Aschenbrenner",
            "team": "TCR2U6UEM",
            "name": "ashbren21",
            "is_restricted": false,
            "is_ultra_restricted": false
        },
        "blocks": [
            {
                "type": "rich_text",
                "block_id": "e2G",
                "elements": [
                    {
                        "type": "rich_text_section",
                        "elements": [
                            {
                                "type": "text",
                                "text": "Looks like the temp has wifi now"
                            }
                        ]
                    }
                ]
            }
        ],
        "reactions": [
            {
                "name": "watermelon",
                "users": [
                    "U018URES8KV"
                ],
                "count": 1
            }
        ]
    },
    {
        "client_msg_id": "ffe6ca41-088e-4106-b527-8de75685ab32",
        "type": "message",
        "text": "Hells yeah",
        "user": "U0193D42LHJ",
        "ts": "1600983915.000500",
        "team": "TCR2U6UEM",
        "user_team": "TCR2U6UEM",
        "source_team": "TCR2U6UEM",
        "user_profile": {
            "avatar_hash": "ac92a4993882",
            "image_72": "https:\/\/avatars.slack-edge.com\/2020-09-18\/1380577414884_ac92a4993882a5db4876_72.png",
            "first_name": "Elliot",
            "real_name": "Elliot Schmidt",
            "display_name": "Elliot",
            "team": "TCR2U6UEM",
            "name": "elliotschmidt2002",
            "is_restricted": false,
            "is_ultra_restricted": false
        },
        "blocks": [
            {
                "type": "rich_text",
                "block_id": "vo3",
                "elements": [
                    {
                        "type": "rich_text_section",
                        "elements": [
                            {
                                "type": "text",
                                "text": "Hells yeah"
                            }
                        ]
                    }
                ]
            }
        ]
    },
    {
        "client_msg_id": "0690ff0b-8a36-48d1-8948-2724caa556b7",
        "type": "message",
        "text": "I am not sure if it had it yet",
        "user": "U016G7WR3KJ",
        "ts": "1600983927.001200",
        "team": "TCR2U6UEM",
        "user_team": "TCR2U6UEM",
        "source_team": "TCR2U6UEM",
        "user_profile": {
            "avatar_hash": "bbe6b64d1e6f",
            "image_72": "https:\/\/avatars.slack-edge.com\/2020-09-12\/1359637227778_bbe6b64d1e6f191982dd_72.jpg",
            "first_name": "Robbie",
            "real_name": "Robbie Thibodeau",
            "display_name": "Robbie Thibodeau",
            "team": "TCR2U6UEM",
            "name": "rgtthibodeau",
            "is_restricted": false,
            "is_ultra_restricted": false
        },
        "blocks": [
            {
                "type": "rich_text",
                "block_id": "f21l",
                "elements": [
                    {
                        "type": "rich_text_section",
                        "elements": [
                            {
                                "type": "text",
                                "text": "I am not sure if it had it yet"
                            }
                        ]
                    }
                ]
            }
        ]
    },
    {
        "client_msg_id": "babe1f31-f53f-4f05-9451-cac66be85876",
        "type": "message",
        "text": "Also everyone thank robbie for the 25 dollars",
        "user": "U0193D42LHJ",
        "ts": "1600983929.001300",
        "team": "TCR2U6UEM",
        "user_team": "TCR2U6UEM",
        "source_team": "TCR2U6UEM",
        "user_profile": {
            "avatar_hash": "ac92a4993882",
            "image_72": "https:\/\/avatars.slack-edge.com\/2020-09-18\/1380577414884_ac92a4993882a5db4876_72.png",
            "first_name": "Elliot",
            "real_name": "Elliot Schmidt",
            "display_name": "Elliot",
            "team": "TCR2U6UEM",
            "name": "elliotschmidt2002",
            "is_restricted": false,
            "is_ultra_restricted": false
        },
        "blocks": [
            {
                "type": "rich_text",
                "block_id": "MG7HL",
                "elements": [
                    {
                        "type": "rich_text_section",
                        "elements": [
                            {
                                "type": "text",
                                "text": "Also everyone thank robbie for the 25 dollars"
                            }
                        ]
                    }
                ]
            }
        ],
        "reactions": [
            {
                "name": "watermelon",
                "users": [
                    "U018URES8KV"
                ],
                "count": 1
            },
            {
                "name": "frog_car",
                "users": [
                    "U018GF7AFJB"
                ],
                "count": 1
            },
            {
                "name": "stonks",
                "users": [
                    "U018GF7AFJB"
                ],
                "count": 1
            }
        ]
    },
    {
        "client_msg_id": "0eaabb8d-f06e-43f2-93ee-6f90d90547b1",
        "type": "message",
        "text": "Yes",
        "user": "U016G7WR3KJ",
        "ts": "1600983934.001500",
        "team": "TCR2U6UEM",
        "user_team": "TCR2U6UEM",
        "source_team": "TCR2U6UEM",
        "user_profile": {
            "avatar_hash": "bbe6b64d1e6f",
            "image_72": "https:\/\/avatars.slack-edge.com\/2020-09-12\/1359637227778_bbe6b64d1e6f191982dd_72.jpg",
            "first_name": "Robbie",
            "real_name": "Robbie Thibodeau",
            "display_name": "Robbie Thibodeau",
            "team": "TCR2U6UEM",
            "name": "rgtthibodeau",
            "is_restricted": false,
            "is_ultra_restricted": false
        },
        "blocks": [
            {
                "type": "rich_text",
                "block_id": "B2h",
                "elements": [
                    {
                        "type": "rich_text_section",
                        "elements": [
                            {
                                "type": "text",
                                "text": "Yes"
                            }
                        ]
                    }
                ]
            }
        ]
    },
    {
        "client_msg_id": "800dc8be-58c6-4746-ada9-8c50604f239e",
        "type": "message",
        "text": "My biggest splash",
        "user": "U016G7WR3KJ",
        "ts": "1600983945.001900",
        "team": "TCR2U6UEM",
        "user_team": "TCR2U6UEM",
        "source_team": "TCR2U6UEM",
        "user_profile": {
            "avatar_hash": "bbe6b64d1e6f",
            "image_72": "https:\/\/avatars.slack-edge.com\/2020-09-12\/1359637227778_bbe6b64d1e6f191982dd_72.jpg",
            "first_name": "Robbie",
            "real_name": "Robbie Thibodeau",
            "display_name": "Robbie Thibodeau",
            "team": "TCR2U6UEM",
            "name": "rgtthibodeau",
            "is_restricted": false,
            "is_ultra_restricted": false
        },
        "blocks": [
            {
                "type": "rich_text",
                "block_id": "QFQ78",
                "elements": [
                    {
                        "type": "rich_text_section",
                        "elements": [
                            {
                                "type": "text",
                                "text": "My biggest splash"
                            }
                        ]
                    }
                ]
            }
        ]
    },
    {
        "client_msg_id": "411b5814-a2ff-4f6a-8deb-0590f9aa24ce",
        "type": "message",
        "text": "ROBBIE THANK YOU",
        "user": "U018URES8KV",
        "ts": "1600984415.002300",
        "team": "TCR2U6UEM",
        "user_team": "TCR2U6UEM",
        "source_team": "TCR2U6UEM",
        "user_profile": {
            "avatar_hash": "1b6b64ea950d",
            "image_72": "https:\/\/avatars.slack-edge.com\/2020-09-18\/1380553169540_1b6b64ea950dd455ff25_72.jpg",
            "first_name": "Adam",
            "real_name": "Adam Holmes",
            "display_name": "Adam Holmes",
            "team": "TCR2U6UEM",
            "name": "adamup555",
            "is_restricted": false,
            "is_ultra_restricted": false
        },
        "blocks": [
            {
                "type": "rich_text",
                "block_id": "Tjed",
                "elements": [
                    {
                        "type": "rich_text_section",
                        "elements": [
                            {
                                "type": "text",
                                "text": "ROBBIE THANK YOU"
                            }
                        ]
                    }
                ]
            }
        ],
        "reactions": [
            {
                "name": "ng",
                "users": [
                    "U016G7WR3KJ",
                    "U0193D42LHJ"
                ],
                "count": 2
            },
            {
                "name": "glitch_crab",
                "users": [
                    "U010FNPUQP8"
                ],
                "count": 1
            },
            {
                "name": "frog_car",
                "users": [
                    "U018GF7AFJB"
                ],
                "count": 1
            }
        ]
    },
    {
        "client_msg_id": "f10f9ece-e115-4ac5-9352-630a3fc75916",
        "type": "message",
        "text": "Did someone log in to the raw bacon instagram",
        "user": "U016G7WR3KJ",
        "ts": "1600990140.003500",
        "team": "TCR2U6UEM",
        "user_team": "TCR2U6UEM",
        "source_team": "TCR2U6UEM",
        "user_profile": {
            "avatar_hash": "bbe6b64d1e6f",
            "image_72": "https:\/\/avatars.slack-edge.com\/2020-09-12\/1359637227778_bbe6b64d1e6f191982dd_72.jpg",
            "first_name": "Robbie",
            "real_name": "Robbie Thibodeau",
            "display_name": "Robbie Thibodeau",
            "team": "TCR2U6UEM",
            "name": "rgtthibodeau",
            "is_restricted": false,
            "is_ultra_restricted": false
        },
        "blocks": [
            {
                "type": "rich_text",
                "block_id": "sSEf",
                "elements": [
                    {
                        "type": "rich_text_section",
                        "elements": [
                            {
                                "type": "text",
                                "text": "Did someone log in to the raw bacon instagram"
                            }
                        ]
                    }
                ]
            }
        ]
    },
    {
        "client_msg_id": "5f147571-99c9-4651-8bd9-2dec73d3aaa8",
        "type": "message",
        "text": "As far as I know last year Lila was in charge if that",
        "user": "U0193D42LHJ",
        "ts": "1600990179.003900",
        "team": "TCR2U6UEM",
        "user_team": "TCR2U6UEM",
        "source_team": "TCR2U6UEM",
        "user_profile": {
            "avatar_hash": "ac92a4993882",
            "image_72": "https:\/\/avatars.slack-edge.com\/2020-09-18\/1380577414884_ac92a4993882a5db4876_72.png",
            "first_name": "Elliot",
            "real_name": "Elliot Schmidt",
            "display_name": "Elliot",
            "team": "TCR2U6UEM",
            "name": "elliotschmidt2002",
            "is_restricted": false,
            "is_ultra_restricted": false
        },
        "blocks": [
            {
                "type": "rich_text",
                "block_id": "rB2z",
                "elements": [
                    {
                        "type": "rich_text_section",
                        "elements": [
                            {
                                "type": "text",
                                "text": "As far as I know last year Lila was in charge if that"
                            }
                        ]
                    }
                ]
            }
        ]
    },
    {
        "client_msg_id": "7880011a-d537-4d21-b35d-5dc349201249",
        "type": "message",
        "text": "Of*",
        "user": "U0193D42LHJ",
        "ts": "1600990182.004100",
        "team": "TCR2U6UEM",
        "user_team": "TCR2U6UEM",
        "source_team": "TCR2U6UEM",
        "user_profile": {
            "avatar_hash": "ac92a4993882",
            "image_72": "https:\/\/avatars.slack-edge.com\/2020-09-18\/1380577414884_ac92a4993882a5db4876_72.png",
            "first_name": "Elliot",
            "real_name": "Elliot Schmidt",
            "display_name": "Elliot",
            "team": "TCR2U6UEM",
            "name": "elliotschmidt2002",
            "is_restricted": false,
            "is_ultra_restricted": false
        },
        "blocks": [
            {
                "type": "rich_text",
                "block_id": "+aXEb",
                "elements": [
                    {
                        "type": "rich_text_section",
                        "elements": [
                            {
                                "type": "text",
                                "text": "Of*"
                            }
                        ]
                    }
                ]
            }
        ]
    },
    {
        "client_msg_id": "5ab3d147-8460-4031-ae02-eed7ef2cd169",
        "type": "message",
        "text": "This year I'm not sure though",
        "user": "U0193D42LHJ",
        "ts": "1600990189.004400",
        "team": "TCR2U6UEM",
        "user_team": "TCR2U6UEM",
        "source_team": "TCR2U6UEM",
        "user_profile": {
            "avatar_hash": "ac92a4993882",
            "image_72": "https:\/\/avatars.slack-edge.com\/2020-09-18\/1380577414884_ac92a4993882a5db4876_72.png",
            "first_name": "Elliot",
            "real_name": "Elliot Schmidt",
            "display_name": "Elliot",
            "team": "TCR2U6UEM",
            "name": "elliotschmidt2002",
            "is_restricted": false,
            "is_ultra_restricted": false
        },
        "blocks": [
            {
                "type": "rich_text",
                "block_id": "I4FQw",
                "elements": [
                    {
                        "type": "rich_text_section",
                        "elements": [
                            {
                                "type": "text",
                                "text": "This year I'm not sure though"
                            }
                        ]
                    }
                ]
            }
        ]
    },
    {
        "client_msg_id": "16dafbba-05af-4246-b8f5-ec1d7153f1c7",
        "type": "message",
        "text": "Someone logged into it on a mac",
        "user": "U016G7WR3KJ",
        "ts": "1600990213.005100",
        "team": "TCR2U6UEM",
        "user_team": "TCR2U6UEM",
        "source_team": "TCR2U6UEM",
        "user_profile": {
            "avatar_hash": "bbe6b64d1e6f",
            "image_72": "https:\/\/avatars.slack-edge.com\/2020-09-12\/1359637227778_bbe6b64d1e6f191982dd_72.jpg",
            "first_name": "Robbie",
            "real_name": "Robbie Thibodeau",
            "display_name": "Robbie Thibodeau",
            "team": "TCR2U6UEM",
            "name": "rgtthibodeau",
            "is_restricted": false,
            "is_ultra_restricted": false
        },
        "blocks": [
            {
                "type": "rich_text",
                "block_id": "NZz",
                "elements": [
                    {
                        "type": "rich_text_section",
                        "elements": [
                            {
                                "type": "text",
                                "text": "Someone logged into it on a mac"
                            }
                        ]
                    }
                ]
            }
        ]
    },
    {
        "client_msg_id": "afc28da4-edb8-463c-b1c0-e35a2fa7fba7",
        "type": "message",
        "text": "Oookkaayyyy that's weird",
        "user": "U0193D42LHJ",
        "ts": "1600990225.005400",
        "team": "TCR2U6UEM",
        "user_team": "TCR2U6UEM",
        "source_team": "TCR2U6UEM",
        "user_profile": {
            "avatar_hash": "ac92a4993882",
            "image_72": "https:\/\/avatars.slack-edge.com\/2020-09-18\/1380577414884_ac92a4993882a5db4876_72.png",
            "first_name": "Elliot",
            "real_name": "Elliot Schmidt",
            "display_name": "Elliot",
            "team": "TCR2U6UEM",
            "name": "elliotschmidt2002",
            "is_restricted": false,
            "is_ultra_restricted": false
        },
        "blocks": [
            {
                "type": "rich_text",
                "block_id": "Vac",
                "elements": [
                    {
                        "type": "rich_text_section",
                        "elements": [
                            {
                                "type": "text",
                                "text": "Oookkaayyyy that's weird"
                            }
                        ]
                    }
                ]
            }
        ]
    },
    {
        "client_msg_id": "218efdfd-d822-4e59-9854-9e18a0c448fc",
        "type": "message",
        "text": "That might be nolan",
        "user": "U018URES8KV",
        "ts": "1600990229.005600",
        "team": "TCR2U6UEM",
        "user_team": "TCR2U6UEM",
        "source_team": "TCR2U6UEM",
        "user_profile": {
            "avatar_hash": "1b6b64ea950d",
            "image_72": "https:\/\/avatars.slack-edge.com\/2020-09-18\/1380553169540_1b6b64ea950dd455ff25_72.jpg",
            "first_name": "Adam",
            "real_name": "Adam Holmes",
            "display_name": "Adam Holmes",
            "team": "TCR2U6UEM",
            "name": "adamup555",
            "is_restricted": false,
            "is_ultra_restricted": false
        },
        "blocks": [
            {
                "type": "rich_text",
                "block_id": "FKUuc",
                "elements": [
                    {
                        "type": "rich_text_section",
                        "elements": [
                            {
                                "type": "text",
                                "text": "That might be nolan"
                            }
                        ]
                    }
                ]
            }
        ]
    },
    {
        "client_msg_id": "4301175e-7a31-42be-be54-bd80d5d17894",
        "type": "message",
        "text": "Yeah",
        "user": "U016G7WR3KJ",
        "ts": "1600990233.005800",
        "team": "TCR2U6UEM",
        "user_team": "TCR2U6UEM",
        "source_team": "TCR2U6UEM",
        "user_profile": {
            "avatar_hash": "bbe6b64d1e6f",
            "image_72": "https:\/\/avatars.slack-edge.com\/2020-09-12\/1359637227778_bbe6b64d1e6f191982dd_72.jpg",
            "first_name": "Robbie",
            "real_name": "Robbie Thibodeau",
            "display_name": "Robbie Thibodeau",
            "team": "TCR2U6UEM",
            "name": "rgtthibodeau",
            "is_restricted": false,
            "is_ultra_restricted": false
        },
        "blocks": [
            {
                "type": "rich_text",
                "block_id": "dtkvx",
                "elements": [
                    {
                        "type": "rich_text_section",
                        "elements": [
                            {
                                "type": "text",
                                "text": "Yeah"
                            }
                        ]
                    }
                ]
            }
        ]
    },
    {
        "client_msg_id": "969188f3-98f7-4004-91d2-8a98ca37e335",
        "type": "message",
        "text": "That's what I would assume",
        "user": "U016G7WR3KJ",
        "ts": "1600990241.006100",
        "team": "TCR2U6UEM",
        "user_team": "TCR2U6UEM",
        "source_team": "TCR2U6UEM",
        "user_profile": {
            "avatar_hash": "bbe6b64d1e6f",
            "image_72": "https:\/\/avatars.slack-edge.com\/2020-09-12\/1359637227778_bbe6b64d1e6f191982dd_72.jpg",
            "first_name": "Robbie",
            "real_name": "Robbie Thibodeau",
            "display_name": "Robbie Thibodeau",
            "team": "TCR2U6UEM",
            "name": "rgtthibodeau",
            "is_restricted": false,
            "is_ultra_restricted": false
        },
        "blocks": [
            {
                "type": "rich_text",
                "block_id": "eqBI",
                "elements": [
                    {
                        "type": "rich_text_section",
                        "elements": [
                            {
                                "type": "text",
                                "text": "That's what I would assume"
                            }
                        ]
                    }
                ]
            }
        ]
    },
    {
        "client_msg_id": "92ad8257-bc73-4130-b1d3-95bdc293971a",
        "type": "message",
        "text": "Does it say from where they logged in?",
        "user": "U0193D42LHJ",
        "ts": "1600990263.007100",
        "team": "TCR2U6UEM",
        "user_team": "TCR2U6UEM",
        "source_team": "TCR2U6UEM",
        "user_profile": {
            "avatar_hash": "ac92a4993882",
            "image_72": "https:\/\/avatars.slack-edge.com\/2020-09-18\/1380577414884_ac92a4993882a5db4876_72.png",
            "first_name": "Elliot",
            "real_name": "Elliot Schmidt",
            "display_name": "Elliot",
            "team": "TCR2U6UEM",
            "name": "elliotschmidt2002",
            "is_restricted": false,
            "is_ultra_restricted": false
        },
        "blocks": [
            {
                "type": "rich_text",
                "block_id": "+10",
                "elements": [
                    {
                        "type": "rich_text_section",
                        "elements": [
                            {
                                "type": "text",
                                "text": "Does it say from where they logged in?"
                            }
                        ]
                    }
                ]
            }
        ]
    },
    {
        "client_msg_id": "ca86d5f0-b4f9-48f8-9650-5c812072efa5",
        "type": "message",
        "text": "It was normal except for the fact that it gave the login time in Pacific time",
        "user": "U016G7WR3KJ",
        "ts": "1600990274.007500",
        "team": "TCR2U6UEM",
        "user_team": "TCR2U6UEM",
        "source_team": "TCR2U6UEM",
        "user_profile": {
            "avatar_hash": "bbe6b64d1e6f",
            "image_72": "https:\/\/avatars.slack-edge.com\/2020-09-12\/1359637227778_bbe6b64d1e6f191982dd_72.jpg",
            "first_name": "Robbie",
            "real_name": "Robbie Thibodeau",
            "display_name": "Robbie Thibodeau",
            "team": "TCR2U6UEM",
            "name": "rgtthibodeau",
            "is_restricted": false,
            "is_ultra_restricted": false
        },
        "blocks": [
            {
                "type": "rich_text",
                "block_id": "VTb",
                "elements": [
                    {
                        "type": "rich_text_section",
                        "elements": [
                            {
                                "type": "text",
                                "text": "It was normal except for the fact that it gave the login time in Pacific time"
                            }
                        ]
                    }
                ]
            }
        ]
    },
    {
        "client_msg_id": "c7df7c58-4b3c-4e44-8fc2-514502677163",
        "type": "message",
        "text": "Huh",
        "user": "U0193D42LHJ",
        "ts": "1600990286.007800",
        "team": "TCR2U6UEM",
        "user_team": "TCR2U6UEM",
        "source_team": "TCR2U6UEM",
        "user_profile": {
            "avatar_hash": "ac92a4993882",
            "image_72": "https:\/\/avatars.slack-edge.com\/2020-09-18\/1380577414884_ac92a4993882a5db4876_72.png",
            "first_name": "Elliot",
            "real_name": "Elliot Schmidt",
            "display_name": "Elliot",
            "team": "TCR2U6UEM",
            "name": "elliotschmidt2002",
            "is_restricted": false,
            "is_ultra_restricted": false
        },
        "blocks": [
            {
                "type": "rich_text",
                "block_id": "8TFPL",
                "elements": [
                    {
                        "type": "rich_text_section",
                        "elements": [
                            {
                                "type": "text",
                                "text": "Huh"
                            }
                        ]
                    }
                ]
            }
        ]
    },
    {
        "client_msg_id": "0acdb530-547c-4a0d-98bc-94eda79d1bac",
        "type": "message",
        "text": "But Iowa city",
        "user": "U016G7WR3KJ",
        "ts": "1600990288.008000",
        "team": "TCR2U6UEM",
        "user_team": "TCR2U6UEM",
        "source_team": "TCR2U6UEM",
        "user_profile": {
            "avatar_hash": "bbe6b64d1e6f",
            "image_72": "https:\/\/avatars.slack-edge.com\/2020-09-12\/1359637227778_bbe6b64d1e6f191982dd_72.jpg",
            "first_name": "Robbie",
            "real_name": "Robbie Thibodeau",
            "display_name": "Robbie Thibodeau",
            "team": "TCR2U6UEM",
            "name": "rgtthibodeau",
            "is_restricted": false,
            "is_ultra_restricted": false
        },
        "blocks": [
            {
                "type": "rich_text",
                "block_id": "o63A5",
                "elements": [
                    {
                        "type": "rich_text_section",
                        "elements": [
                            {
                                "type": "text",
                                "text": "But Iowa city"
                            }
                        ]
                    }
                ]
            }
        ]
    },
    {
        "client_msg_id": "916cd930-188e-4610-9152-614594b87780",
        "type": "message",
        "text": "It had to be nolan",
        "user": "U016G7WR3KJ",
        "ts": "1600990297.008600",
        "team": "TCR2U6UEM",
        "user_team": "TCR2U6UEM",
        "source_team": "TCR2U6UEM",
        "user_profile": {
            "avatar_hash": "bbe6b64d1e6f",
            "image_72": "https:\/\/avatars.slack-edge.com\/2020-09-12\/1359637227778_bbe6b64d1e6f191982dd_72.jpg",
            "first_name": "Robbie",
            "real_name": "Robbie Thibodeau",
            "display_name": "Robbie Thibodeau",
            "team": "TCR2U6UEM",
            "name": "rgtthibodeau",
            "is_restricted": false,
            "is_ultra_restricted": false
        },
        "blocks": [
            {
                "type": "rich_text",
                "block_id": "\/Kc",
                "elements": [
                    {
                        "type": "rich_text_section",
                        "elements": [
                            {
                                "type": "text",
                                "text": "It had to be nolan"
                            }
                        ]
                    }
                ]
            }
        ]
    },
    {
        "client_msg_id": "ede19847-d30a-4d33-b565-5f388334bfef",
        "type": "message",
        "text": "<@U018GF7AFJB> did you login to the insta",
        "user": "U0193D42LHJ",
        "ts": "1600990304.008900",
        "team": "TCR2U6UEM",
        "user_team": "TCR2U6UEM",
        "source_team": "TCR2U6UEM",
        "user_profile": {
            "avatar_hash": "ac92a4993882",
            "image_72": "https:\/\/avatars.slack-edge.com\/2020-09-18\/1380577414884_ac92a4993882a5db4876_72.png",
            "first_name": "Elliot",
            "real_name": "Elliot Schmidt",
            "display_name": "Elliot",
            "team": "TCR2U6UEM",
            "name": "elliotschmidt2002",
            "is_restricted": false,
            "is_ultra_restricted": false
        },
        "blocks": [
            {
                "type": "rich_text",
                "block_id": "\/dH4U",
                "elements": [
                    {
                        "type": "rich_text_section",
                        "elements": [
                            {
                                "type": "user",
                                "user_id": "U018GF7AFJB"
                            },
                            {
                                "type": "text",
                                "text": " did you login to the insta"
                            }
                        ]
                    }
                ]
            }
        ]
    },
    {
        "client_msg_id": "650d44b5-79af-40bd-8259-086a29903864",
        "type": "message",
        "text": "No",
        "user": "U018GF7AFJB",
        "ts": "1600990631.009100",
        "team": "TCR2U6UEM",
        "user_team": "TCR2U6UEM",
        "source_team": "TCR2U6UEM",
        "user_profile": {
            "avatar_hash": "c31861bbc361",
            "image_72": "https:\/\/avatars.slack-edge.com\/2020-08-16\/1316598132593_c31861bbc3618c961c77_72.jpg",
            "first_name": "",
            "real_name": "Nolan Vibhakar",
            "display_name": "Nolan Vibhakar",
            "team": "TCR2U6UEM",
            "name": "novib21",
            "is_restricted": false,
            "is_ultra_restricted": false
        },
        "blocks": [
            {
                "type": "rich_text",
                "block_id": "JU9tF",
                "elements": [
                    {
                        "type": "rich_text_section",
                        "elements": [
                            {
                                "type": "text",
                                "text": "No"
                            }
                        ]
                    }
                ]
            }
        ]
    },
    {
        "client_msg_id": "c6f022b9-b188-4723-8a36-f627b62c7613",
        "type": "message",
        "text": "...",
        "user": "U0193D42LHJ",
        "ts": "1600990639.009500",
        "team": "TCR2U6UEM",
        "user_team": "TCR2U6UEM",
        "source_team": "TCR2U6UEM",
        "user_profile": {
            "avatar_hash": "ac92a4993882",
            "image_72": "https:\/\/avatars.slack-edge.com\/2020-09-18\/1380577414884_ac92a4993882a5db4876_72.png",
            "first_name": "Elliot",
            "real_name": "Elliot Schmidt",
            "display_name": "Elliot",
            "team": "TCR2U6UEM",
            "name": "elliotschmidt2002",
            "is_restricted": false,
            "is_ultra_restricted": false
        },
        "blocks": [
            {
                "type": "rich_text",
                "block_id": "y1PY",
                "elements": [
                    {
                        "type": "rich_text_section",
                        "elements": [
                            {
                                "type": "text",
                                "text": "..."
                            }
                        ]
                    }
                ]
            }
        ]
    },
    {
        "client_msg_id": "7e7d0229-6332-4f0b-81af-df43b20f63a5",
        "type": "message",
        "text": "Well",
        "user": "U0193D42LHJ",
        "ts": "1600990641.009700",
        "team": "TCR2U6UEM",
        "user_team": "TCR2U6UEM",
        "source_team": "TCR2U6UEM",
        "user_profile": {
            "avatar_hash": "ac92a4993882",
            "image_72": "https:\/\/avatars.slack-edge.com\/2020-09-18\/1380577414884_ac92a4993882a5db4876_72.png",
            "first_name": "Elliot",
            "real_name": "Elliot Schmidt",
            "display_name": "Elliot",
            "team": "TCR2U6UEM",
            "name": "elliotschmidt2002",
            "is_restricted": false,
            "is_ultra_restricted": false
        },
        "blocks": [
            {
                "type": "rich_text",
                "block_id": "zgmL",
                "elements": [
                    {
                        "type": "rich_text_section",
                        "elements": [
                            {
                                "type": "text",
                                "text": "Well"
                            }
                        ]
                    }
                ]
            }
        ]
    },
    {
        "client_msg_id": "0c3fed25-6beb-4188-9f80-c16dec349a83",
        "type": "message",
        "text": "Uhm",
        "user": "U0193D42LHJ",
        "ts": "1600990643.009800",
        "team": "TCR2U6UEM",
        "user_team": "TCR2U6UEM",
        "source_team": "TCR2U6UEM",
        "user_profile": {
            "avatar_hash": "ac92a4993882",
            "image_72": "https:\/\/avatars.slack-edge.com\/2020-09-18\/1380577414884_ac92a4993882a5db4876_72.png",
            "first_name": "Elliot",
            "real_name": "Elliot Schmidt",
            "display_name": "Elliot",
            "team": "TCR2U6UEM",
            "name": "elliotschmidt2002",
            "is_restricted": false,
            "is_ultra_restricted": false
        },
        "blocks": [
            {
                "type": "rich_text",
                "block_id": "Fi8",
                "elements": [
                    {
                        "type": "rich_text_section",
                        "elements": [
                            {
                                "type": "text",
                                "text": "Uhm"
                            }
                        ]
                    }
                ]
            }
        ]
    },
    {
        "client_msg_id": "b5888bbd-d2b1-4d2d-86ef-35c3d481b556",
        "type": "message",
        "text": "<@U016G7WR3KJ> we might have a problem",
        "user": "U0193D42LHJ",
        "ts": "1600990733.010400",
        "team": "TCR2U6UEM",
        "user_team": "TCR2U6UEM",
        "source_team": "TCR2U6UEM",
        "user_profile": {
            "avatar_hash": "ac92a4993882",
            "image_72": "https:\/\/avatars.slack-edge.com\/2020-09-18\/1380577414884_ac92a4993882a5db4876_72.png",
            "first_name": "Elliot",
            "real_name": "Elliot Schmidt",
            "display_name": "Elliot",
            "team": "TCR2U6UEM",
            "name": "elliotschmidt2002",
            "is_restricted": false,
            "is_ultra_restricted": false
        },
        "blocks": [
            {
                "type": "rich_text",
                "block_id": "TjV",
                "elements": [
                    {
                        "type": "rich_text_section",
                        "elements": [
                            {
                                "type": "user",
                                "user_id": "U016G7WR3KJ"
                            },
                            {
                                "type": "text",
                                "text": " we might have a problem"
                            }
                        ]
                    }
                ]
            }
        ]
    },
    {
        "client_msg_id": "1359395c-8e58-45b6-9b28-a573dec5fecd",
        "type": "message",
        "text": "Llol",
        "user": "U016G7WR3KJ",
        "ts": "1600990751.010600",
        "team": "TCR2U6UEM",
        "user_team": "TCR2U6UEM",
        "source_team": "TCR2U6UEM",
        "user_profile": {
            "avatar_hash": "bbe6b64d1e6f",
            "image_72": "https:\/\/avatars.slack-edge.com\/2020-09-12\/1359637227778_bbe6b64d1e6f191982dd_72.jpg",
            "first_name": "Robbie",
            "real_name": "Robbie Thibodeau",
            "display_name": "Robbie Thibodeau",
            "team": "TCR2U6UEM",
            "name": "rgtthibodeau",
            "is_restricted": false,
            "is_ultra_restricted": false
        },
        "blocks": [
            {
                "type": "rich_text",
                "block_id": "61HWg",
                "elements": [
                    {
                        "type": "rich_text_section",
                        "elements": [
                            {
                                "type": "text",
                                "text": "Llol"
                            }
                        ]
                    }
                ]
            }
        ]
    },
    {
        "client_msg_id": "9d4ec608-6170-4391-aaa6-3cbb9df8264f",
        "type": "message",
        "text": "Wait a minute",
        "user": "U018URES8KV",
        "ts": "1600990914.011000",
        "team": "TCR2U6UEM",
        "user_team": "TCR2U6UEM",
        "source_team": "TCR2U6UEM",
        "user_profile": {
            "avatar_hash": "1b6b64ea950d",
            "image_72": "https:\/\/avatars.slack-edge.com\/2020-09-18\/1380553169540_1b6b64ea950dd455ff25_72.jpg",
            "first_name": "Adam",
            "real_name": "Adam Holmes",
            "display_name": "Adam Holmes",
            "team": "TCR2U6UEM",
            "name": "adamup555",
            "is_restricted": false,
            "is_ultra_restricted": false
        },
        "blocks": [
            {
                "type": "rich_text",
                "block_id": "41j+e",
                "elements": [
                    {
                        "type": "rich_text_section",
                        "elements": [
                            {
                                "type": "text",
                                "text": "Wait a minute"
                            }
                        ]
                    }
                ]
            }
        ]
    },
    {
        "client_msg_id": "29b40f0f-280f-4eb2-8687-5d2ec11f0488",
        "type": "message",
        "text": "Robbie who was the team that always was in finals matches where the phone disconnected?",
        "user": "U018URES8KV",
        "ts": "1600990928.011600",
        "team": "TCR2U6UEM",
        "user_team": "TCR2U6UEM",
        "source_team": "TCR2U6UEM",
        "user_profile": {
            "avatar_hash": "1b6b64ea950d",
            "image_72": "https:\/\/avatars.slack-edge.com\/2020-09-18\/1380553169540_1b6b64ea950dd455ff25_72.jpg",
            "first_name": "Adam",
            "real_name": "Adam Holmes",
            "display_name": "Adam Holmes",
            "team": "TCR2U6UEM",
            "name": "adamup555",
            "is_restricted": false,
            "is_ultra_restricted": false
        },
        "blocks": [
            {
                "type": "rich_text",
                "block_id": "u1I",
                "elements": [
                    {
                        "type": "rich_text_section",
                        "elements": [
                            {
                                "type": "text",
                                "text": "Robbie who was the team that always was in finals matches where the phone disconnected?"
                            }
                        ]
                    }
                ]
            }
        ]
    },
    {
        "client_msg_id": "db5b4312-f1dc-4af9-a58d-18f2da1d9de8",
        "type": "message",
        "text": "Let me check",
        "user": "U016G7WR3KJ",
        "ts": "1600990947.012100",
        "team": "TCR2U6UEM",
        "user_team": "TCR2U6UEM",
        "source_team": "TCR2U6UEM",
        "user_profile": {
            "avatar_hash": "bbe6b64d1e6f",
            "image_72": "https:\/\/avatars.slack-edge.com\/2020-09-12\/1359637227778_bbe6b64d1e6f191982dd_72.jpg",
            "first_name": "Robbie",
            "real_name": "Robbie Thibodeau",
            "display_name": "Robbie Thibodeau",
            "team": "TCR2U6UEM",
            "name": "rgtthibodeau",
            "is_restricted": false,
            "is_ultra_restricted": false
        },
        "blocks": [
            {
                "type": "rich_text",
                "block_id": "BVx",
                "elements": [
                    {
                        "type": "rich_text_section",
                        "elements": [
                            {
                                "type": "text",
                                "text": "Let me check"
                            }
                        ]
                    }
                ]
            }
        ]
    },
    {
        "client_msg_id": "e3d0d102-9ad2-468c-b995-d9c120974199",
        "type": "message",
        "text": "I remeber that",
        "user": "U016G7WR3KJ",
        "ts": "1600990951.012300",
        "team": "TCR2U6UEM",
        "user_team": "TCR2U6UEM",
        "source_team": "TCR2U6UEM",
        "user_profile": {
            "avatar_hash": "bbe6b64d1e6f",
            "image_72": "https:\/\/avatars.slack-edge.com\/2020-09-12\/1359637227778_bbe6b64d1e6f191982dd_72.jpg",
            "first_name": "Robbie",
            "real_name": "Robbie Thibodeau",
            "display_name": "Robbie Thibodeau",
            "team": "TCR2U6UEM",
            "name": "rgtthibodeau",
            "is_restricted": false,
            "is_ultra_restricted": false
        },
        "blocks": [
            {
                "type": "rich_text",
                "block_id": "6Vp",
                "elements": [
                    {
                        "type": "rich_text_section",
                        "elements": [
                            {
                                "type": "text",
                                "text": "I remeber that"
                            }
                        ]
                    }
                ]
            }
        ],
        "reactions": [
            {
                "name": "watermelon",
                "users": [
                    "U018URES8KV",
                    "U0193D42LHJ"
                ],
                "count": 2
            }
        ]
    },
    {
        "client_msg_id": "fd21311e-7e41-4894-858f-72759690dd84",
        "type": "message",
        "text": "Or it could be west -.-",
        "user": "U018URES8KV",
        "ts": "1600990962.012600",
        "team": "TCR2U6UEM",
        "user_team": "TCR2U6UEM",
        "source_team": "TCR2U6UEM",
        "user_profile": {
            "avatar_hash": "1b6b64ea950d",
            "image_72": "https:\/\/avatars.slack-edge.com\/2020-09-18\/1380553169540_1b6b64ea950dd455ff25_72.jpg",
            "first_name": "Adam",
            "real_name": "Adam Holmes",
            "display_name": "Adam Holmes",
            "team": "TCR2U6UEM",
            "name": "adamup555",
            "is_restricted": false,
            "is_ultra_restricted": false
        },
        "blocks": [
            {
                "type": "rich_text",
                "block_id": "xe7wD",
                "elements": [
                    {
                        "type": "rich_text_section",
                        "elements": [
                            {
                                "type": "text",
                                "text": "Or it could be west -.-"
                            }
                        ]
                    }
                ]
            }
        ]
    },
    {
        "client_msg_id": "72161365-2bbc-42d7-9724-a29e3e3b430f",
        "type": "message",
        "text": "Panther bots",
        "user": "U016G7WR3KJ",
        "ts": "1600991130.013100",
        "team": "TCR2U6UEM",
        "user_team": "TCR2U6UEM",
        "source_team": "TCR2U6UEM",
        "user_profile": {
            "avatar_hash": "bbe6b64d1e6f",
            "image_72": "https:\/\/avatars.slack-edge.com\/2020-09-12\/1359637227778_bbe6b64d1e6f191982dd_72.jpg",
            "first_name": "Robbie",
            "real_name": "Robbie Thibodeau",
            "display_name": "Robbie Thibodeau",
            "team": "TCR2U6UEM",
            "name": "rgtthibodeau",
            "is_restricted": false,
            "is_ultra_restricted": false
        },
        "blocks": [
            {
                "type": "rich_text",
                "block_id": "Vhw",
                "elements": [
                    {
                        "type": "rich_text_section",
                        "elements": [
                            {
                                "type": "text",
                                "text": "Panther bots"
                            }
                        ]
                    }
                ]
            }
        ]
    },
    {
        "client_msg_id": "28b06359-bd3f-48b3-901d-ce1cda56e958",
        "type": "message",
        "text": "5154",
        "user": "U016G7WR3KJ",
        "ts": "1600991135.013300",
        "team": "TCR2U6UEM",
        "user_team": "TCR2U6UEM",
        "source_team": "TCR2U6UEM",
        "user_profile": {
            "avatar_hash": "bbe6b64d1e6f",
            "image_72": "https:\/\/avatars.slack-edge.com\/2020-09-12\/1359637227778_bbe6b64d1e6f191982dd_72.jpg",
            "first_name": "Robbie",
            "real_name": "Robbie Thibodeau",
            "display_name": "Robbie Thibodeau",
            "team": "TCR2U6UEM",
            "name": "rgtthibodeau",
            "is_restricted": false,
            "is_ultra_restricted": false
        },
        "blocks": [
            {
                "type": "rich_text",
                "block_id": "nfmWy",
                "elements": [
                    {
                        "type": "rich_text_section",
                        "elements": [
                            {
                                "type": "text",
                                "text": "5154"
                            }
                        ]
                    }
                ]
            }
        ]
    },
    {
        "client_msg_id": "80504d23-8481-436d-a2cd-b9c51255fc18",
        "type": "message",
        "text": "Ah yes",
        "user": "U0193D42LHJ",
        "ts": "1600991164.013500",
        "team": "TCR2U6UEM",
        "user_team": "TCR2U6UEM",
        "source_team": "TCR2U6UEM",
        "user_profile": {
            "avatar_hash": "ac92a4993882",
            "image_72": "https:\/\/avatars.slack-edge.com\/2020-09-18\/1380577414884_ac92a4993882a5db4876_72.png",
            "first_name": "Elliot",
            "real_name": "Elliot Schmidt",
            "display_name": "Elliot",
            "team": "TCR2U6UEM",
            "name": "elliotschmidt2002",
            "is_restricted": false,
            "is_ultra_restricted": false
        },
        "blocks": [
            {
                "type": "rich_text",
                "block_id": "odMA3",
                "elements": [
                    {
                        "type": "rich_text_section",
                        "elements": [
                            {
                                "type": "text",
                                "text": "Ah yes"
                            }
                        ]
                    }
                ]
            }
        ]
    },
    {
        "client_msg_id": "56c4821c-8d6a-46db-9bfa-e6449c065fd7",
        "type": "message",
        "text": "Panther bots",
        "user": "U0193D42LHJ",
        "ts": "1600991170.013800",
        "team": "TCR2U6UEM",
        "user_team": "TCR2U6UEM",
        "source_team": "TCR2U6UEM",
        "user_profile": {
            "avatar_hash": "ac92a4993882",
            "image_72": "https:\/\/avatars.slack-edge.com\/2020-09-18\/1380577414884_ac92a4993882a5db4876_72.png",
            "first_name": "Elliot",
            "real_name": "Elliot Schmidt",
            "display_name": "Elliot",
            "team": "TCR2U6UEM",
            "name": "elliotschmidt2002",
            "is_restricted": false,
            "is_ultra_restricted": false
        },
        "blocks": [
            {
                "type": "rich_text",
                "block_id": "WliKl",
                "elements": [
                    {
                        "type": "rich_text_section",
                        "elements": [
                            {
                                "type": "text",
                                "text": "Panther bots"
                            }
                        ]
                    }
                ]
            }
        ]
    },
    {
        "client_msg_id": "a88d1c10-c517-4dbb-bc65-f3f1d5a7e501",
        "type": "message",
        "text": "They're playing the long game",
        "user": "U010DDZ3FJR",
        "ts": "1600993500.014100",
        "team": "TCR2U6UEM",
        "user_team": "TCR2U6UEM",
        "source_team": "TCR2U6UEM",
        "user_profile": {
            "avatar_hash": "fda0a36a8605",
            "image_72": "https:\/\/avatars.slack-edge.com\/2020-09-18\/1386993799393_fda0a36a86053c692b20_72.jpg",
            "first_name": "Luke",
            "real_name": "Luke Aschenbrenner",
            "display_name": "Luke Aschenbrenner",
            "team": "TCR2U6UEM",
            "name": "ashbren21",
            "is_restricted": false,
            "is_ultra_restricted": false
        },
        "blocks": [
            {
                "type": "rich_text",
                "block_id": "gF1",
                "elements": [
                    {
                        "type": "rich_text_section",
                        "elements": [
                            {
                                "type": "text",
                                "text": "They're playing the long game"
                            }
                        ]
                    }
                ]
            }
        ],
        "reactions": [
            {
                "name": "eyes",
                "users": [
                    "U016G7WR3KJ",
                    "U0193D42LHJ",
                    "U018URES8KV",
                    "U0103BWEQSD"
                ],
                "count": 4
            },
            {
                "name": "black_circle",
                "users": [
                    "U018URES8KV",
                    "U0103BWEQSD"
                ],
                "count": 2
            },
            {
                "name": "heavy_plus_sign",
                "users": [
                    "U018URES8KV",
                    "U0103BWEQSD"
                ],
                "count": 2
            },
            {
                "name": "cat",
                "users": [
                    "U018URES8KV",
                    "U0103BWEQSD"
                ],
                "count": 2
            },
            {
                "name": "skull",
                "users": [
                    "U018URES8KV",
                    "U0103BWEQSD"
                ],
                "count": 2
            }
        ]
    },
    {
        "client_msg_id": "b76c1e41-8010-4bcb-bc67-ba1a203abbc7",
        "type": "message",
        "text": "God I just remembered I ate chili dogs from a vending machine",
        "user": "U018URES8KV",
        "ts": "1601013335.000500",
        "team": "TCR2U6UEM",
        "user_team": "TCR2U6UEM",
        "source_team": "TCR2U6UEM",
        "user_profile": {
            "avatar_hash": "1b6b64ea950d",
            "image_72": "https:\/\/avatars.slack-edge.com\/2020-09-18\/1380553169540_1b6b64ea950dd455ff25_72.jpg",
            "first_name": "Adam",
            "real_name": "Adam Holmes",
            "display_name": "Adam Holmes",
            "team": "TCR2U6UEM",
            "name": "adamup555",
            "is_restricted": false,
            "is_ultra_restricted": false
        },
        "blocks": [
            {
                "type": "rich_text",
                "block_id": "dPb",
                "elements": [
                    {
                        "type": "rich_text_section",
                        "elements": [
                            {
                                "type": "text",
                                "text": "God I just remembered I ate chili dogs from a vending machine"
                            }
                        ]
                    }
                ]
            }
        ]
    },
    {
        "client_msg_id": "d8d044ae-2014-401a-815e-05a060fa5878",
        "type": "message",
        "text": "I remeber those",
        "user": "U016G7WR3KJ",
        "ts": "1601013904.000700",
        "team": "TCR2U6UEM",
        "user_team": "TCR2U6UEM",
        "source_team": "TCR2U6UEM",
        "user_profile": {
            "avatar_hash": "bbe6b64d1e6f",
            "image_72": "https:\/\/avatars.slack-edge.com\/2020-09-12\/1359637227778_bbe6b64d1e6f191982dd_72.jpg",
            "first_name": "Robbie",
            "real_name": "Robbie Thibodeau",
            "display_name": "Robbie Thibodeau",
            "team": "TCR2U6UEM",
            "name": "rgtthibodeau",
            "is_restricted": false,
            "is_ultra_restricted": false
        },
        "blocks": [
            {
                "type": "rich_text",
                "block_id": "=07h",
                "elements": [
                    {
                        "type": "rich_text_section",
                        "elements": [
                            {
                                "type": "text",
                                "text": "I remeber those"
                            }
                        ]
                    }
                ]
            }
        ]
    },
    {
        "client_msg_id": "5812d75a-4cf7-4571-8e6c-01e2127ecd63",
        "type": "message",
        "text": "apparently updating graphics drivers with slack running causes slack to soft crash",
        "user": "U0193D42LHJ",
        "ts": "1601014064.001200",
        "team": "TCR2U6UEM",
        "user_team": "TCR2U6UEM",
        "source_team": "TCR2U6UEM",
        "user_profile": {
            "avatar_hash": "ac92a4993882",
            "image_72": "https:\/\/avatars.slack-edge.com\/2020-09-18\/1380577414884_ac92a4993882a5db4876_72.png",
            "first_name": "Elliot",
            "real_name": "Elliot Schmidt",
            "display_name": "Elliot",
            "team": "TCR2U6UEM",
            "name": "elliotschmidt2002",
            "is_restricted": false,
            "is_ultra_restricted": false
        },
        "blocks": [
            {
                "type": "rich_text",
                "block_id": "Leij",
                "elements": [
                    {
                        "type": "rich_text_section",
                        "elements": [
                            {
                                "type": "text",
                                "text": "apparently updating graphics drivers with slack running causes slack to soft crash"
                            }
                        ]
                    }
                ]
            }
        ]
    }
]