[
    {
        "type": "message",
        "text": "Since there was no assemblies on the robot the weight distribution was terrible. That problem has since been remedied",
        "files": [
            {
                "id": "F01HPM5APJS",
                "created": 1609636930,
                "timestamp": 1609636930,
                "name": "IMG_20210102_192202.jpg",
                "title": "IMG_20210102_192202.jpg",
                "mimetype": "image\/jpeg",
                "filetype": "jpg",
                "pretty_type": "JPEG",
                "user": "U0193D42LHJ",
                "editable": false,
                "size": 883421,
                "mode": "hosted",
                "is_external": false,
                "external_type": "",
                "is_public": true,
                "public_url_shared": false,
                "display_as_bot": false,
                "username": "",
                "url_private": "https:\/\/files.slack.com\/files-pri\/TCR2U6UEM-F01HPM5APJS\/img_20210102_192202.jpg?t=xoxe-433096232497-1684125439971-1696548615153-cd1d3d402b441a7d6039d167da7d37bd",
                "url_private_download": "https:\/\/files.slack.com\/files-pri\/TCR2U6UEM-F01HPM5APJS\/download\/img_20210102_192202.jpg?t=xoxe-433096232497-1684125439971-1696548615153-cd1d3d402b441a7d6039d167da7d37bd",
                "thumb_64": "https:\/\/files.slack.com\/files-tmb\/TCR2U6UEM-F01HPM5APJS-d04bd1087b\/img_20210102_192202_64.jpg?t=xoxe-433096232497-1684125439971-1696548615153-cd1d3d402b441a7d6039d167da7d37bd",
                "thumb_80": "https:\/\/files.slack.com\/files-tmb\/TCR2U6UEM-F01HPM5APJS-d04bd1087b\/img_20210102_192202_80.jpg?t=xoxe-433096232497-1684125439971-1696548615153-cd1d3d402b441a7d6039d167da7d37bd",
                "thumb_360": "https:\/\/files.slack.com\/files-tmb\/TCR2U6UEM-F01HPM5APJS-d04bd1087b\/img_20210102_192202_360.jpg?t=xoxe-433096232497-1684125439971-1696548615153-cd1d3d402b441a7d6039d167da7d37bd",
                "thumb_360_w": 270,
                "thumb_360_h": 360,
                "thumb_480": "https:\/\/files.slack.com\/files-tmb\/TCR2U6UEM-F01HPM5APJS-d04bd1087b\/img_20210102_192202_480.jpg?t=xoxe-433096232497-1684125439971-1696548615153-cd1d3d402b441a7d6039d167da7d37bd",
                "thumb_480_w": 360,
                "thumb_480_h": 480,
                "thumb_160": "https:\/\/files.slack.com\/files-tmb\/TCR2U6UEM-F01HPM5APJS-d04bd1087b\/img_20210102_192202_160.jpg?t=xoxe-433096232497-1684125439971-1696548615153-cd1d3d402b441a7d6039d167da7d37bd",
                "thumb_720": "https:\/\/files.slack.com\/files-tmb\/TCR2U6UEM-F01HPM5APJS-d04bd1087b\/img_20210102_192202_720.jpg?t=xoxe-433096232497-1684125439971-1696548615153-cd1d3d402b441a7d6039d167da7d37bd",
                "thumb_720_w": 540,
                "thumb_720_h": 720,
                "thumb_800": "https:\/\/files.slack.com\/files-tmb\/TCR2U6UEM-F01HPM5APJS-d04bd1087b\/img_20210102_192202_800.jpg?t=xoxe-433096232497-1684125439971-1696548615153-cd1d3d402b441a7d6039d167da7d37bd",
                "thumb_800_w": 800,
                "thumb_800_h": 1067,
                "thumb_960": "https:\/\/files.slack.com\/files-tmb\/TCR2U6UEM-F01HPM5APJS-d04bd1087b\/img_20210102_192202_960.jpg?t=xoxe-433096232497-1684125439971-1696548615153-cd1d3d402b441a7d6039d167da7d37bd",
                "thumb_960_w": 720,
                "thumb_960_h": 960,
                "thumb_1024": "https:\/\/files.slack.com\/files-tmb\/TCR2U6UEM-F01HPM5APJS-d04bd1087b\/img_20210102_192202_1024.jpg?t=xoxe-433096232497-1684125439971-1696548615153-cd1d3d402b441a7d6039d167da7d37bd",
                "thumb_1024_w": 768,
                "thumb_1024_h": 1024,
                "original_w": 3024,
                "original_h": 4032,
                "thumb_tiny": "AwAwACSooxyKNg70\/GBTCrd+nr1pDDaCOlG0UqE5A4x79qfjr7UxEW2jbUmKMUgFxg8nj0oAyTgcUrxnadvP1pyHCqFBJ7j\/AApgKYlIHGCPSgfKRvXPPUdqkBBHFIaQEcqqXOMEDuBTNg9Kc8io2D1pvnJ70ATil2jOcUgp1ACYCjLKW\/2h2PvQR7596dk847000AMaNWOWAJpPJj\/uinGikB\/\/2Q==",
                "permalink": "https:\/\/rawbaconrobotics.slack.com\/files\/U0193D42LHJ\/F01HPM5APJS\/img_20210102_192202.jpg",
                "permalink_public": "https:\/\/slack-files.com\/TCR2U6UEM-F01HPM5APJS-ca5f85dbf2",
                "is_starred": false,
                "has_rich_preview": false
            }
        ],
        "upload": false,
        "blocks": [
            {
                "type": "rich_text",
                "block_id": "eiUnw",
                "elements": [
                    {
                        "type": "rich_text_section",
                        "elements": [
                            {
                                "type": "text",
                                "text": "Since there was no assemblies on the robot the weight distribution was terrible. That problem has since been remedied"
                            }
                        ]
                    }
                ]
            }
        ],
        "user": "U0193D42LHJ",
        "display_as_bot": false,
        "ts": "1609636953.002500",
        "client_msg_id": "93fd0738-c715-42a1-b05f-834d1d24f324",
        "reactions": [
            {
                "name": "stonks",
                "users": [
                    "U018URES8KV",
                    "U018X7N6MMG",
                    "U010DDZ3FJR",
                    "U010FNPUQP8"
                ],
                "count": 4
            }
        ]
    },
    {
        "client_msg_id": "cc8ac3db-210b-4938-a6f2-4bed3a33c333",
        "type": "message",
        "text": "The ancient remedy",
        "user": "U016G7WR3KJ",
        "ts": "1609637156.003300",
        "team": "TCR2U6UEM",
        "user_team": "TCR2U6UEM",
        "source_team": "TCR2U6UEM",
        "user_profile": {
            "avatar_hash": "bbe6b64d1e6f",
            "image_72": "https:\/\/avatars.slack-edge.com\/2020-09-12\/1359637227778_bbe6b64d1e6f191982dd_72.jpg",
            "first_name": "Robbie",
            "real_name": "Robbie Thibodeau",
            "display_name": "Robbie Thibodeau",
            "team": "TCR2U6UEM",
            "name": "rgtthibodeau",
            "is_restricted": false,
            "is_ultra_restricted": false
        },
        "blocks": [
            {
                "type": "rich_text",
                "block_id": "uuYJ",
                "elements": [
                    {
                        "type": "rich_text_section",
                        "elements": [
                            {
                                "type": "text",
                                "text": "The ancient remedy"
                            }
                        ]
                    }
                ]
            }
        ]
    },
    {
        "client_msg_id": "79021fe6-5711-4860-af35-eb4c00388c0d",
        "type": "message",
        "text": "I can drop off the wobble arm tomorrow",
        "user": "U018URES8KV",
        "ts": "1609638452.003700",
        "team": "TCR2U6UEM",
        "user_team": "TCR2U6UEM",
        "source_team": "TCR2U6UEM",
        "user_profile": {
            "avatar_hash": "1b6b64ea950d",
            "image_72": "https:\/\/avatars.slack-edge.com\/2020-09-18\/1380553169540_1b6b64ea950dd455ff25_72.jpg",
            "first_name": "Adam",
            "real_name": "Adam Holmes",
            "display_name": "Adam Holmes",
            "team": "TCR2U6UEM",
            "name": "adamup555",
            "is_restricted": false,
            "is_ultra_restricted": false
        },
        "blocks": [
            {
                "type": "rich_text",
                "block_id": "Zl4u",
                "elements": [
                    {
                        "type": "rich_text_section",
                        "elements": [
                            {
                                "type": "text",
                                "text": "I can drop off the wobble arm tomorrow"
                            }
                        ]
                    }
                ]
            }
        ]
    },
    {
        "client_msg_id": "bc32bca7-34c9-4286-b2ea-2da2de42b612",
        "type": "message",
        "text": "Hopefully that doesn't mess stuff up too much if you decide to mount it",
        "user": "U018URES8KV",
        "ts": "1609638463.003900",
        "team": "TCR2U6UEM",
        "user_team": "TCR2U6UEM",
        "source_team": "TCR2U6UEM",
        "user_profile": {
            "avatar_hash": "1b6b64ea950d",
            "image_72": "https:\/\/avatars.slack-edge.com\/2020-09-18\/1380553169540_1b6b64ea950dd455ff25_72.jpg",
            "first_name": "Adam",
            "real_name": "Adam Holmes",
            "display_name": "Adam Holmes",
            "team": "TCR2U6UEM",
            "name": "adamup555",
            "is_restricted": false,
            "is_ultra_restricted": false
        },
        "blocks": [
            {
                "type": "rich_text",
                "block_id": "jEEo",
                "elements": [
                    {
                        "type": "rich_text_section",
                        "elements": [
                            {
                                "type": "text",
                                "text": "Hopefully that doesn't mess stuff up too much if you decide to mount it"
                            }
                        ]
                    }
                ]
            }
        ]
    },
    {
        "client_msg_id": "c01302c5-e048-41e7-b3d8-7288958a1314",
        "type": "message",
        "text": "I do not have a servo with it though",
        "user": "U018URES8KV",
        "ts": "1609638473.004200",
        "team": "TCR2U6UEM",
        "user_team": "TCR2U6UEM",
        "source_team": "TCR2U6UEM",
        "user_profile": {
            "avatar_hash": "1b6b64ea950d",
            "image_72": "https:\/\/avatars.slack-edge.com\/2020-09-18\/1380553169540_1b6b64ea950dd455ff25_72.jpg",
            "first_name": "Adam",
            "real_name": "Adam Holmes",
            "display_name": "Adam Holmes",
            "team": "TCR2U6UEM",
            "name": "adamup555",
            "is_restricted": false,
            "is_ultra_restricted": false
        },
        "blocks": [
            {
                "type": "rich_text",
                "block_id": "kYN",
                "elements": [
                    {
                        "type": "rich_text_section",
                        "elements": [
                            {
                                "type": "text",
                                "text": "I do not have a servo with it though"
                            }
                        ]
                    }
                ]
            }
        ]
    },
    {
        "client_msg_id": "678533ed-7cd8-4747-bcb3-2b675489d352",
        "type": "message",
        "text": "then I need a servo",
        "user": "U0193D42LHJ",
        "ts": "1609638921.004400",
        "team": "TCR2U6UEM",
        "user_team": "TCR2U6UEM",
        "source_team": "TCR2U6UEM",
        "user_profile": {
            "avatar_hash": "ac92a4993882",
            "image_72": "https:\/\/avatars.slack-edge.com\/2020-09-18\/1380577414884_ac92a4993882a5db4876_72.png",
            "first_name": "Elliot",
            "real_name": "Elliot Schmidt",
            "display_name": "Elliot",
            "team": "TCR2U6UEM",
            "name": "elliotschmidt2002",
            "is_restricted": false,
            "is_ultra_restricted": false
        },
        "blocks": [
            {
                "type": "rich_text",
                "block_id": "5Q7F",
                "elements": [
                    {
                        "type": "rich_text_section",
                        "elements": [
                            {
                                "type": "text",
                                "text": "then I need a servo"
                            }
                        ]
                    }
                ]
            }
        ]
    },
    {
        "client_msg_id": "c394c772-0901-4261-8e60-83bbeb496db7",
        "type": "message",
        "text": "<@U018X7N6MMG>",
        "user": "U018URES8KV",
        "ts": "1609638952.005000",
        "team": "TCR2U6UEM",
        "user_team": "TCR2U6UEM",
        "source_team": "TCR2U6UEM",
        "user_profile": {
            "avatar_hash": "1b6b64ea950d",
            "image_72": "https:\/\/avatars.slack-edge.com\/2020-09-18\/1380553169540_1b6b64ea950dd455ff25_72.jpg",
            "first_name": "Adam",
            "real_name": "Adam Holmes",
            "display_name": "Adam Holmes",
            "team": "TCR2U6UEM",
            "name": "adamup555",
            "is_restricted": false,
            "is_ultra_restricted": false
        },
        "blocks": [
            {
                "type": "rich_text",
                "block_id": "qsU",
                "elements": [
                    {
                        "type": "rich_text_section",
                        "elements": [
                            {
                                "type": "user",
                                "user_id": "U018X7N6MMG"
                            }
                        ]
                    }
                ]
            }
        ]
    },
    {
        "client_msg_id": "887ACD70-A823-4246-85AA-32F0DE70CB7A",
        "type": "message",
        "text": "Ok I can grab one tomorrow",
        "user": "U018X7N6MMG",
        "ts": "1609638983.005400",
        "team": "TCR2U6UEM",
        "user_team": "TCR2U6UEM",
        "source_team": "TCR2U6UEM",
        "user_profile": {
            "avatar_hash": "ba89825d3b7b",
            "image_72": "https:\/\/avatars.slack-edge.com\/2020-09-11\/1355949232709_ba89825d3b7bcf995dc9_72.png",
            "first_name": "Keith",
            "real_name": "Keith Friestad",
            "display_name": "",
            "team": "TCR2U6UEM",
            "name": "keith.friestad",
            "is_restricted": false,
            "is_ultra_restricted": false
        },
        "blocks": [
            {
                "type": "rich_text",
                "block_id": "B5Xt+",
                "elements": [
                    {
                        "type": "rich_text_section",
                        "elements": [
                            {
                                "type": "text",
                                "text": "Ok I can grab one tomorrow"
                            }
                        ]
                    }
                ]
            }
        ]
    },
    {
        "client_msg_id": "40e4b78c-c054-4d2b-8172-982b19c1d1d6",
        "type": "message",
        "text": "mind sending a pic",
        "user": "U0193D42LHJ",
        "ts": "1609639215.005800",
        "team": "TCR2U6UEM",
        "user_team": "TCR2U6UEM",
        "source_team": "TCR2U6UEM",
        "user_profile": {
            "avatar_hash": "ac92a4993882",
            "image_72": "https:\/\/avatars.slack-edge.com\/2020-09-18\/1380577414884_ac92a4993882a5db4876_72.png",
            "first_name": "Elliot",
            "real_name": "Elliot Schmidt",
            "display_name": "Elliot",
            "team": "TCR2U6UEM",
            "name": "elliotschmidt2002",
            "is_restricted": false,
            "is_ultra_restricted": false
        },
        "blocks": [
            {
                "type": "rich_text",
                "block_id": "9sgQi",
                "elements": [
                    {
                        "type": "rich_text_section",
                        "elements": [
                            {
                                "type": "text",
                                "text": "mind sending a pic"
                            }
                        ]
                    }
                ]
            }
        ]
    },
    {
        "client_msg_id": "1ccf6973-911f-433e-be44-7c3e80c05418",
        "type": "message",
        "text": "I need to attach the tpu piece but here it is",
        "user": "U018URES8KV",
        "ts": "1609640214.005900",
        "team": "TCR2U6UEM",
        "user_team": "TCR2U6UEM",
        "source_team": "TCR2U6UEM",
        "user_profile": {
            "avatar_hash": "1b6b64ea950d",
            "image_72": "https:\/\/avatars.slack-edge.com\/2020-09-18\/1380553169540_1b6b64ea950dd455ff25_72.jpg",
            "first_name": "Adam",
            "real_name": "Adam Holmes",
            "display_name": "Adam Holmes",
            "team": "TCR2U6UEM",
            "name": "adamup555",
            "is_restricted": false,
            "is_ultra_restricted": false
        },
        "blocks": [
            {
                "type": "rich_text",
                "block_id": "5TE3",
                "elements": [
                    {
                        "type": "rich_text_section",
                        "elements": [
                            {
                                "type": "text",
                                "text": "I need to attach the tpu piece but here it is"
                            }
                        ]
                    }
                ]
            }
        ]
    },
    {
        "client_msg_id": "0af1d88e-f5e4-455e-acdc-af1557d61e6b",
        "type": "message",
        "text": "The claw will come off",
        "user": "U018URES8KV",
        "ts": "1609640251.006000",
        "team": "TCR2U6UEM",
        "user_team": "TCR2U6UEM",
        "source_team": "TCR2U6UEM",
        "user_profile": {
            "avatar_hash": "1b6b64ea950d",
            "image_72": "https:\/\/avatars.slack-edge.com\/2020-09-18\/1380553169540_1b6b64ea950dd455ff25_72.jpg",
            "first_name": "Adam",
            "real_name": "Adam Holmes",
            "display_name": "Adam Holmes",
            "team": "TCR2U6UEM",
            "name": "adamup555",
            "is_restricted": false,
            "is_ultra_restricted": false
        },
        "blocks": [
            {
                "type": "rich_text",
                "block_id": "OwtSm",
                "elements": [
                    {
                        "type": "rich_text_section",
                        "elements": [
                            {
                                "type": "text",
                                "text": "The claw will come off"
                            }
                        ]
                    }
                ]
            }
        ]
    },
    {
        "type": "message",
        "text": "",
        "files": [
            {
                "id": "F01HWF9TUE6",
                "created": 1609640244,
                "timestamp": 1609640244,
                "name": "IMG_20210102_201703.jpg",
                "title": "IMG_20210102_201703.jpg",
                "mimetype": "image\/jpeg",
                "filetype": "jpg",
                "pretty_type": "JPEG",
                "user": "U018URES8KV",
                "editable": false,
                "size": 549756,
                "mode": "hosted",
                "is_external": false,
                "external_type": "",
                "is_public": true,
                "public_url_shared": false,
                "display_as_bot": false,
                "username": "",
                "url_private": "https:\/\/files.slack.com\/files-pri\/TCR2U6UEM-F01HWF9TUE6\/img_20210102_201703.jpg?t=xoxe-433096232497-1684125439971-1696548615153-cd1d3d402b441a7d6039d167da7d37bd",
                "url_private_download": "https:\/\/files.slack.com\/files-pri\/TCR2U6UEM-F01HWF9TUE6\/download\/img_20210102_201703.jpg?t=xoxe-433096232497-1684125439971-1696548615153-cd1d3d402b441a7d6039d167da7d37bd",
                "thumb_64": "https:\/\/files.slack.com\/files-tmb\/TCR2U6UEM-F01HWF9TUE6-e55b11aab3\/img_20210102_201703_64.jpg?t=xoxe-433096232497-1684125439971-1696548615153-cd1d3d402b441a7d6039d167da7d37bd",
                "thumb_80": "https:\/\/files.slack.com\/files-tmb\/TCR2U6UEM-F01HWF9TUE6-e55b11aab3\/img_20210102_201703_80.jpg?t=xoxe-433096232497-1684125439971-1696548615153-cd1d3d402b441a7d6039d167da7d37bd",
                "thumb_360": "https:\/\/files.slack.com\/files-tmb\/TCR2U6UEM-F01HWF9TUE6-e55b11aab3\/img_20210102_201703_360.jpg?t=xoxe-433096232497-1684125439971-1696548615153-cd1d3d402b441a7d6039d167da7d37bd",
                "thumb_360_w": 270,
                "thumb_360_h": 360,
                "thumb_480": "https:\/\/files.slack.com\/files-tmb\/TCR2U6UEM-F01HWF9TUE6-e55b11aab3\/img_20210102_201703_480.jpg?t=xoxe-433096232497-1684125439971-1696548615153-cd1d3d402b441a7d6039d167da7d37bd",
                "thumb_480_w": 360,
                "thumb_480_h": 480,
                "thumb_160": "https:\/\/files.slack.com\/files-tmb\/TCR2U6UEM-F01HWF9TUE6-e55b11aab3\/img_20210102_201703_160.jpg?t=xoxe-433096232497-1684125439971-1696548615153-cd1d3d402b441a7d6039d167da7d37bd",
                "thumb_720": "https:\/\/files.slack.com\/files-tmb\/TCR2U6UEM-F01HWF9TUE6-e55b11aab3\/img_20210102_201703_720.jpg?t=xoxe-433096232497-1684125439971-1696548615153-cd1d3d402b441a7d6039d167da7d37bd",
                "thumb_720_w": 540,
                "thumb_720_h": 720,
                "thumb_800": "https:\/\/files.slack.com\/files-tmb\/TCR2U6UEM-F01HWF9TUE6-e55b11aab3\/img_20210102_201703_800.jpg?t=xoxe-433096232497-1684125439971-1696548615153-cd1d3d402b441a7d6039d167da7d37bd",
                "thumb_800_w": 800,
                "thumb_800_h": 1067,
                "thumb_960": "https:\/\/files.slack.com\/files-tmb\/TCR2U6UEM-F01HWF9TUE6-e55b11aab3\/img_20210102_201703_960.jpg?t=xoxe-433096232497-1684125439971-1696548615153-cd1d3d402b441a7d6039d167da7d37bd",
                "thumb_960_w": 720,
                "thumb_960_h": 960,
                "thumb_1024": "https:\/\/files.slack.com\/files-tmb\/TCR2U6UEM-F01HWF9TUE6-e55b11aab3\/img_20210102_201703_1024.jpg?t=xoxe-433096232497-1684125439971-1696548615153-cd1d3d402b441a7d6039d167da7d37bd",
                "thumb_1024_w": 768,
                "thumb_1024_h": 1024,
                "original_w": 3024,
                "original_h": 4032,
                "thumb_tiny": "AwAwACRmKZJGx27MEL2JqYClApDIxDujCtwfami1VTnJP1qwBS4oAr+WwPyHaPYUbJP75\/Kp8UUAIFP8JNNd\/LALnj6U92J+VDg1A8UjFcuTigdiZJN65HSlaRUGX4FAyAATk+tDAOCrDI9KYhetFQSKysArHGKZ8\/8AeNICcOFBCcmkVjTVAAwKcKAbuPzRmmNIq43MBn1pc0CIJJ\/m6U3zqfJFlsimeTQB\/9k=",
                "permalink": "https:\/\/rawbaconrobotics.slack.com\/files\/U018URES8KV\/F01HWF9TUE6\/img_20210102_201703.jpg",
                "permalink_public": "https:\/\/slack-files.com\/TCR2U6UEM-F01HWF9TUE6-0ed4de53b6",
                "is_starred": false,
                "has_rich_preview": false
            }
        ],
        "upload": false,
        "blocks": [
            {
                "type": "rich_text",
                "block_id": "EmXZ",
                "elements": [
                    {
                        "type": "rich_text_section",
                        "elements": []
                    }
                ]
            }
        ],
        "user": "U018URES8KV",
        "display_as_bot": false,
        "ts": "1609640288.006100",
        "client_msg_id": "14787c74-d95c-45ce-9402-76ce4f70f243",
        "reactions": [
            {
                "name": "watermelon",
                "users": [
                    "U010DDZ3FJR",
                    "U018X7N6MMG"
                ],
                "count": 2
            }
        ]
    },
    {
        "client_msg_id": "5FEAB14A-40F3-4111-8F72-6F3510B581FE",
        "type": "message",
        "text": "Looks great!",
        "user": "U01ADEF18N6",
        "ts": "1609640313.006600",
        "team": "TCR2U6UEM",
        "user_team": "TCR2U6UEM",
        "source_team": "TCR2U6UEM",
        "user_profile": {
            "avatar_hash": "e8086e8713de",
            "image_72": "https:\/\/avatars.slack-edge.com\/2020-09-18\/1371265029141_e8086e8713de3af22fe5_72.jpg",
            "first_name": "Ashley",
            "real_name": "Ashley Sheehan",
            "display_name": "Ashley Sheehan",
            "team": "TCR2U6UEM",
            "name": "asshe21",
            "is_restricted": false,
            "is_ultra_restricted": false
        },
        "blocks": [
            {
                "type": "rich_text",
                "block_id": "scxj",
                "elements": [
                    {
                        "type": "rich_text_section",
                        "elements": [
                            {
                                "type": "text",
                                "text": "Looks great!"
                            }
                        ]
                    }
                ]
            }
        ],
        "reactions": [
            {
                "name": "kamen_pog",
                "users": [
                    "U018URES8KV"
                ],
                "count": 1
            }
        ]
    },
    {
        "client_msg_id": "f8a0627b-f6d4-41e6-81d4-c6318e41126d",
        "type": "message",
        "text": "Thanks! :3",
        "user": "U018URES8KV",
        "ts": "1609640967.007200",
        "team": "TCR2U6UEM",
        "user_team": "TCR2U6UEM",
        "source_team": "TCR2U6UEM",
        "user_profile": {
            "avatar_hash": "1b6b64ea950d",
            "image_72": "https:\/\/avatars.slack-edge.com\/2020-09-18\/1380553169540_1b6b64ea950dd455ff25_72.jpg",
            "first_name": "Adam",
            "real_name": "Adam Holmes",
            "display_name": "Adam Holmes",
            "team": "TCR2U6UEM",
            "name": "adamup555",
            "is_restricted": false,
            "is_ultra_restricted": false
        },
        "blocks": [
            {
                "type": "rich_text",
                "block_id": "C7R",
                "elements": [
                    {
                        "type": "rich_text_section",
                        "elements": [
                            {
                                "type": "text",
                                "text": "Thanks! :3"
                            }
                        ]
                    }
                ]
            }
        ]
    }
]