[
    {
        "client_msg_id": "67cc33c8-c6f7-4059-b5a9-cc23d5808022",
        "type": "message",
        "text": "Having car problems, also will be late",
        "user": "U018URES8KV",
        "ts": "1610809197.000400",
        "team": "TCR2U6UEM",
        "user_team": "TCR2U6UEM",
        "source_team": "TCR2U6UEM",
        "user_profile": {
            "avatar_hash": "1b6b64ea950d",
            "image_72": "https:\/\/avatars.slack-edge.com\/2020-09-18\/1380553169540_1b6b64ea950dd455ff25_72.jpg",
            "first_name": "Adam",
            "real_name": "Adam Holmes",
            "display_name": "Adam Holmes",
            "team": "TCR2U6UEM",
            "name": "adamup555",
            "is_restricted": false,
            "is_ultra_restricted": false
        },
        "blocks": [
            {
                "type": "rich_text",
                "block_id": "Aav",
                "elements": [
                    {
                        "type": "rich_text_section",
                        "elements": [
                            {
                                "type": "text",
                                "text": "Having car problems, also will be late"
                            }
                        ]
                    }
                ]
            }
        ]
    },
    {
        "client_msg_id": "725266a0-2d17-441d-9f7d-46d356b4aaf6",
        "type": "message",
        "text": "<!everyone> Zoom Link: <https:\/\/iowacityschools-org.zoom.us\/j\/98949013938>",
        "user": "U0193D42LHJ",
        "ts": "1610810970.000800",
        "team": "TCR2U6UEM",
        "user_team": "TCR2U6UEM",
        "source_team": "TCR2U6UEM",
        "user_profile": {
            "avatar_hash": "ac92a4993882",
            "image_72": "https:\/\/avatars.slack-edge.com\/2020-09-18\/1380577414884_ac92a4993882a5db4876_72.png",
            "first_name": "Elliot",
            "real_name": "Elliot Schmidt",
            "display_name": "Elliot",
            "team": "TCR2U6UEM",
            "name": "elliotschmidt2002",
            "is_restricted": false,
            "is_ultra_restricted": false
        },
        "blocks": [
            {
                "type": "rich_text",
                "block_id": "OQc",
                "elements": [
                    {
                        "type": "rich_text_section",
                        "elements": [
                            {
                                "type": "broadcast",
                                "range": "everyone"
                            },
                            {
                                "type": "text",
                                "text": " Zoom Link: "
                            },
                            {
                                "type": "link",
                                "url": "https:\/\/iowacityschools-org.zoom.us\/j\/98949013938"
                            }
                        ]
                    }
                ]
            }
        ]
    },
    {
        "client_msg_id": "e555874c-3cbf-4aee-8a97-223f11250190",
        "type": "message",
        "text": "I have to join a Zoom for college information, so I have to go. Sorry! Good luck with the rest!",
        "user": "U01ADEF18N6",
        "ts": "1610812764.001600",
        "team": "TCR2U6UEM",
        "user_team": "TCR2U6UEM",
        "source_team": "TCR2U6UEM",
        "user_profile": {
            "avatar_hash": "e8086e8713de",
            "image_72": "https:\/\/avatars.slack-edge.com\/2020-09-18\/1371265029141_e8086e8713de3af22fe5_72.jpg",
            "first_name": "Ashley",
            "real_name": "Ashley Sheehan",
            "display_name": "Ashley Sheehan",
            "team": "TCR2U6UEM",
            "name": "asshe21",
            "is_restricted": false,
            "is_ultra_restricted": false
        },
        "blocks": [
            {
                "type": "rich_text",
                "block_id": "XBQy",
                "elements": [
                    {
                        "type": "rich_text_section",
                        "elements": [
                            {
                                "type": "text",
                                "text": "I have to join a Zoom for college information, so I have to go. Sorry! Good luck with the rest!"
                            }
                        ]
                    }
                ]
            }
        ],
        "reactions": [
            {
                "name": "+1",
                "users": [
                    "U010DDZ3FJR"
                ],
                "count": 1
            }
        ]
    },
    {
        "client_msg_id": "31f122da-2e96-4fc1-822d-efd04cfd82b0",
        "type": "message",
        "text": "Thanks for being here, good luck!",
        "user": "U018GF7AFJB",
        "ts": "1610813241.001900",
        "team": "TCR2U6UEM",
        "user_team": "TCR2U6UEM",
        "source_team": "TCR2U6UEM",
        "user_profile": {
            "avatar_hash": "c31861bbc361",
            "image_72": "https:\/\/avatars.slack-edge.com\/2020-08-16\/1316598132593_c31861bbc3618c961c77_72.jpg",
            "first_name": "",
            "real_name": "Nolan Vibhakar",
            "display_name": "Nolan Vibhakar",
            "team": "TCR2U6UEM",
            "name": "novib21",
            "is_restricted": false,
            "is_ultra_restricted": false
        },
        "blocks": [
            {
                "type": "rich_text",
                "block_id": "E7x",
                "elements": [
                    {
                        "type": "rich_text_section",
                        "elements": [
                            {
                                "type": "text",
                                "text": "Thanks for being here, good luck!"
                            }
                        ]
                    }
                ]
            }
        ]
    },
    {
        "client_msg_id": "4f6d5138-d7c5-4fdd-b7ac-6fb44b448e4d",
        "type": "message",
        "text": "<!everyone> Meet 2 is in the books! With out an intake or launcher, we were still able to get a high of 77 points (even our lowest score was higher than last meet's highest!) Meet video is located here: <https:\/\/drive.google.com\/file\/d\/1XDK2C8_ENV696fQ-tKCHJUo4C0up1ak0\/view> (it might take a few minutes to process)",
        "user": "U010DDZ3FJR",
        "ts": "1610817096.003700",
        "team": "TCR2U6UEM",
        "user_team": "TCR2U6UEM",
        "source_team": "TCR2U6UEM",
        "user_profile": {
            "avatar_hash": "fda0a36a8605",
            "image_72": "https:\/\/avatars.slack-edge.com\/2020-09-18\/1386993799393_fda0a36a86053c692b20_72.jpg",
            "first_name": "Luke",
            "real_name": "Luke Aschenbrenner",
            "display_name": "Luke Aschenbrenner",
            "team": "TCR2U6UEM",
            "name": "ashbren21",
            "is_restricted": false,
            "is_ultra_restricted": false
        },
        "blocks": [
            {
                "type": "rich_text",
                "block_id": "Bur",
                "elements": [
                    {
                        "type": "rich_text_section",
                        "elements": [
                            {
                                "type": "broadcast",
                                "range": "everyone"
                            },
                            {
                                "type": "text",
                                "text": " Meet 2 is in the books! With out an intake or launcher, we were still able to get a high of 77 points (even our lowest score was higher than last meet's highest!) Meet video is located here: "
                            },
                            {
                                "type": "link",
                                "url": "https:\/\/drive.google.com\/file\/d\/1XDK2C8_ENV696fQ-tKCHJUo4C0up1ak0\/view"
                            },
                            {
                                "type": "text",
                                "text": " (it might take a few minutes to process)"
                            }
                        ]
                    }
                ]
            }
        ]
    },
    {
        "client_msg_id": "06df2159-af86-47ba-b814-bb1a1742c8b1",
        "type": "message",
        "text": "That's great!",
        "user": "U01ADEF18N6",
        "ts": "1610817517.004900",
        "team": "TCR2U6UEM",
        "user_team": "TCR2U6UEM",
        "source_team": "TCR2U6UEM",
        "user_profile": {
            "avatar_hash": "e8086e8713de",
            "image_72": "https:\/\/avatars.slack-edge.com\/2020-09-18\/1371265029141_e8086e8713de3af22fe5_72.jpg",
            "first_name": "Ashley",
            "real_name": "Ashley Sheehan",
            "display_name": "Ashley Sheehan",
            "team": "TCR2U6UEM",
            "name": "asshe21",
            "is_restricted": false,
            "is_ultra_restricted": false
        },
        "blocks": [
            {
                "type": "rich_text",
                "block_id": "UWcxu",
                "elements": [
                    {
                        "type": "rich_text_section",
                        "elements": [
                            {
                                "type": "text",
                                "text": "That's great!"
                            }
                        ]
                    }
                ]
            }
        ]
    },
    {
        "client_msg_id": "ba0bb9d9-faee-4cc9-b772-eb979ae87765",
        "type": "message",
        "text": "whoever is dropping the stuff off at my house, just @ me when you get here",
        "user": "U0193D42LHJ",
        "ts": "1610818641.005300",
        "team": "TCR2U6UEM",
        "user_team": "TCR2U6UEM",
        "source_team": "TCR2U6UEM",
        "user_profile": {
            "avatar_hash": "ac92a4993882",
            "image_72": "https:\/\/avatars.slack-edge.com\/2020-09-18\/1380577414884_ac92a4993882a5db4876_72.png",
            "first_name": "Elliot",
            "real_name": "Elliot Schmidt",
            "display_name": "Elliot",
            "team": "TCR2U6UEM",
            "name": "elliotschmidt2002",
            "is_restricted": false,
            "is_ultra_restricted": false
        },
        "blocks": [
            {
                "type": "rich_text",
                "block_id": "Rh1",
                "elements": [
                    {
                        "type": "rich_text_section",
                        "elements": [
                            {
                                "type": "text",
                                "text": "whoever is dropping the stuff off at my house, just @ me when you get here"
                            }
                        ]
                    }
                ]
            }
        ]
    },
    {
        "client_msg_id": "CB582FD8-44B8-44C1-A6CF-39CFCB0B622C",
        "type": "message",
        "text": "Keith gave me the launcher, but seems like it's in great condition already, so if you want it, Elliot, I can give it to you either today or sometime soon. <@U018X7N6MMG> is there anything special you wanted me to do with it?",
        "user": "U01ADEF18N6",
        "ts": "1610819104.007400",
        "team": "TCR2U6UEM",
        "user_team": "TCR2U6UEM",
        "source_team": "TCR2U6UEM",
        "user_profile": {
            "avatar_hash": "e8086e8713de",
            "image_72": "https:\/\/avatars.slack-edge.com\/2020-09-18\/1371265029141_e8086e8713de3af22fe5_72.jpg",
            "first_name": "Ashley",
            "real_name": "Ashley Sheehan",
            "display_name": "Ashley Sheehan",
            "team": "TCR2U6UEM",
            "name": "asshe21",
            "is_restricted": false,
            "is_ultra_restricted": false
        },
        "blocks": [
            {
                "type": "rich_text",
                "block_id": "sNMqh",
                "elements": [
                    {
                        "type": "rich_text_section",
                        "elements": [
                            {
                                "type": "text",
                                "text": "Keith gave me the launcher, but seems like it's in great condition already, so if you want it, Elliot, I can give it to you either today or sometime soon. "
                            },
                            {
                                "type": "user",
                                "user_id": "U018X7N6MMG"
                            },
                            {
                                "type": "text",
                                "text": " is there anything special you wanted me to do with it?"
                            }
                        ]
                    }
                ]
            }
        ]
    },
    {
        "client_msg_id": "798e7ce5-930f-460b-8548-3bc29e18654b",
        "type": "message",
        "text": "If you want to drop it off that works",
        "user": "U0193D42LHJ",
        "ts": "1610819122.007500",
        "team": "TCR2U6UEM",
        "user_team": "TCR2U6UEM",
        "source_team": "TCR2U6UEM",
        "user_profile": {
            "avatar_hash": "ac92a4993882",
            "image_72": "https:\/\/avatars.slack-edge.com\/2020-09-18\/1380577414884_ac92a4993882a5db4876_72.png",
            "first_name": "Elliot",
            "real_name": "Elliot Schmidt",
            "display_name": "Elliot",
            "team": "TCR2U6UEM",
            "name": "elliotschmidt2002",
            "is_restricted": false,
            "is_ultra_restricted": false
        },
        "blocks": [
            {
                "type": "rich_text",
                "block_id": "cgrv",
                "elements": [
                    {
                        "type": "rich_text_section",
                        "elements": [
                            {
                                "type": "text",
                                "text": "If you want to drop it off that works"
                            }
                        ]
                    }
                ]
            }
        ]
    },
    {
        "client_msg_id": "500a8bf0-2ac0-4ea1-a7f6-f1a560ff0e38",
        "type": "message",
        "text": "<@U0193D42LHJ> I believe I am here",
        "user": "U018GF7AFJB",
        "ts": "1610819128.007800",
        "team": "TCR2U6UEM",
        "user_team": "TCR2U6UEM",
        "source_team": "TCR2U6UEM",
        "user_profile": {
            "avatar_hash": "c31861bbc361",
            "image_72": "https:\/\/avatars.slack-edge.com\/2020-08-16\/1316598132593_c31861bbc3618c961c77_72.jpg",
            "first_name": "",
            "real_name": "Nolan Vibhakar",
            "display_name": "Nolan Vibhakar",
            "team": "TCR2U6UEM",
            "name": "novib21",
            "is_restricted": false,
            "is_ultra_restricted": false
        },
        "blocks": [
            {
                "type": "rich_text",
                "block_id": "aKsNf",
                "elements": [
                    {
                        "type": "rich_text_section",
                        "elements": [
                            {
                                "type": "user",
                                "user_id": "U0193D42LHJ"
                            },
                            {
                                "type": "text",
                                "text": " I believe I am here"
                            }
                        ]
                    }
                ]
            }
        ]
    },
    {
        "client_msg_id": "5b77d5d1-9ffc-48fc-a968-15feb919da42",
        "type": "message",
        "text": "Just drop everything in front of the garage door",
        "user": "U0193D42LHJ",
        "ts": "1610819143.007900",
        "team": "TCR2U6UEM",
        "user_team": "TCR2U6UEM",
        "source_team": "TCR2U6UEM",
        "user_profile": {
            "avatar_hash": "ac92a4993882",
            "image_72": "https:\/\/avatars.slack-edge.com\/2020-09-18\/1380577414884_ac92a4993882a5db4876_72.png",
            "first_name": "Elliot",
            "real_name": "Elliot Schmidt",
            "display_name": "Elliot",
            "team": "TCR2U6UEM",
            "name": "elliotschmidt2002",
            "is_restricted": false,
            "is_ultra_restricted": false
        },
        "blocks": [
            {
                "type": "rich_text",
                "block_id": "KPVt",
                "elements": [
                    {
                        "type": "rich_text_section",
                        "elements": [
                            {
                                "type": "text",
                                "text": "Just drop everything in front of the garage door"
                            }
                        ]
                    }
                ]
            }
        ]
    },
    {
        "client_msg_id": "43100A0B-4F5A-4EB1-BED9-5B139CEFD2E6",
        "type": "message",
        "text": "Okay I can drop it off tomorrow if that works for you Elliot",
        "user": "U01ADEF18N6",
        "ts": "1610819229.008600",
        "team": "TCR2U6UEM",
        "user_team": "TCR2U6UEM",
        "source_team": "TCR2U6UEM",
        "user_profile": {
            "avatar_hash": "e8086e8713de",
            "image_72": "https:\/\/avatars.slack-edge.com\/2020-09-18\/1371265029141_e8086e8713de3af22fe5_72.jpg",
            "first_name": "Ashley",
            "real_name": "Ashley Sheehan",
            "display_name": "Ashley Sheehan",
            "team": "TCR2U6UEM",
            "name": "asshe21",
            "is_restricted": false,
            "is_ultra_restricted": false
        },
        "blocks": [
            {
                "type": "rich_text",
                "block_id": "R=A",
                "elements": [
                    {
                        "type": "rich_text_section",
                        "elements": [
                            {
                                "type": "text",
                                "text": "Okay I can drop it off tomorrow if that works for you Elliot"
                            }
                        ]
                    }
                ]
            }
        ]
    },
    {
        "client_msg_id": "a6d972de-f5d3-4818-b0b6-d76be11772f9",
        "type": "message",
        "text": "That works for me, thanks!",
        "user": "U0193D42LHJ",
        "ts": "1610819241.008700",
        "team": "TCR2U6UEM",
        "user_team": "TCR2U6UEM",
        "source_team": "TCR2U6UEM",
        "user_profile": {
            "avatar_hash": "ac92a4993882",
            "image_72": "https:\/\/avatars.slack-edge.com\/2020-09-18\/1380577414884_ac92a4993882a5db4876_72.png",
            "first_name": "Elliot",
            "real_name": "Elliot Schmidt",
            "display_name": "Elliot",
            "team": "TCR2U6UEM",
            "name": "elliotschmidt2002",
            "is_restricted": false,
            "is_ultra_restricted": false
        },
        "blocks": [
            {
                "type": "rich_text",
                "block_id": "x47",
                "elements": [
                    {
                        "type": "rich_text_section",
                        "elements": [
                            {
                                "type": "text",
                                "text": "That works for me, thanks!"
                            }
                        ]
                    }
                ]
            }
        ]
    },
    {
        "client_msg_id": "6e4a4c4d-25e2-4b4c-b7ab-3d6f56ad995f",
        "type": "message",
        "text": "Alright everything has been dropped off",
        "user": "U018GF7AFJB",
        "ts": "1610819274.009400",
        "team": "TCR2U6UEM",
        "user_team": "TCR2U6UEM",
        "source_team": "TCR2U6UEM",
        "user_profile": {
            "avatar_hash": "c31861bbc361",
            "image_72": "https:\/\/avatars.slack-edge.com\/2020-08-16\/1316598132593_c31861bbc3618c961c77_72.jpg",
            "first_name": "",
            "real_name": "Nolan Vibhakar",
            "display_name": "Nolan Vibhakar",
            "team": "TCR2U6UEM",
            "name": "novib21",
            "is_restricted": false,
            "is_ultra_restricted": false
        },
        "blocks": [
            {
                "type": "rich_text",
                "block_id": "9Qwq",
                "elements": [
                    {
                        "type": "rich_text_section",
                        "elements": [
                            {
                                "type": "text",
                                "text": "Alright everything has been dropped off"
                            }
                        ]
                    }
                ]
            }
        ]
    },
    {
        "client_msg_id": "b18cf84e-942c-4a7c-a1ca-cccdfd48e5fb",
        "type": "message",
        "text": "Thanks",
        "user": "U0193D42LHJ",
        "ts": "1610819282.009700",
        "team": "TCR2U6UEM",
        "user_team": "TCR2U6UEM",
        "source_team": "TCR2U6UEM",
        "user_profile": {
            "avatar_hash": "ac92a4993882",
            "image_72": "https:\/\/avatars.slack-edge.com\/2020-09-18\/1380577414884_ac92a4993882a5db4876_72.png",
            "first_name": "Elliot",
            "real_name": "Elliot Schmidt",
            "display_name": "Elliot",
            "team": "TCR2U6UEM",
            "name": "elliotschmidt2002",
            "is_restricted": false,
            "is_ultra_restricted": false
        },
        "blocks": [
            {
                "type": "rich_text",
                "block_id": "LPX",
                "elements": [
                    {
                        "type": "rich_text_section",
                        "elements": [
                            {
                                "type": "text",
                                "text": "Thanks"
                            }
                        ]
                    }
                ]
            }
        ]
    },
    {
        "client_msg_id": "664D36C9-5BAD-47BE-BFF6-DA77F54A9F1E",
        "type": "message",
        "text": "Okay great! I'll give you a better idea of what time I'll come later. Thanks!",
        "user": "U01ADEF18N6",
        "ts": "1610819297.010200",
        "team": "TCR2U6UEM",
        "user_team": "TCR2U6UEM",
        "source_team": "TCR2U6UEM",
        "user_profile": {
            "avatar_hash": "e8086e8713de",
            "image_72": "https:\/\/avatars.slack-edge.com\/2020-09-18\/1371265029141_e8086e8713de3af22fe5_72.jpg",
            "first_name": "Ashley",
            "real_name": "Ashley Sheehan",
            "display_name": "Ashley Sheehan",
            "team": "TCR2U6UEM",
            "name": "asshe21",
            "is_restricted": false,
            "is_ultra_restricted": false
        },
        "blocks": [
            {
                "type": "rich_text",
                "block_id": "lYk",
                "elements": [
                    {
                        "type": "rich_text_section",
                        "elements": [
                            {
                                "type": "text",
                                "text": "Okay great! I'll give you a better idea of what time I'll come later. Thanks!"
                            }
                        ]
                    }
                ]
            }
        ]
    },
    {
        "client_msg_id": "68108F14-A5AA-4DB6-8336-7B6926472317",
        "type": "message",
        "text": "But I'm still coming tomorrow just to be clear",
        "user": "U01ADEF18N6",
        "ts": "1610819318.010600",
        "team": "TCR2U6UEM",
        "user_team": "TCR2U6UEM",
        "source_team": "TCR2U6UEM",
        "user_profile": {
            "avatar_hash": "e8086e8713de",
            "image_72": "https:\/\/avatars.slack-edge.com\/2020-09-18\/1371265029141_e8086e8713de3af22fe5_72.jpg",
            "first_name": "Ashley",
            "real_name": "Ashley Sheehan",
            "display_name": "Ashley Sheehan",
            "team": "TCR2U6UEM",
            "name": "asshe21",
            "is_restricted": false,
            "is_ultra_restricted": false
        },
        "blocks": [
            {
                "type": "rich_text",
                "block_id": "D5z",
                "elements": [
                    {
                        "type": "rich_text_section",
                        "elements": [
                            {
                                "type": "text",
                                "text": "But I'm still coming tomorrow just to be clear"
                            }
                        ]
                    }
                ]
            }
        ]
    },
    {
        "client_msg_id": "ffb8ad8e-9fe2-4228-9af0-577f4b89d6c6",
        "type": "message",
        "text": "Sounds good",
        "user": "U0193D42LHJ",
        "ts": "1610819516.010900",
        "team": "TCR2U6UEM",
        "user_team": "TCR2U6UEM",
        "source_team": "TCR2U6UEM",
        "user_profile": {
            "avatar_hash": "ac92a4993882",
            "image_72": "https:\/\/avatars.slack-edge.com\/2020-09-18\/1380577414884_ac92a4993882a5db4876_72.png",
            "first_name": "Elliot",
            "real_name": "Elliot Schmidt",
            "display_name": "Elliot",
            "team": "TCR2U6UEM",
            "name": "elliotschmidt2002",
            "is_restricted": false,
            "is_ultra_restricted": false
        },
        "blocks": [
            {
                "type": "rich_text",
                "block_id": "4Y33R",
                "elements": [
                    {
                        "type": "rich_text_section",
                        "elements": [
                            {
                                "type": "text",
                                "text": "Sounds good"
                            }
                        ]
                    }
                ]
            }
        ]
    },
    {
        "client_msg_id": "A0A51481-F55D-453B-B699-1A66C53E319D",
        "type": "message",
        "text": "<@U01ADEF18N6> the main idea was just to get some testing in",
        "user": "U018X7N6MMG",
        "ts": "1610822111.011400",
        "team": "TCR2U6UEM",
        "user_team": "TCR2U6UEM",
        "source_team": "TCR2U6UEM",
        "user_profile": {
            "avatar_hash": "ba89825d3b7b",
            "image_72": "https:\/\/avatars.slack-edge.com\/2020-09-11\/1355949232709_ba89825d3b7bcf995dc9_72.png",
            "first_name": "Keith",
            "real_name": "Keith Friestad",
            "display_name": "",
            "team": "TCR2U6UEM",
            "name": "keith.friestad",
            "is_restricted": false,
            "is_ultra_restricted": false
        },
        "blocks": [
            {
                "type": "rich_text",
                "block_id": "=GK6x",
                "elements": [
                    {
                        "type": "rich_text_section",
                        "elements": [
                            {
                                "type": "user",
                                "user_id": "U01ADEF18N6"
                            },
                            {
                                "type": "text",
                                "text": " the main idea was just to get some testing in"
                            }
                        ]
                    }
                ]
            }
        ]
    },
    {
        "client_msg_id": "B1C57D97-4D36-45D2-8CFF-8D95F2AE6541",
        "type": "message",
        "text": "Okay sounds good! Should i return the battery to Elliot or back to the temp next week? <@U018X7N6MMG> <@U0193D42LHJ> ",
        "user": "U01ADEF18N6",
        "ts": "1610822639.012500",
        "team": "TCR2U6UEM",
        "user_team": "TCR2U6UEM",
        "source_team": "TCR2U6UEM",
        "user_profile": {
            "avatar_hash": "e8086e8713de",
            "image_72": "https:\/\/avatars.slack-edge.com\/2020-09-18\/1371265029141_e8086e8713de3af22fe5_72.jpg",
            "first_name": "Ashley",
            "real_name": "Ashley Sheehan",
            "display_name": "Ashley Sheehan",
            "team": "TCR2U6UEM",
            "name": "asshe21",
            "is_restricted": false,
            "is_ultra_restricted": false
        },
        "blocks": [
            {
                "type": "rich_text",
                "block_id": "Fn43",
                "elements": [
                    {
                        "type": "rich_text_section",
                        "elements": [
                            {
                                "type": "text",
                                "text": "Okay sounds good! Should i return the battery to Elliot or back to the temp next week? "
                            },
                            {
                                "type": "user",
                                "user_id": "U018X7N6MMG"
                            },
                            {
                                "type": "text",
                                "text": " "
                            },
                            {
                                "type": "user",
                                "user_id": "U0193D42LHJ"
                            },
                            {
                                "type": "text",
                                "text": " "
                            }
                        ]
                    }
                ]
            }
        ]
    },
    {
        "client_msg_id": "8ba353dc-86cc-4588-a342-8068d1d7a16c",
        "type": "message",
        "text": "If you could drop it off to me",
        "user": "U0193D42LHJ",
        "ts": "1610822672.012800",
        "team": "TCR2U6UEM",
        "user_team": "TCR2U6UEM",
        "source_team": "TCR2U6UEM",
        "user_profile": {
            "avatar_hash": "ac92a4993882",
            "image_72": "https:\/\/avatars.slack-edge.com\/2020-09-18\/1380577414884_ac92a4993882a5db4876_72.png",
            "first_name": "Elliot",
            "real_name": "Elliot Schmidt",
            "display_name": "Elliot",
            "team": "TCR2U6UEM",
            "name": "elliotschmidt2002",
            "is_restricted": false,
            "is_ultra_restricted": false
        },
        "blocks": [
            {
                "type": "rich_text",
                "block_id": "nYzH",
                "elements": [
                    {
                        "type": "rich_text_section",
                        "elements": [
                            {
                                "type": "text",
                                "text": "If you could drop it off to me"
                            }
                        ]
                    }
                ]
            }
        ]
    },
    {
        "client_msg_id": "80DF2E16-00EA-49FB-8EF5-6ABAE0A608E7",
        "type": "message",
        "text": "Okay sounds good. Thanks!",
        "user": "U01ADEF18N6",
        "ts": "1610822742.013000",
        "team": "TCR2U6UEM",
        "user_team": "TCR2U6UEM",
        "source_team": "TCR2U6UEM",
        "user_profile": {
            "avatar_hash": "e8086e8713de",
            "image_72": "https:\/\/avatars.slack-edge.com\/2020-09-18\/1371265029141_e8086e8713de3af22fe5_72.jpg",
            "first_name": "Ashley",
            "real_name": "Ashley Sheehan",
            "display_name": "Ashley Sheehan",
            "team": "TCR2U6UEM",
            "name": "asshe21",
            "is_restricted": false,
            "is_ultra_restricted": false
        },
        "blocks": [
            {
                "type": "rich_text",
                "block_id": "6CXH",
                "elements": [
                    {
                        "type": "rich_text_section",
                        "elements": [
                            {
                                "type": "text",
                                "text": "Okay sounds good. Thanks!"
                            }
                        ]
                    }
                ]
            }
        ]
    },
    {
        "client_msg_id": "300476c3-82df-4e77-90e1-8ae42eed6287",
        "type": "message",
        "text": "Yet again you managed to shear an internal shaft in the servo, luckily it was the same one from the old servo and gobilda had sent use two so we got lucky and that one works now",
        "user": "U0193D42LHJ",
        "ts": "1610827188.013800",
        "team": "TCR2U6UEM",
        "user_team": "TCR2U6UEM",
        "source_team": "TCR2U6UEM",
        "user_profile": {
            "avatar_hash": "ac92a4993882",
            "image_72": "https:\/\/avatars.slack-edge.com\/2020-09-18\/1380577414884_ac92a4993882a5db4876_72.png",
            "first_name": "Elliot",
            "real_name": "Elliot Schmidt",
            "display_name": "Elliot",
            "team": "TCR2U6UEM",
            "name": "elliotschmidt2002",
            "is_restricted": false,
            "is_ultra_restricted": false
        },
        "blocks": [
            {
                "type": "rich_text",
                "block_id": "D\/6",
                "elements": [
                    {
                        "type": "rich_text_section",
                        "elements": [
                            {
                                "type": "text",
                                "text": "Yet again you managed to shear an internal shaft in the servo, luckily it was the same one from the old servo and gobilda had sent use two so we got lucky and that one works now"
                            }
                        ]
                    }
                ]
            }
        ]
    }
]