[
    {
        "client_msg_id": "38d514ba-d505-4a0f-ab36-72cee4115940",
        "type": "message",
        "text": "Good job to everyone who has worked to get sponsorships!",
        "user": "U0193D42LHJ",
        "ts": "1610118017.053500",
        "team": "TCR2U6UEM",
        "user_team": "TCR2U6UEM",
        "source_team": "TCR2U6UEM",
        "user_profile": {
            "avatar_hash": "ac92a4993882",
            "image_72": "https:\/\/avatars.slack-edge.com\/2020-09-18\/1380577414884_ac92a4993882a5db4876_72.png",
            "first_name": "Elliot",
            "real_name": "Elliot Schmidt",
            "display_name": "Elliot",
            "team": "TCR2U6UEM",
            "name": "elliotschmidt2002",
            "is_restricted": false,
            "is_ultra_restricted": false
        },
        "blocks": [
            {
                "type": "rich_text",
                "block_id": "=iTKL",
                "elements": [
                    {
                        "type": "rich_text_section",
                        "elements": [
                            {
                                "type": "text",
                                "text": "Good job to everyone who has worked to get sponsorships!"
                            }
                        ]
                    }
                ]
            }
        ],
        "reactions": [
            {
                "name": "stonks",
                "users": [
                    "U018URES8KV",
                    "U018X7N6MMG"
                ],
                "count": 2
            }
        ]
    },
    {
        "client_msg_id": "2C3DC295-96DE-41D4-8F33-0EC6FD9AD9A1",
        "type": "message",
        "text": "Hey do you guys wanna work in the trailer tomorrow at 10 AM? If so, somebody needs to let me know.",
        "user": "U018XDQ8DBM",
        "ts": "1610147818.054100",
        "team": "TCR2U6UEM",
        "user_team": "TCR2U6UEM",
        "source_team": "TCR2U6UEM",
        "user_profile": {
            "avatar_hash": "1704adb271e0",
            "image_72": "https:\/\/avatars.slack-edge.com\/2020-08-17\/1298740600854_1704adb271e0def2c769_72.png",
            "first_name": "Christine",
            "real_name": "Christine Mons",
            "display_name": "Mrs. Mons",
            "team": "TCR2U6UEM",
            "name": "mons.christine",
            "is_restricted": false,
            "is_ultra_restricted": false
        },
        "blocks": [
            {
                "type": "rich_text",
                "block_id": "HWMm",
                "elements": [
                    {
                        "type": "rich_text_section",
                        "elements": [
                            {
                                "type": "text",
                                "text": "Hey do you guys "
                            },
                            {
                                "type": "text",
                                "text": "wanna"
                            },
                            {
                                "type": "text",
                                "text": " "
                            },
                            {
                                "type": "text",
                                "text": "work"
                            },
                            {
                                "type": "text",
                                "text": " in the trailer tomorrow at 10 AM? If so, somebody needs to let me know."
                            }
                        ]
                    }
                ]
            }
        ]
    }
]