[
    {
        "type": "message",
        "text": "",
        "files": [
            {
                "id": "F01B5FXP6Q5",
                "created": 1600874129,
                "timestamp": 1600874129,
                "name": "83d2cd4.jpg",
                "title": "83d2cd4.jpg",
                "mimetype": "image\/jpeg",
                "filetype": "jpg",
                "pretty_type": "JPEG",
                "user": "U0193D42LHJ",
                "editable": false,
                "size": 23737,
                "mode": "hosted",
                "is_external": false,
                "external_type": "",
                "is_public": true,
                "public_url_shared": false,
                "display_as_bot": false,
                "username": "",
                "url_private": "https:\/\/files.slack.com\/files-pri\/TCR2U6UEM-F01B5FXP6Q5\/83d2cd4.jpg?t=xoxe-433096232497-1684125439971-1696548615153-cd1d3d402b441a7d6039d167da7d37bd",
                "url_private_download": "https:\/\/files.slack.com\/files-pri\/TCR2U6UEM-F01B5FXP6Q5\/download\/83d2cd4.jpg?t=xoxe-433096232497-1684125439971-1696548615153-cd1d3d402b441a7d6039d167da7d37bd",
                "thumb_64": "https:\/\/files.slack.com\/files-tmb\/TCR2U6UEM-F01B5FXP6Q5-6c39d941d3\/83d2cd4_64.jpg?t=xoxe-433096232497-1684125439971-1696548615153-cd1d3d402b441a7d6039d167da7d37bd",
                "thumb_80": "https:\/\/files.slack.com\/files-tmb\/TCR2U6UEM-F01B5FXP6Q5-6c39d941d3\/83d2cd4_80.jpg?t=xoxe-433096232497-1684125439971-1696548615153-cd1d3d402b441a7d6039d167da7d37bd",
                "thumb_360": "https:\/\/files.slack.com\/files-tmb\/TCR2U6UEM-F01B5FXP6Q5-6c39d941d3\/83d2cd4_360.jpg?t=xoxe-433096232497-1684125439971-1696548615153-cd1d3d402b441a7d6039d167da7d37bd",
                "thumb_360_w": 360,
                "thumb_360_h": 204,
                "thumb_480": "https:\/\/files.slack.com\/files-tmb\/TCR2U6UEM-F01B5FXP6Q5-6c39d941d3\/83d2cd4_480.jpg?t=xoxe-433096232497-1684125439971-1696548615153-cd1d3d402b441a7d6039d167da7d37bd",
                "thumb_480_w": 480,
                "thumb_480_h": 271,
                "thumb_160": "https:\/\/files.slack.com\/files-tmb\/TCR2U6UEM-F01B5FXP6Q5-6c39d941d3\/83d2cd4_160.jpg?t=xoxe-433096232497-1684125439971-1696548615153-cd1d3d402b441a7d6039d167da7d37bd",
                "thumb_720": "https:\/\/files.slack.com\/files-tmb\/TCR2U6UEM-F01B5FXP6Q5-6c39d941d3\/83d2cd4_720.jpg?t=xoxe-433096232497-1684125439971-1696548615153-cd1d3d402b441a7d6039d167da7d37bd",
                "thumb_720_w": 720,
                "thumb_720_h": 407,
                "original_w": 720,
                "original_h": 407,
                "thumb_tiny": "AwAbADCMGp7eVdpA5I5qsCATnsO1LbssYJkyPTihMqSLhlyfuihJEc4wQfeoRICcrnGKa21+S5VvrT5iLF0LS7apxS7Ew0m4560\/z\/l5boeD60cwcpR\/5aMRzgYxSkjBLA49CBTSSCxHrUW5ieTUotk4bgkcE0qvxxjNJTG4IxVEkqzODyaf5rdz+lQ9RzVlI1YAkcn3oA\/\/2Q==",
                "permalink": "https:\/\/rawbaconrobotics.slack.com\/files\/U0193D42LHJ\/F01B5FXP6Q5\/83d2cd4.jpg",
                "permalink_public": "https:\/\/slack-files.com\/TCR2U6UEM-F01B5FXP6Q5-d29934dac3",
                "is_starred": false,
                "has_rich_preview": false
            }
        ],
        "upload": true,
        "user": "U0193D42LHJ",
        "display_as_bot": false,
        "ts": "1600874130.000300",
        "client_msg_id": "197098e1-0134-492a-9e35-cdd9cd0c4fdb",
        "reactions": [
            {
                "name": "watermelon",
                "users": [
                    "U018URES8KV",
                    "U010DDZ3FJR"
                ],
                "count": 2
            },
            {
                "name": "stonks",
                "users": [
                    "U018GF7AFJB",
                    "U01ALNAL79C",
                    "U018URES8KV"
                ],
                "count": 3
            },
            {
                "name": "frog_car",
                "users": [
                    "U018GF7AFJB",
                    "U018URES8KV"
                ],
                "count": 2
            },
            {
                "name": "egg",
                "users": [
                    "U018GF7AFJB",
                    "U018URES8KV"
                ],
                "count": 2
            }
        ]
    },
    {
        "client_msg_id": "ea11042a-807b-4dc3-a646-715a6d3360c0",
        "type": "message",
        "text": "Woah don't need to expose my position as co-lead programmer like that",
        "user": "U010DDZ3FJR",
        "ts": "1600878430.001700",
        "team": "TCR2U6UEM",
        "user_team": "TCR2U6UEM",
        "source_team": "TCR2U6UEM",
        "user_profile": {
            "avatar_hash": "fda0a36a8605",
            "image_72": "https:\/\/avatars.slack-edge.com\/2020-09-18\/1386993799393_fda0a36a86053c692b20_72.jpg",
            "first_name": "Luke",
            "real_name": "Luke Aschenbrenner",
            "display_name": "Luke Aschenbrenner",
            "team": "TCR2U6UEM",
            "name": "ashbren21",
            "is_restricted": false,
            "is_ultra_restricted": false
        },
        "blocks": [
            {
                "type": "rich_text",
                "block_id": "c5z=",
                "elements": [
                    {
                        "type": "rich_text_section",
                        "elements": [
                            {
                                "type": "text",
                                "text": "Woah don't need to expose my position as co-lead programmer like that"
                            }
                        ]
                    }
                ]
            }
        ],
        "reactions": [
            {
                "name": "stonks",
                "users": [
                    "U018GF7AFJB",
                    "U01ALNAL79C",
                    "U018URES8KV"
                ],
                "count": 3
            },
            {
                "name": "frog_car",
                "users": [
                    "U018GF7AFJB",
                    "U018URES8KV"
                ],
                "count": 2
            }
        ]
    },
    {
        "type": "message",
        "text": "donut",
        "files": [
            {
                "id": "F01B6L4PELD",
                "created": 1600901524,
                "timestamp": 1600901524,
                "name": "image.png",
                "title": "image.png",
                "mimetype": "image\/png",
                "filetype": "png",
                "pretty_type": "PNG",
                "user": "U018URES8KV",
                "editable": false,
                "size": 247305,
                "mode": "hosted",
                "is_external": false,
                "external_type": "",
                "is_public": true,
                "public_url_shared": false,
                "display_as_bot": false,
                "username": "",
                "url_private": "https:\/\/files.slack.com\/files-pri\/TCR2U6UEM-F01B6L4PELD\/image.png?t=xoxe-433096232497-1684125439971-1696548615153-cd1d3d402b441a7d6039d167da7d37bd",
                "url_private_download": "https:\/\/files.slack.com\/files-pri\/TCR2U6UEM-F01B6L4PELD\/download\/image.png?t=xoxe-433096232497-1684125439971-1696548615153-cd1d3d402b441a7d6039d167da7d37bd",
                "thumb_64": "https:\/\/files.slack.com\/files-tmb\/TCR2U6UEM-F01B6L4PELD-712b5f0369\/image_64.png?t=xoxe-433096232497-1684125439971-1696548615153-cd1d3d402b441a7d6039d167da7d37bd",
                "thumb_80": "https:\/\/files.slack.com\/files-tmb\/TCR2U6UEM-F01B6L4PELD-712b5f0369\/image_80.png?t=xoxe-433096232497-1684125439971-1696548615153-cd1d3d402b441a7d6039d167da7d37bd",
                "thumb_360": "https:\/\/files.slack.com\/files-tmb\/TCR2U6UEM-F01B6L4PELD-712b5f0369\/image_360.png?t=xoxe-433096232497-1684125439971-1696548615153-cd1d3d402b441a7d6039d167da7d37bd",
                "thumb_360_w": 360,
                "thumb_360_h": 248,
                "thumb_480": "https:\/\/files.slack.com\/files-tmb\/TCR2U6UEM-F01B6L4PELD-712b5f0369\/image_480.png?t=xoxe-433096232497-1684125439971-1696548615153-cd1d3d402b441a7d6039d167da7d37bd",
                "thumb_480_w": 480,
                "thumb_480_h": 330,
                "thumb_160": "https:\/\/files.slack.com\/files-tmb\/TCR2U6UEM-F01B6L4PELD-712b5f0369\/image_160.png?t=xoxe-433096232497-1684125439971-1696548615153-cd1d3d402b441a7d6039d167da7d37bd",
                "original_w": 539,
                "original_h": 371,
                "thumb_tiny": "AwAhADDTqJph\/AMn34FLMei+tQY2kZbJ9KC4pbse0z8dB7UCZsgfKfWmiMy8iQDt0pjI8DLlt4Y+lIq0XoWVmU8N8p96kqnyeCM5qzEflx6UyJKwy4U8MOg61E0gPTrVuont1PKnbU6rYcZJblYuSRjGBT1PQcUG1bOQRSfZpT\/EB+NF32L5kKZVjzuIJ9KktWZ1Z2GAx4HtTUs0By53e3arPTpTV+pm3cKKKKZIUUUUAFFFFAH\/2Q==",
                "permalink": "https:\/\/rawbaconrobotics.slack.com\/files\/U018URES8KV\/F01B6L4PELD\/image.png",
                "permalink_public": "https:\/\/slack-files.com\/TCR2U6UEM-F01B6L4PELD-95476a864f",
                "is_starred": false,
                "has_rich_preview": false
            }
        ],
        "upload": false,
        "blocks": [
            {
                "type": "rich_text",
                "block_id": "GMJy",
                "elements": [
                    {
                        "type": "rich_text_section",
                        "elements": [
                            {
                                "type": "text",
                                "text": "donut"
                            }
                        ]
                    }
                ]
            }
        ],
        "user": "U018URES8KV",
        "display_as_bot": false,
        "ts": "1600901528.002700",
        "reactions": [
            {
                "name": "ice_hockey_stick_and_puck",
                "users": [
                    "U018X7N6MMG",
                    "U018GF7AFJB",
                    "U018URES8KV"
                ],
                "count": 3
            },
            {
                "name": "egg",
                "users": [
                    "U018GF7AFJB",
                    "U018URES8KV",
                    "U016G7WR3KJ"
                ],
                "count": 3
            },
            {
                "name": "watermelon",
                "users": [
                    "U018URES8KV"
                ],
                "count": 1
            }
        ]
    }
]