[
    {
        "type": "message",
        "text": "",
        "files": [
            {
                "id": "F01JAFE76NL",
                "created": 1608864004,
                "timestamp": 1608864004,
                "name": "Screenshot_20201224-203951_Instagram.jpg",
                "title": "Screenshot_20201224-203951_Instagram.jpg",
                "mimetype": "image\/jpeg",
                "filetype": "jpg",
                "pretty_type": "JPEG",
                "user": "U018URES8KV",
                "editable": false,
                "size": 80969,
                "mode": "hosted",
                "is_external": false,
                "external_type": "",
                "is_public": true,
                "public_url_shared": false,
                "display_as_bot": false,
                "username": "",
                "url_private": "https:\/\/files.slack.com\/files-pri\/TCR2U6UEM-F01JAFE76NL\/screenshot_20201224-203951_instagram.jpg?t=xoxe-433096232497-1684125439971-1696548615153-cd1d3d402b441a7d6039d167da7d37bd",
                "url_private_download": "https:\/\/files.slack.com\/files-pri\/TCR2U6UEM-F01JAFE76NL\/download\/screenshot_20201224-203951_instagram.jpg?t=xoxe-433096232497-1684125439971-1696548615153-cd1d3d402b441a7d6039d167da7d37bd",
                "thumb_64": "https:\/\/files.slack.com\/files-tmb\/TCR2U6UEM-F01JAFE76NL-ecaf069c7b\/screenshot_20201224-203951_instagram_64.jpg?t=xoxe-433096232497-1684125439971-1696548615153-cd1d3d402b441a7d6039d167da7d37bd",
                "thumb_80": "https:\/\/files.slack.com\/files-tmb\/TCR2U6UEM-F01JAFE76NL-ecaf069c7b\/screenshot_20201224-203951_instagram_80.jpg?t=xoxe-433096232497-1684125439971-1696548615153-cd1d3d402b441a7d6039d167da7d37bd",
                "thumb_360": "https:\/\/files.slack.com\/files-tmb\/TCR2U6UEM-F01JAFE76NL-ecaf069c7b\/screenshot_20201224-203951_instagram_360.jpg?t=xoxe-433096232497-1684125439971-1696548615153-cd1d3d402b441a7d6039d167da7d37bd",
                "thumb_360_w": 360,
                "thumb_360_h": 288,
                "thumb_480": "https:\/\/files.slack.com\/files-tmb\/TCR2U6UEM-F01JAFE76NL-ecaf069c7b\/screenshot_20201224-203951_instagram_480.jpg?t=xoxe-433096232497-1684125439971-1696548615153-cd1d3d402b441a7d6039d167da7d37bd",
                "thumb_480_w": 480,
                "thumb_480_h": 384,
                "thumb_160": "https:\/\/files.slack.com\/files-tmb\/TCR2U6UEM-F01JAFE76NL-ecaf069c7b\/screenshot_20201224-203951_instagram_160.jpg?t=xoxe-433096232497-1684125439971-1696548615153-cd1d3d402b441a7d6039d167da7d37bd",
                "thumb_720": "https:\/\/files.slack.com\/files-tmb\/TCR2U6UEM-F01JAFE76NL-ecaf069c7b\/screenshot_20201224-203951_instagram_720.jpg?t=xoxe-433096232497-1684125439971-1696548615153-cd1d3d402b441a7d6039d167da7d37bd",
                "thumb_720_w": 720,
                "thumb_720_h": 575,
                "thumb_800": "https:\/\/files.slack.com\/files-tmb\/TCR2U6UEM-F01JAFE76NL-ecaf069c7b\/screenshot_20201224-203951_instagram_800.jpg?t=xoxe-433096232497-1684125439971-1696548615153-cd1d3d402b441a7d6039d167da7d37bd",
                "thumb_800_w": 800,
                "thumb_800_h": 639,
                "thumb_960": "https:\/\/files.slack.com\/files-tmb\/TCR2U6UEM-F01JAFE76NL-ecaf069c7b\/screenshot_20201224-203951_instagram_960.jpg?t=xoxe-433096232497-1684125439971-1696548615153-cd1d3d402b441a7d6039d167da7d37bd",
                "thumb_960_w": 960,
                "thumb_960_h": 767,
                "thumb_1024": "https:\/\/files.slack.com\/files-tmb\/TCR2U6UEM-F01JAFE76NL-ecaf069c7b\/screenshot_20201224-203951_instagram_1024.jpg?t=xoxe-433096232497-1684125439971-1696548615153-cd1d3d402b441a7d6039d167da7d37bd",
                "thumb_1024_w": 1024,
                "thumb_1024_h": 818,
                "original_w": 1080,
                "original_h": 863,
                "thumb_tiny": "AwAmADC\/NJ5cZbilwzKCGxx2qrdK3ncn5GHOanh+eJl3e2R24oAUEjIMq+g9jTsOBjeM1SESltmed2M1b3BZFj25JXOaAF+ZSCzjHcVIDnpUUm3jIP1FOjK44B\/GgCvcgbgp79D70WJJjcHjBxilnj3MeMgDPWnQqfLyPvd+aYEC+T5+dzZ3elPmmnEhSOM4HQ7SahWKQENtP3vStDngn8aBDEaTylLqC2OaerMf4QB9aRi\/8IFOXdxkCkMzmnk3HLdvSrNqN0OST17HFUn+9V6z\/wBR+JoAnprvt5p1RS9KAHspJyGIoVSDksTThRQB\/9k=",
                "permalink": "https:\/\/rawbaconrobotics.slack.com\/files\/U018URES8KV\/F01JAFE76NL\/screenshot_20201224-203951_instagram.jpg",
                "permalink_public": "https:\/\/slack-files.com\/TCR2U6UEM-F01JAFE76NL-7eb7dfe4f2",
                "is_starred": false,
                "has_rich_preview": false
            }
        ],
        "upload": false,
        "blocks": [
            {
                "type": "rich_text",
                "block_id": "CnLc",
                "elements": [
                    {
                        "type": "rich_text_section",
                        "elements": []
                    }
                ]
            }
        ],
        "user": "U018URES8KV",
        "display_as_bot": false,
        "ts": "1608864007.000200",
        "client_msg_id": "1ba89fae-03a6-4780-85f4-4574af86495b"
    },
    {
        "client_msg_id": "f0de959d-df64-4ebf-8858-87f1bb234f72",
        "type": "message",
        "text": "Is that the 8 bit guy?",
        "user": "U010DDZ3FJR",
        "ts": "1608869648.000700",
        "team": "TCR2U6UEM",
        "user_team": "TCR2U6UEM",
        "source_team": "TCR2U6UEM",
        "user_profile": {
            "avatar_hash": "fda0a36a8605",
            "image_72": "https:\/\/avatars.slack-edge.com\/2020-09-18\/1386993799393_fda0a36a86053c692b20_72.jpg",
            "first_name": "Luke",
            "real_name": "Luke Aschenbrenner",
            "display_name": "Luke Aschenbrenner",
            "team": "TCR2U6UEM",
            "name": "ashbren21",
            "is_restricted": false,
            "is_ultra_restricted": false
        },
        "blocks": [
            {
                "type": "rich_text",
                "block_id": "l5z5G",
                "elements": [
                    {
                        "type": "rich_text_section",
                        "elements": [
                            {
                                "type": "text",
                                "text": "Is that the 8 bit guy?"
                            }
                        ]
                    }
                ]
            }
        ]
    },
    {
        "client_msg_id": "253dd731-02e3-4467-8674-9e8066aeacad",
        "type": "message",
        "text": "Man what a legend",
        "user": "U010DDZ3FJR",
        "ts": "1608869653.001000",
        "team": "TCR2U6UEM",
        "user_team": "TCR2U6UEM",
        "source_team": "TCR2U6UEM",
        "user_profile": {
            "avatar_hash": "fda0a36a8605",
            "image_72": "https:\/\/avatars.slack-edge.com\/2020-09-18\/1386993799393_fda0a36a86053c692b20_72.jpg",
            "first_name": "Luke",
            "real_name": "Luke Aschenbrenner",
            "display_name": "Luke Aschenbrenner",
            "team": "TCR2U6UEM",
            "name": "ashbren21",
            "is_restricted": false,
            "is_ultra_restricted": false
        },
        "blocks": [
            {
                "type": "rich_text",
                "block_id": "x6x",
                "elements": [
                    {
                        "type": "rich_text_section",
                        "elements": [
                            {
                                "type": "text",
                                "text": "Man what a legend"
                            }
                        ]
                    }
                ]
            }
        ]
    }
]