[
    {
        "bot_id": "B0102JP7KJN",
        "type": "message",
        "text": "",
        "user": "U0103U2207M",
        "ts": "1598670344.000100",
        "team": "TCR2U6UEM",
        "bot_profile": {
            "id": "B0102JP7KJN",
            "deleted": false,
            "name": "GitHub",
            "updated": 1584725088,
            "app_id": "A8GBNUWU8",
            "icons": {
                "image_36": "https:\/\/slack-files2.s3-us-west-2.amazonaws.com\/avatars\/2017-12-19\/288981919427_f45f04edd92902a96859_36.png",
                "image_48": "https:\/\/slack-files2.s3-us-west-2.amazonaws.com\/avatars\/2017-12-19\/288981919427_f45f04edd92902a96859_48.png",
                "image_72": "https:\/\/slack-files2.s3-us-west-2.amazonaws.com\/avatars\/2017-12-19\/288981919427_f45f04edd92902a96859_72.png"
            },
            "team_id": "TCR2U6UEM"
        },
        "attachments": [
            {
                "author_name": "lukehasawii",
                "fallback": "[rawbaconrobotics\/RawBacon-BotCode-2021] <https:\/\/github.com\/rawbaconrobotics\/RawBacon-BotCode-2021\/compare\/9f17d0f9969a...bfef85a2951e|11 new commits> pushed to <https:\/\/github.com\/rawbaconrobotics\/RawBacon-BotCode-2021\/tree\/master|`master`>",
                "text": "*<https:\/\/github.com\/rawbaconrobotics\/RawBacon-BotCode-2021\/compare\/9f17d0f9969a...bfef85a2951e|11 new commits> pushed to <https:\/\/github.com\/rawbaconrobotics\/RawBacon-BotCode-2021\/tree\/master|`master`>*\n<https:\/\/github.com\/rawbaconrobotics\/RawBacon-BotCode-2021\/commit\/a556641904f1515b59087ce638d45d7c92d7e8c2|`a5566419`> - Script merge 5.5 &amp; manual fixes\n<https:\/\/github.com\/rawbaconrobotics\/RawBacon-BotCode-2021\/commit\/4ff8292a08fab04c93904d7f77d3ad1d08c0f85e|`4ff8292a`> - Merge branch '5.5' of <https:\/\/github.com\/OpenFTC\/Extracted-RC> into 5.5\n<https:\/\/github.com\/rawbaconrobotics\/RawBacon-BotCode-2021\/commit\/6f79649859dec19dc0bfe5785b78a7535dc756c0|`6f796498`> - Post extrc 5.5 merge versioncode things\n<https:\/\/github.com\/rawbaconrobotics\/RawBacon-BotCode-2021\/commit\/0ed70cdf2df544508acd36e14e237d83aa3ff1f0|`0ed70cdf`> - Whoops forgot to remove manifest codes in inspection\n<https:\/\/github.com\/rawbaconrobotics\/RawBacon-BotCode-2021\/commit\/251fe385e948bd9181800182dcbb18565576d849|`251fe385`> - Merge branch '5.5' of <https:\/\/github.com\/OpenFTC\/Extracted-RC> into 5.5\n<https:\/\/github.com\/rawbaconrobotics\/RawBacon-BotCode-2021\/commit\/4e4c0442a64e26019dbd43bf0d8cb1491ea41bf4|`4e4c0442`> - Bump OpenRC module minsdk\n<https:\/\/github.com\/rawbaconrobotics\/RawBacon-BotCode-2021\/commit\/636c53968469a391c06e4fa11f4026170a36518d|`636c5396`> - Migrate placeholder turbo code to andoridx\n<https:\/\/github.com\/rawbaconrobotics\/RawBacon-BotCode-2021\/commit\/5c61ae069a9d865c0f2c82578a960e2b7144c095|`5c61ae06`> - Update stock mode\n<https:\/\/github.com\/rawbaconrobotics\/RawBacon-BotCode-2021\/commit\/e1f7a754f68ed75f3a3883b8ec30a2d505e967b0|`e1f7a754`> - Fix oopsie during extrc merge\n<https:\/\/github.com\/rawbaconrobotics\/RawBacon-BotCode-2021\/commit\/260f66cf9f3aaf4ef5aaccceaabd423478c4e462|`260f66cf`> - 5.5A release\n<https:\/\/github.com\/rawbaconrobotics\/RawBacon-BotCode-2021\/commit\/bfef85a2951e3993b919fe80b428c0aa3c4a33ea|`bfef85a2`> - updated FTC SDK version to 5.5",
                "footer": "<https:\/\/github.com\/rawbaconrobotics\/RawBacon-BotCode-2021|rawbaconrobotics\/RawBacon-BotCode-2021>",
                "id": 1,
                "author_link": "https:\/\/github.com\/lukehasawii",
                "author_icon": "https:\/\/avatars2.githubusercontent.com\/u\/30738778?v=4",
                "footer_icon": "https:\/\/github.githubassets.com\/favicon.ico",
                "color": "24292f",
                "mrkdwn_in": [
                    "text"
                ]
            }
        ]
    },
    {
        "bot_id": "B0102JP7KJN",
        "type": "message",
        "text": "",
        "user": "U0103U2207M",
        "ts": "1598671253.000100",
        "team": "TCR2U6UEM",
        "bot_profile": {
            "id": "B0102JP7KJN",
            "deleted": false,
            "name": "GitHub",
            "updated": 1584725088,
            "app_id": "A8GBNUWU8",
            "icons": {
                "image_36": "https:\/\/slack-files2.s3-us-west-2.amazonaws.com\/avatars\/2017-12-19\/288981919427_f45f04edd92902a96859_36.png",
                "image_48": "https:\/\/slack-files2.s3-us-west-2.amazonaws.com\/avatars\/2017-12-19\/288981919427_f45f04edd92902a96859_48.png",
                "image_72": "https:\/\/slack-files2.s3-us-west-2.amazonaws.com\/avatars\/2017-12-19\/288981919427_f45f04edd92902a96859_72.png"
            },
            "team_id": "TCR2U6UEM"
        },
        "attachments": [
            {
                "author_name": "lukehasawii",
                "fallback": "[rawbaconrobotics\/RawBacon-BotCode-2021] Created branch <https:\/\/github.com\/rawbaconrobotics\/RawBacon-BotCode-2021\/tree\/PreSeason_Framework|`PreSeason_Framework`>",
                "text": "Created branch <https:\/\/github.com\/rawbaconrobotics\/RawBacon-BotCode-2021\/tree\/PreSeason_Framework|`PreSeason_Framework`>",
                "footer": "<https:\/\/github.com\/rawbaconrobotics\/RawBacon-BotCode-2021|rawbaconrobotics\/RawBacon-BotCode-2021>",
                "id": 1,
                "author_link": "https:\/\/github.com\/lukehasawii",
                "author_icon": "https:\/\/avatars2.githubusercontent.com\/u\/30738778?v=4",
                "footer_icon": "https:\/\/github.githubassets.com\/favicon.ico",
                "color": "24292f",
                "mrkdwn_in": [
                    "text"
                ]
            }
        ]
    }
]