[
    {
        "bot_id": "B0102JP7KJN",
        "type": "message",
        "text": "",
        "user": "U0103U2207M",
        "ts": "1597623351.000100",
        "team": "TCR2U6UEM",
        "bot_profile": {
            "id": "B0102JP7KJN",
            "deleted": false,
            "name": "GitHub",
            "updated": 1584725088,
            "app_id": "A8GBNUWU8",
            "icons": {
                "image_36": "https:\/\/slack-files2.s3-us-west-2.amazonaws.com\/avatars\/2017-12-19\/288981919427_f45f04edd92902a96859_36.png",
                "image_48": "https:\/\/slack-files2.s3-us-west-2.amazonaws.com\/avatars\/2017-12-19\/288981919427_f45f04edd92902a96859_48.png",
                "image_72": "https:\/\/slack-files2.s3-us-west-2.amazonaws.com\/avatars\/2017-12-19\/288981919427_f45f04edd92902a96859_72.png"
            },
            "team_id": "TCR2U6UEM"
        },
        "attachments": [
            {
                "author_name": "lukehasawii",
                "fallback": "[rawbaconrobotics\/RawBacon-BotCode-2021] #1 merging new OpenRC Version",
                "pretext": "Pull request opened by lukehasawii",
                "title": "#1 merging new OpenRC Version",
                "footer": "<https:\/\/github.com\/rawbaconrobotics\/RawBacon-BotCode-2021|rawbaconrobotics\/RawBacon-BotCode-2021>",
                "id": 1,
                "title_link": "https:\/\/github.com\/rawbaconrobotics\/RawBacon-BotCode-2021\/pull\/1",
                "author_link": "https:\/\/github.com\/lukehasawii",
                "author_icon": "https:\/\/avatars2.githubusercontent.com\/u\/30738778?v=4",
                "footer_icon": "https:\/\/github.githubassets.com\/favicon.ico",
                "ts": 1597623348,
                "color": "36a64f",
                "mrkdwn_in": [
                    "text"
                ]
            }
        ]
    },
    {
        "bot_id": "B0102JP7KJN",
        "type": "message",
        "text": "",
        "user": "U0103U2207M",
        "ts": "1597623380.000200",
        "team": "TCR2U6UEM",
        "bot_profile": {
            "id": "B0102JP7KJN",
            "deleted": false,
            "name": "GitHub",
            "updated": 1584725088,
            "app_id": "A8GBNUWU8",
            "icons": {
                "image_36": "https:\/\/slack-files2.s3-us-west-2.amazonaws.com\/avatars\/2017-12-19\/288981919427_f45f04edd92902a96859_36.png",
                "image_48": "https:\/\/slack-files2.s3-us-west-2.amazonaws.com\/avatars\/2017-12-19\/288981919427_f45f04edd92902a96859_48.png",
                "image_72": "https:\/\/slack-files2.s3-us-west-2.amazonaws.com\/avatars\/2017-12-19\/288981919427_f45f04edd92902a96859_72.png"
            },
            "team_id": "TCR2U6UEM"
        },
        "attachments": [
            {
                "author_name": "lukehasawii",
                "fallback": "[rawbaconrobotics\/RawBacon-BotCode-2021] <https:\/\/github.com\/rawbaconrobotics\/RawBacon-BotCode-2021\/compare\/324ed36fa4c1...e4b9cbc84d7b|4 new commits> pushed to <https:\/\/github.com\/rawbaconrobotics\/RawBacon-BotCode-2021\/tree\/master|`master`>",
                "text": "*<https:\/\/github.com\/rawbaconrobotics\/RawBacon-BotCode-2021\/compare\/324ed36fa4c1...e4b9cbc84d7b|4 new commits> pushed to <https:\/\/github.com\/rawbaconrobotics\/RawBacon-BotCode-2021\/tree\/master|`master`>*\n<https:\/\/github.com\/rawbaconrobotics\/RawBacon-BotCode-2021\/commit\/800560584f2aeed3298d3a562b9c6d3b2cb77b8c|`80056058`> - Make vision datasets checker CH-friendly\n<https:\/\/github.com\/rawbaconrobotics\/RawBacon-BotCode-2021\/commit\/a9e4c8518774bb947fb0c921f57e6b9199717f9b|`a9e4c851`> - Make vuforia loader CH-friendly\n<https:\/\/github.com\/rawbaconrobotics\/RawBacon-BotCode-2021\/commit\/5bd923c736d78ac314f14594a3dc01109f58bcf9|`5bd923c7`> - 5.4B release\n<https:\/\/github.com\/rawbaconrobotics\/RawBacon-BotCode-2021\/commit\/e4b9cbc84d7bd9e46068dd269f2ab16ca3551581|`e4b9cbc8`> - Merge pull request #1 from OpenFTC\/master",
                "footer": "<https:\/\/github.com\/rawbaconrobotics\/RawBacon-BotCode-2021|rawbaconrobotics\/RawBacon-BotCode-2021>",
                "id": 1,
                "author_link": "https:\/\/github.com\/lukehasawii",
                "author_icon": "https:\/\/avatars2.githubusercontent.com\/u\/30738778?v=4",
                "footer_icon": "https:\/\/github.githubassets.com\/favicon.ico",
                "color": "24292f",
                "mrkdwn_in": [
                    "text"
                ]
            }
        ]
    },
    {
        "bot_id": "B0102JP7KJN",
        "type": "message",
        "text": "",
        "user": "U0103U2207M",
        "ts": "1597623382.000300",
        "team": "TCR2U6UEM",
        "bot_profile": {
            "id": "B0102JP7KJN",
            "deleted": false,
            "name": "GitHub",
            "updated": 1584725088,
            "app_id": "A8GBNUWU8",
            "icons": {
                "image_36": "https:\/\/slack-files2.s3-us-west-2.amazonaws.com\/avatars\/2017-12-19\/288981919427_f45f04edd92902a96859_36.png",
                "image_48": "https:\/\/slack-files2.s3-us-west-2.amazonaws.com\/avatars\/2017-12-19\/288981919427_f45f04edd92902a96859_48.png",
                "image_72": "https:\/\/slack-files2.s3-us-west-2.amazonaws.com\/avatars\/2017-12-19\/288981919427_f45f04edd92902a96859_72.png"
            },
            "team_id": "TCR2U6UEM"
        },
        "attachments": [
            {
                "fallback": "[rawbaconrobotics\/RawBacon-BotCode-2021] #1 merging new OpenRC Version",
                "pretext": "Pull request merged by lukehasawii",
                "title": "#1 merging new OpenRC Version",
                "footer": "<https:\/\/github.com\/rawbaconrobotics\/RawBacon-BotCode-2021|rawbaconrobotics\/RawBacon-BotCode-2021>",
                "id": 1,
                "title_link": "https:\/\/github.com\/rawbaconrobotics\/RawBacon-BotCode-2021\/pull\/1",
                "footer_icon": "https:\/\/github.githubassets.com\/favicon.ico",
                "ts": 1597623348,
                "color": "6f42c1",
                "mrkdwn_in": [
                    "text"
                ]
            }
        ]
    },
    {
        "bot_id": "B0102JP7KJN",
        "type": "message",
        "text": "",
        "user": "U0103U2207M",
        "ts": "1597623551.000400",
        "team": "TCR2U6UEM",
        "bot_profile": {
            "id": "B0102JP7KJN",
            "deleted": false,
            "name": "GitHub",
            "updated": 1584725088,
            "app_id": "A8GBNUWU8",
            "icons": {
                "image_36": "https:\/\/slack-files2.s3-us-west-2.amazonaws.com\/avatars\/2017-12-19\/288981919427_f45f04edd92902a96859_36.png",
                "image_48": "https:\/\/slack-files2.s3-us-west-2.amazonaws.com\/avatars\/2017-12-19\/288981919427_f45f04edd92902a96859_48.png",
                "image_72": "https:\/\/slack-files2.s3-us-west-2.amazonaws.com\/avatars\/2017-12-19\/288981919427_f45f04edd92902a96859_72.png"
            },
            "team_id": "TCR2U6UEM"
        },
        "attachments": [
            {
                "author_name": "lukehasawii",
                "fallback": "[rawbaconrobotics\/RawBacon-BotCode-2021] Deleted branch <https:\/\/github.com\/rawbaconrobotics\/RawBacon-BotCode-2021\/tree\/5.3|`5.3`>",
                "text": "Deleted branch <https:\/\/github.com\/rawbaconrobotics\/RawBacon-BotCode-2021\/tree\/5.3|`5.3`>",
                "footer": "<https:\/\/github.com\/rawbaconrobotics\/RawBacon-BotCode-2021|rawbaconrobotics\/RawBacon-BotCode-2021>",
                "id": 1,
                "author_link": "https:\/\/github.com\/lukehasawii",
                "author_icon": "https:\/\/avatars2.githubusercontent.com\/u\/30738778?v=4",
                "footer_icon": "https:\/\/github.githubassets.com\/favicon.ico",
                "color": "24292f",
                "mrkdwn_in": [
                    "text"
                ]
            }
        ]
    },
    {
        "bot_id": "B0102JP7KJN",
        "type": "message",
        "text": "",
        "user": "U0103U2207M",
        "ts": "1597623553.000500",
        "team": "TCR2U6UEM",
        "bot_profile": {
            "id": "B0102JP7KJN",
            "deleted": false,
            "name": "GitHub",
            "updated": 1584725088,
            "app_id": "A8GBNUWU8",
            "icons": {
                "image_36": "https:\/\/slack-files2.s3-us-west-2.amazonaws.com\/avatars\/2017-12-19\/288981919427_f45f04edd92902a96859_36.png",
                "image_48": "https:\/\/slack-files2.s3-us-west-2.amazonaws.com\/avatars\/2017-12-19\/288981919427_f45f04edd92902a96859_48.png",
                "image_72": "https:\/\/slack-files2.s3-us-west-2.amazonaws.com\/avatars\/2017-12-19\/288981919427_f45f04edd92902a96859_72.png"
            },
            "team_id": "TCR2U6UEM"
        },
        "attachments": [
            {
                "author_name": "lukehasawii",
                "fallback": "[rawbaconrobotics\/RawBacon-BotCode-2021] Deleted branch <https:\/\/github.com\/rawbaconrobotics\/RawBacon-BotCode-2021\/tree\/5.4|`5.4`>",
                "text": "Deleted branch <https:\/\/github.com\/rawbaconrobotics\/RawBacon-BotCode-2021\/tree\/5.4|`5.4`>",
                "footer": "<https:\/\/github.com\/rawbaconrobotics\/RawBacon-BotCode-2021|rawbaconrobotics\/RawBacon-BotCode-2021>",
                "id": 1,
                "author_link": "https:\/\/github.com\/lukehasawii",
                "author_icon": "https:\/\/avatars2.githubusercontent.com\/u\/30738778?v=4",
                "footer_icon": "https:\/\/github.githubassets.com\/favicon.ico",
                "color": "24292f",
                "mrkdwn_in": [
                    "text"
                ]
            }
        ]
    },
    {
        "bot_id": "B0102JP7KJN",
        "type": "message",
        "text": "",
        "user": "U0103U2207M",
        "ts": "1597626484.000100",
        "team": "TCR2U6UEM",
        "bot_profile": {
            "id": "B0102JP7KJN",
            "deleted": false,
            "name": "GitHub",
            "updated": 1584725088,
            "app_id": "A8GBNUWU8",
            "icons": {
                "image_36": "https:\/\/slack-files2.s3-us-west-2.amazonaws.com\/avatars\/2017-12-19\/288981919427_f45f04edd92902a96859_36.png",
                "image_48": "https:\/\/slack-files2.s3-us-west-2.amazonaws.com\/avatars\/2017-12-19\/288981919427_f45f04edd92902a96859_48.png",
                "image_72": "https:\/\/slack-files2.s3-us-west-2.amazonaws.com\/avatars\/2017-12-19\/288981919427_f45f04edd92902a96859_72.png"
            },
            "team_id": "TCR2U6UEM"
        },
        "attachments": [
            {
                "author_name": "lukehasawii",
                "fallback": "[rawbaconrobotics\/RawBacon-BotCode-2021] <https:\/\/github.com\/rawbaconrobotics\/RawBacon-BotCode-2021\/compare\/e4b9cbc84d7b...93f01b3519c6|1 new commit> pushed to <https:\/\/github.com\/rawbaconrobotics\/RawBacon-BotCode-2021\/tree\/master|`master`>",
                "text": "*<https:\/\/github.com\/rawbaconrobotics\/RawBacon-BotCode-2021\/compare\/e4b9cbc84d7b...93f01b3519c6|1 new commit> pushed to <https:\/\/github.com\/rawbaconrobotics\/RawBacon-BotCode-2021\/tree\/master|`master`>*\n<https:\/\/github.com\/rawbaconrobotics\/RawBacon-BotCode-2021\/commit\/93f01b3519c6a31bf01d516828157ddf95572ed5|`93f01b35`> - test commit to ensure repo is setup correctly",
                "footer": "<https:\/\/github.com\/rawbaconrobotics\/RawBacon-BotCode-2021|rawbaconrobotics\/RawBacon-BotCode-2021>",
                "id": 1,
                "author_link": "https:\/\/github.com\/lukehasawii",
                "author_icon": "https:\/\/avatars2.githubusercontent.com\/u\/30738778?v=4",
                "footer_icon": "https:\/\/github.githubassets.com\/favicon.ico",
                "color": "24292f",
                "mrkdwn_in": [
                    "text"
                ]
            }
        ]
    }
]