[
    {
        "bot_id": "B0102JP7KJN",
        "type": "message",
        "text": "",
        "user": "U0103U2207M",
        "ts": "1604004156.000200",
        "team": "TCR2U6UEM",
        "bot_profile": {
            "id": "B0102JP7KJN",
            "deleted": false,
            "name": "GitHub",
            "updated": 1584725088,
            "app_id": "A8GBNUWU8",
            "icons": {
                "image_36": "https:\/\/slack-files2.s3-us-west-2.amazonaws.com\/avatars\/2017-12-19\/288981919427_f45f04edd92902a96859_36.png",
                "image_48": "https:\/\/slack-files2.s3-us-west-2.amazonaws.com\/avatars\/2017-12-19\/288981919427_f45f04edd92902a96859_48.png",
                "image_72": "https:\/\/slack-files2.s3-us-west-2.amazonaws.com\/avatars\/2017-12-19\/288981919427_f45f04edd92902a96859_72.png"
            },
            "team_id": "TCR2U6UEM"
        },
        "attachments": [
            {
                "author_name": "lukehasawii",
                "fallback": "[rawbaconrobotics\/RawBacon-BotCode-2021] Created branch <https:\/\/github.com\/rawbaconrobotics\/RawBacon-BotCode-2021\/tree\/ftcdashboard-test|`ftcdashboard-test`>",
                "text": "Created branch <https:\/\/github.com\/rawbaconrobotics\/RawBacon-BotCode-2021\/tree\/ftcdashboard-test|`ftcdashboard-test`>",
                "footer": "<https:\/\/github.com\/rawbaconrobotics\/RawBacon-BotCode-2021|rawbaconrobotics\/RawBacon-BotCode-2021>",
                "id": 1,
                "author_link": "https:\/\/github.com\/lukehasawii",
                "author_icon": "https:\/\/avatars2.githubusercontent.com\/u\/30738778?v=4",
                "footer_icon": "https:\/\/github.githubassets.com\/favicon.ico",
                "color": "24292f",
                "mrkdwn_in": [
                    "text"
                ]
            }
        ]
    },
    {
        "bot_id": "B0102JP7KJN",
        "type": "message",
        "text": "",
        "user": "U0103U2207M",
        "ts": "1604006295.000300",
        "team": "TCR2U6UEM",
        "bot_profile": {
            "id": "B0102JP7KJN",
            "deleted": false,
            "name": "GitHub",
            "updated": 1584725088,
            "app_id": "A8GBNUWU8",
            "icons": {
                "image_36": "https:\/\/slack-files2.s3-us-west-2.amazonaws.com\/avatars\/2017-12-19\/288981919427_f45f04edd92902a96859_36.png",
                "image_48": "https:\/\/slack-files2.s3-us-west-2.amazonaws.com\/avatars\/2017-12-19\/288981919427_f45f04edd92902a96859_48.png",
                "image_72": "https:\/\/slack-files2.s3-us-west-2.amazonaws.com\/avatars\/2017-12-19\/288981919427_f45f04edd92902a96859_72.png"
            },
            "team_id": "TCR2U6UEM"
        },
        "attachments": [
            {
                "author_name": "lukehasawii",
                "fallback": "[rawbaconrobotics\/RawBacon-BotCode-2021] <https:\/\/github.com\/rawbaconrobotics\/RawBacon-BotCode-2021\/compare\/edc9c5dd6bd7...27291c0742a5|4 new commits> pushed to <https:\/\/github.com\/rawbaconrobotics\/RawBacon-BotCode-2021\/tree\/master|`master`>",
                "text": "*<https:\/\/github.com\/rawbaconrobotics\/RawBacon-BotCode-2021\/compare\/edc9c5dd6bd7...27291c0742a5|4 new commits> pushed to <https:\/\/github.com\/rawbaconrobotics\/RawBacon-BotCode-2021\/tree\/master|`master`>*\n<https:\/\/github.com\/rawbaconrobotics\/RawBacon-BotCode-2021\/commit\/7a62630e2bbaa00eb8bce6454fe2b0e54c6ac090|`7a62630e`> - Removed FTC Dashboard libraries from the internet and cleaned up code.\n<https:\/\/github.com\/rawbaconrobotics\/RawBacon-BotCode-2021\/commit\/85888815ff64a8fc4a887a1f74c710a83479bdfd|`85888815`> - added the sources back, preparing to merge with master branch\n<https:\/\/github.com\/rawbaconrobotics\/RawBacon-BotCode-2021\/commit\/13f1eeb2eb07c5a4700915840780fb38a3e03633|`13f1eeb2`> - Merge remote-tracking branch 'origin\/master'\n<https:\/\/github.com\/rawbaconrobotics\/RawBacon-BotCode-2021\/commit\/27291c0742a54790ca027e84a6a6763036f271b7|`27291c07`> - Fixed DcMotor naming conventions and merged gradle fixes from previous commits (hopefully everything works from a fresh clone!)",
                "footer": "<https:\/\/github.com\/rawbaconrobotics\/RawBacon-BotCode-2021|rawbaconrobotics\/RawBacon-BotCode-2021>",
                "id": 1,
                "author_link": "https:\/\/github.com\/lukehasawii",
                "author_icon": "https:\/\/avatars2.githubusercontent.com\/u\/30738778?v=4",
                "footer_icon": "https:\/\/github.githubassets.com\/favicon.ico",
                "color": "24292f",
                "mrkdwn_in": [
                    "text"
                ]
            }
        ]
    },
    {
        "bot_id": "B0102JP7KJN",
        "type": "message",
        "text": "",
        "user": "U0103U2207M",
        "ts": "1604013927.000400",
        "team": "TCR2U6UEM",
        "bot_profile": {
            "id": "B0102JP7KJN",
            "deleted": false,
            "name": "GitHub",
            "updated": 1584725088,
            "app_id": "A8GBNUWU8",
            "icons": {
                "image_36": "https:\/\/slack-files2.s3-us-west-2.amazonaws.com\/avatars\/2017-12-19\/288981919427_f45f04edd92902a96859_36.png",
                "image_48": "https:\/\/slack-files2.s3-us-west-2.amazonaws.com\/avatars\/2017-12-19\/288981919427_f45f04edd92902a96859_48.png",
                "image_72": "https:\/\/slack-files2.s3-us-west-2.amazonaws.com\/avatars\/2017-12-19\/288981919427_f45f04edd92902a96859_72.png"
            },
            "team_id": "TCR2U6UEM"
        },
        "attachments": [
            {
                "author_name": "lukehasawii",
                "fallback": "[rawbaconrobotics\/RawBacon-BotCode-2021] <https:\/\/github.com\/rawbaconrobotics\/RawBacon-BotCode-2021\/compare\/27291c0742a5...a06ff7ed09ee|4 new commits> pushed to <https:\/\/github.com\/rawbaconrobotics\/RawBacon-BotCode-2021\/tree\/master|`master`>",
                "text": "*<https:\/\/github.com\/rawbaconrobotics\/RawBacon-BotCode-2021\/compare\/27291c0742a5...a06ff7ed09ee|4 new commits> pushed to <https:\/\/github.com\/rawbaconrobotics\/RawBacon-BotCode-2021\/tree\/master|`master`>*\n<https:\/\/github.com\/rawbaconrobotics\/RawBacon-BotCode-2021\/commit\/18d25f1972b111cd01b29adcfcd9d27e9a222cd1|`18d25f19`> - Added local instance of FTC Dashboard library\n<https:\/\/github.com\/rawbaconrobotics\/RawBacon-BotCode-2021\/commit\/0bd95f80e61be42ddba023d612964c45094eeb74|`0bd95f80`> - coded links between the robot controller and wifi! will test after yarn build\n<https:\/\/github.com\/rawbaconrobotics\/RawBacon-BotCode-2021\/commit\/9a659a0711435699316ad8346ad4074bec2c2d50|`9a659a07`> - Finished remote robot driving code! Use \"local\" as the password to access FTC Dashboard when you're on the school's WiFi.\n<https:\/\/github.com\/rawbaconrobotics\/RawBacon-BotCode-2021\/commit\/a06ff7ed09eedaae6244c5a9b846ad73c9b368d6|`a06ff7ed`> - (merged from other branch)",
                "footer": "<https:\/\/github.com\/rawbaconrobotics\/RawBacon-BotCode-2021|rawbaconrobotics\/RawBacon-BotCode-2021>",
                "id": 1,
                "author_link": "https:\/\/github.com\/lukehasawii",
                "author_icon": "https:\/\/avatars2.githubusercontent.com\/u\/30738778?v=4",
                "footer_icon": "https:\/\/github.githubassets.com\/favicon.ico",
                "color": "24292f",
                "mrkdwn_in": [
                    "text"
                ]
            }
        ]
    }
]