[
    {
        "bot_id": "B0102JP7KJN",
        "type": "message",
        "text": "",
        "user": "U0103U2207M",
        "ts": "1603925383.000100",
        "team": "TCR2U6UEM",
        "bot_profile": {
            "id": "B0102JP7KJN",
            "deleted": false,
            "name": "GitHub",
            "updated": 1584725088,
            "app_id": "A8GBNUWU8",
            "icons": {
                "image_36": "https:\/\/slack-files2.s3-us-west-2.amazonaws.com\/avatars\/2017-12-19\/288981919427_f45f04edd92902a96859_36.png",
                "image_48": "https:\/\/slack-files2.s3-us-west-2.amazonaws.com\/avatars\/2017-12-19\/288981919427_f45f04edd92902a96859_48.png",
                "image_72": "https:\/\/slack-files2.s3-us-west-2.amazonaws.com\/avatars\/2017-12-19\/288981919427_f45f04edd92902a96859_72.png"
            },
            "team_id": "TCR2U6UEM"
        },
        "attachments": [
            {
                "author_name": "neonlynx15",
                "fallback": "[rawbaconrobotics\/RawBacon-BotCode-2021] <https:\/\/github.com\/rawbaconrobotics\/RawBacon-BotCode-2021\/compare\/303f9a709f57...edc9c5dd6bd7|1 new commit> pushed to <https:\/\/github.com\/rawbaconrobotics\/RawBacon-BotCode-2021\/tree\/master|`master`>",
                "text": "*<https:\/\/github.com\/rawbaconrobotics\/RawBacon-BotCode-2021\/compare\/303f9a709f57...edc9c5dd6bd7|1 new commit> pushed to <https:\/\/github.com\/rawbaconrobotics\/RawBacon-BotCode-2021\/tree\/master|`master`>*\n<https:\/\/github.com\/rawbaconrobotics\/RawBacon-BotCode-2021\/commit\/edc9c5dd6bd755268a662e5784aae9f5e1bb3e98|`edc9c5dd`> - Made code for the intake and launcher designs that are currently begin prototyped. Used similar structure to the wobble arm code.",
                "footer": "<https:\/\/github.com\/rawbaconrobotics\/RawBacon-BotCode-2021|rawbaconrobotics\/RawBacon-BotCode-2021>",
                "id": 1,
                "author_link": "https:\/\/github.com\/neonlynx15",
                "author_icon": "https:\/\/avatars3.githubusercontent.com\/u\/54867913?v=4",
                "footer_icon": "https:\/\/github.githubassets.com\/favicon.ico",
                "color": "24292f",
                "mrkdwn_in": [
                    "text"
                ]
            }
        ]
    }
]