[
    {
        "bot_id": "B0102JP7KJN",
        "type": "message",
        "text": "",
        "user": "U0103U2207M",
        "ts": "1610659841.000100",
        "team": "TCR2U6UEM",
        "bot_profile": {
            "id": "B0102JP7KJN",
            "deleted": false,
            "name": "GitHub",
            "updated": 1584725088,
            "app_id": "A8GBNUWU8",
            "icons": {
                "image_36": "https:\/\/slack-files2.s3-us-west-2.amazonaws.com\/avatars\/2017-12-19\/288981919427_f45f04edd92902a96859_36.png",
                "image_48": "https:\/\/slack-files2.s3-us-west-2.amazonaws.com\/avatars\/2017-12-19\/288981919427_f45f04edd92902a96859_48.png",
                "image_72": "https:\/\/slack-files2.s3-us-west-2.amazonaws.com\/avatars\/2017-12-19\/288981919427_f45f04edd92902a96859_72.png"
            },
            "team_id": "TCR2U6UEM"
        },
        "attachments": [
            {
                "author_name": "lukehasawii",
                "fallback": "[rawbaconrobotics\/RawBacon-BotCode-2021] <https:\/\/github.com\/rawbaconrobotics\/RawBacon-BotCode-2021\/compare\/ae22c43265a0...d0c977b58205|1 new commit> pushed to <https:\/\/github.com\/rawbaconrobotics\/RawBacon-BotCode-2021\/tree\/master|`master`>",
                "text": "*<https:\/\/github.com\/rawbaconrobotics\/RawBacon-BotCode-2021\/compare\/ae22c43265a0...d0c977b58205|1 new commit> pushed to <https:\/\/github.com\/rawbaconrobotics\/RawBacon-BotCode-2021\/tree\/master|`master`>*\n<https:\/\/github.com\/rawbaconrobotics\/RawBacon-BotCode-2021\/commit\/d0c977b58205e2669ea82d0f5a088d55df62df57|`d0c977b5`> - Latest auto values",
                "footer": "<https:\/\/github.com\/rawbaconrobotics\/RawBacon-BotCode-2021|rawbaconrobotics\/RawBacon-BotCode-2021>",
                "id": 1,
                "author_link": "https:\/\/github.com\/lukehasawii",
                "author_icon": "https:\/\/avatars2.githubusercontent.com\/u\/30738778?v=4",
                "footer_icon": "https:\/\/github.githubassets.com\/favicon.ico",
                "color": "24292f",
                "mrkdwn_in": [
                    "text"
                ]
            }
        ]
    }
]