[
    {
        "client_msg_id": "1b093807-3a7d-4521-8011-b258acefc9bf",
        "type": "message",
        "text": "<@U018QFKN44W> is there any way i can get a pdf of last years notebook",
        "user": "U016G7WR3KJ",
        "ts": "1599942808.000700",
        "team": "TCR2U6UEM",
        "user_team": "TCR2U6UEM",
        "source_team": "TCR2U6UEM",
        "user_profile": {
            "avatar_hash": "bbe6b64d1e6f",
            "image_72": "https:\/\/avatars.slack-edge.com\/2020-09-12\/1359637227778_bbe6b64d1e6f191982dd_72.jpg",
            "first_name": "Robbie",
            "real_name": "Robbie Thibodeau",
            "display_name": "Robbie Thibodeau",
            "team": "TCR2U6UEM",
            "name": "rgtthibodeau",
            "is_restricted": false,
            "is_ultra_restricted": false
        },
        "blocks": [
            {
                "type": "rich_text",
                "block_id": "8m0ZM",
                "elements": [
                    {
                        "type": "rich_text_section",
                        "elements": [
                            {
                                "type": "user",
                                "user_id": "U018QFKN44W"
                            },
                            {
                                "type": "text",
                                "text": " is there any way i can get a pdf of last years notebook"
                            }
                        ]
                    }
                ]
            }
        ]
    },
    {
        "client_msg_id": "a1f4f1e3-0c9d-4142-a413-e4bde3b739f0",
        "type": "message",
        "text": "it is for the rev sponsorship",
        "user": "U016G7WR3KJ",
        "ts": "1599942818.001000",
        "team": "TCR2U6UEM",
        "user_team": "TCR2U6UEM",
        "source_team": "TCR2U6UEM",
        "user_profile": {
            "avatar_hash": "bbe6b64d1e6f",
            "image_72": "https:\/\/avatars.slack-edge.com\/2020-09-12\/1359637227778_bbe6b64d1e6f191982dd_72.jpg",
            "first_name": "Robbie",
            "real_name": "Robbie Thibodeau",
            "display_name": "Robbie Thibodeau",
            "team": "TCR2U6UEM",
            "name": "rgtthibodeau",
            "is_restricted": false,
            "is_ultra_restricted": false
        },
        "blocks": [
            {
                "type": "rich_text",
                "block_id": "NEAJ",
                "elements": [
                    {
                        "type": "rich_text_section",
                        "elements": [
                            {
                                "type": "text",
                                "text": "it is for the rev sponsorship"
                            }
                        ]
                    }
                ]
            }
        ]
    }
]