[
    {
        "client_msg_id": "2927b86f-1397-483f-b114-ddc2c2d4b31a",
        "type": "message",
        "text": "Oki doki",
        "user": "U018URES8KV",
        "ts": "1600261542.011900",
        "team": "TCR2U6UEM",
        "user_team": "TCR2U6UEM",
        "source_team": "TCR2U6UEM",
        "user_profile": {
            "avatar_hash": "1b6b64ea950d",
            "image_72": "https:\/\/avatars.slack-edge.com\/2020-09-18\/1380553169540_1b6b64ea950dd455ff25_72.jpg",
            "first_name": "Adam",
            "real_name": "Adam Holmes",
            "display_name": "Adam Holmes",
            "team": "TCR2U6UEM",
            "name": "adamup555",
            "is_restricted": false,
            "is_ultra_restricted": false
        },
        "blocks": [
            {
                "type": "rich_text",
                "block_id": "Pem66",
                "elements": [
                    {
                        "type": "rich_text_section",
                        "elements": [
                            {
                                "type": "text",
                                "text": "Oki doki"
                            }
                        ]
                    }
                ]
            }
        ]
    },
    {
        "client_msg_id": "619f114a-ca13-4352-aebd-1644373de5c5",
        "type": "message",
        "text": "<https:\/\/www.autodesk.com\/education\/edu-software\/overview?sorting=featured&amp;page=1>",
        "user": "U0193D42LHJ",
        "ts": "1600292330.012400",
        "team": "TCR2U6UEM",
        "user_team": "TCR2U6UEM",
        "source_team": "TCR2U6UEM",
        "user_profile": {
            "avatar_hash": "ac92a4993882",
            "image_72": "https:\/\/avatars.slack-edge.com\/2020-09-18\/1380577414884_ac92a4993882a5db4876_72.png",
            "first_name": "Elliot",
            "real_name": "Elliot Schmidt",
            "display_name": "Elliot",
            "team": "TCR2U6UEM",
            "name": "elliotschmidt2002",
            "is_restricted": false,
            "is_ultra_restricted": false
        },
        "attachments": [
            {
                "title": "Student and Education Software | 1-Year License | Autodesk Education Community",
                "title_link": "https:\/\/www.autodesk.com\/education\/edu-software\/overview?sorting=featured&page=1",
                "text": "Unlock your creative potential with access to 3D design software from Autodesk. Software downloads are available to students, educators, educational institutions.",
                "fallback": "Student and Education Software | 1-Year License | Autodesk Education Community",
                "from_url": "https:\/\/www.autodesk.com\/education\/edu-software\/overview?sorting=featured&page=1",
                "service_icon": "https:\/\/www.autodesk.com\/favicon.ico",
                "service_name": "autodesk.com",
                "id": 1,
                "original_url": "https:\/\/www.autodesk.com\/education\/edu-software\/overview?sorting=featured&amp;page=1"
            }
        ],
        "blocks": [
            {
                "type": "rich_text",
                "block_id": "AuCx",
                "elements": [
                    {
                        "type": "rich_text_section",
                        "elements": [
                            {
                                "type": "link",
                                "url": "https:\/\/www.autodesk.com\/education\/edu-software\/overview?sorting=featured&page=1"
                            }
                        ]
                    }
                ]
            }
        ]
    },
    {
        "type": "message",
        "subtype": "bot_message",
        "text": "<@U0193D42LHJ> has a poll for you!",
        "ts": "1600295586.013000",
        "username": "Polly",
        "bot_id": "B010HM324DU",
        "blocks": [
            {
                "type": "section",
                "block_id": "oAJ\/",
                "text": {
                    "type": "mrkdwn",
                    "text": "*any CAD people interested in meeting later this week\/over the weekend?*\n",
                    "verbatim": true
                }
            },
            {
                "type": "actions",
                "block_id": "4Ijg",
                "elements": [
                    {
                        "type": "button",
                        "action_id": "PollMessage(4w9tSS26mMPBooEqA).VotingButton(0)",
                        "text": {
                            "type": "plain_text",
                            "text": "Yes, if so when?",
                            "emoji": true
                        },
                        "value": "one"
                    },
                    {
                        "type": "button",
                        "action_id": "PollMessage(4w9tSS26mMPBooEqA).VotingButton(1)",
                        "text": {
                            "type": "plain_text",
                            "text": "No",
                            "emoji": true
                        },
                        "value": "two"
                    }
                ]
            },
            {
                "type": "section",
                "block_id": "abV",
                "fields": [
                    {
                        "type": "mrkdwn",
                        "text": "Yes, if so when?  \n\n`█████████████████████████`  |  100% (6)\n\n<@U018X7N3K42>, <@U010FNPUQP8>, <@U016G7WR3KJ> + 3 more",
                        "verbatim": true
                    },
                    {
                        "type": "mrkdwn",
                        "text": "No  \n\n`⁢ ⁢ ⁢ ⁢ ⁢ ⁢ ⁢ ⁢ ⁢ ⁢ ⁢ ⁢ ⁢ ⁢ ⁢ ⁢ ⁢ ⁢ ⁢ ⁢ ⁢ ⁢ ⁢ ⁢ ⁢ `  |  0% (0)\n\n",
                        "verbatim": true
                    }
                ]
            },
            {
                "type": "context",
                "block_id": "3OCpc",
                "elements": [
                    {
                        "type": "mrkdwn",
                        "text": "*Total Votes*: 6",
                        "verbatim": true
                    }
                ]
            },
            {
                "type": "section",
                "block_id": "6oC0u",
                "text": {
                    "type": "mrkdwn",
                    "text": "*Comments (1 Total)*\n:speech_balloon: <@U018URES8KV>: I have things I need to do over the weekend but not set times, so I'm pretty flexible\n",
                    "verbatim": true
                }
            },
            {
                "type": "actions",
                "block_id": "wU\/",
                "elements": [
                    {
                        "type": "button",
                        "action_id": "PollMessage(4w9tSS26mMPBooEqA).AddCommentButton",
                        "text": {
                            "type": "plain_text",
                            "text": "Add a Comment",
                            "emoji": true
                        }
                    },
                    {
                        "type": "button",
                        "action_id": "PollMessage(4w9tSS26mMPBooEqA).ViewAllResponsesButton",
                        "text": {
                            "type": "plain_text",
                            "text": "View All Responses",
                            "emoji": true
                        }
                    }
                ]
            },
            {
                "type": "divider",
                "block_id": "GTe6x"
            },
            {
                "type": "context",
                "block_id": "Ko6",
                "elements": [
                    {
                        "type": "mrkdwn",
                        "text": "Owner: @Elliot Schmidt (Elliot)  |  *:clock930: Closes: *<!date^1602887586^{date_short} at {time}|Oct 16, 2020 at 22:33 PM>  |  :unlock: Responses are Non-Anonymous\n\n:zap: Try sending your own polly using one of <https:\/\/app.polly.ai\/templates\/global?utm_source=poll-message&amp;utm_medium=slack&amp;utm_term=view-templates|our templates>",
                        "verbatim": true
                    }
                ]
            }
        ],
        "edited": {
            "user": "B010HM324DU",
            "ts": "1600370196.000000"
        }
    },
    {
        "client_msg_id": "1e1d4a34-d798-452f-8ad7-3c1389d3cc94",
        "type": "message",
        "text": "<@U018URES8KV> <@U01ADEF18N6> <@U018X7N3K42> <@U018QFK9G94> <@U016G7WR3KJ> <@U010FNPUQP8>",
        "user": "U0193D42LHJ",
        "ts": "1600295615.013500",
        "team": "TCR2U6UEM",
        "user_team": "TCR2U6UEM",
        "source_team": "TCR2U6UEM",
        "user_profile": {
            "avatar_hash": "ac92a4993882",
            "image_72": "https:\/\/avatars.slack-edge.com\/2020-09-18\/1380577414884_ac92a4993882a5db4876_72.png",
            "first_name": "Elliot",
            "real_name": "Elliot Schmidt",
            "display_name": "Elliot",
            "team": "TCR2U6UEM",
            "name": "elliotschmidt2002",
            "is_restricted": false,
            "is_ultra_restricted": false
        },
        "blocks": [
            {
                "type": "rich_text",
                "block_id": "hxG1F",
                "elements": [
                    {
                        "type": "rich_text_section",
                        "elements": [
                            {
                                "type": "user",
                                "user_id": "U018URES8KV"
                            },
                            {
                                "type": "text",
                                "text": " "
                            },
                            {
                                "type": "user",
                                "user_id": "U01ADEF18N6"
                            },
                            {
                                "type": "text",
                                "text": " "
                            },
                            {
                                "type": "user",
                                "user_id": "U018X7N3K42"
                            },
                            {
                                "type": "text",
                                "text": " "
                            },
                            {
                                "type": "user",
                                "user_id": "U018QFK9G94"
                            },
                            {
                                "type": "text",
                                "text": " "
                            },
                            {
                                "type": "user",
                                "user_id": "U016G7WR3KJ"
                            },
                            {
                                "type": "text",
                                "text": " "
                            },
                            {
                                "type": "user",
                                "user_id": "U010FNPUQP8"
                            }
                        ]
                    }
                ]
            }
        ]
    },
    {
        "client_msg_id": "5d9198c5-dccf-4bac-937a-2ad776400209",
        "type": "message",
        "text": "<@U018X7N3K42> <@U018URES8KV> <@U01ADEF18N6> <@U010FNPUQP8> any interest from any of you?",
        "user": "U0193D42LHJ",
        "ts": "1600307114.014500",
        "team": "TCR2U6UEM",
        "user_team": "TCR2U6UEM",
        "source_team": "TCR2U6UEM",
        "user_profile": {
            "avatar_hash": "ac92a4993882",
            "image_72": "https:\/\/avatars.slack-edge.com\/2020-09-18\/1380577414884_ac92a4993882a5db4876_72.png",
            "first_name": "Elliot",
            "real_name": "Elliot Schmidt",
            "display_name": "Elliot",
            "team": "TCR2U6UEM",
            "name": "elliotschmidt2002",
            "is_restricted": false,
            "is_ultra_restricted": false
        },
        "blocks": [
            {
                "type": "rich_text",
                "block_id": "dh5",
                "elements": [
                    {
                        "type": "rich_text_section",
                        "elements": [
                            {
                                "type": "user",
                                "user_id": "U018X7N3K42"
                            },
                            {
                                "type": "text",
                                "text": " "
                            },
                            {
                                "type": "user",
                                "user_id": "U018URES8KV"
                            },
                            {
                                "type": "text",
                                "text": " "
                            },
                            {
                                "type": "user",
                                "user_id": "U01ADEF18N6"
                            },
                            {
                                "type": "text",
                                "text": " "
                            },
                            {
                                "type": "user",
                                "user_id": "U010FNPUQP8"
                            },
                            {
                                "type": "text",
                                "text": " any interest from any of you?"
                            }
                        ]
                    }
                ]
            }
        ]
    },
    {
        "client_msg_id": "d7528d3c-435d-4034-af27-22bf79f1d820",
        "type": "message",
        "text": "okay so that's 4 people. I'm guessing nathan will be interested, same with Ashley, unsure about fergie",
        "user": "U0193D42LHJ",
        "ts": "1600308290.016600",
        "team": "TCR2U6UEM",
        "user_team": "TCR2U6UEM",
        "source_team": "TCR2U6UEM",
        "user_profile": {
            "avatar_hash": "ac92a4993882",
            "image_72": "https:\/\/avatars.slack-edge.com\/2020-09-18\/1380577414884_ac92a4993882a5db4876_72.png",
            "first_name": "Elliot",
            "real_name": "Elliot Schmidt",
            "display_name": "Elliot",
            "team": "TCR2U6UEM",
            "name": "elliotschmidt2002",
            "is_restricted": false,
            "is_ultra_restricted": false
        },
        "blocks": [
            {
                "type": "rich_text",
                "block_id": "GdL",
                "elements": [
                    {
                        "type": "rich_text_section",
                        "elements": [
                            {
                                "type": "text",
                                "text": "okay so that's 4 people. I'm guessing nathan will be interested, same with Ashley, unsure about fergie"
                            }
                        ]
                    }
                ]
            }
        ]
    }
]