[
    {
        "type": "message",
        "text": "<@U018URES8KV> Here are the prints for the intake. I didn't want to remove more since I want the bottom profile to stay the same and I don't know what else I can remove without messing up how it prints. Feel free to take off more as long as there is still enough structure and the holes have enough material.",
        "files": [
            {
                "id": "F01GWNQBPPS",
                "created": 1607102102,
                "timestamp": 1607102102,
                "name": "intakewallleft.stp",
                "title": "intakewallleft.stp",
                "mimetype": "text\/plain",
                "filetype": "text",
                "pretty_type": "Plain Text",
                "user": "U018X7N6MMG",
                "editable": true,
                "size": 51413,
                "mode": "snippet",
                "is_external": false,
                "external_type": "",
                "is_public": true,
                "public_url_shared": false,
                "display_as_bot": false,
                "username": "",
                "url_private": "https:\/\/files.slack.com\/files-pri\/TCR2U6UEM-F01GWNQBPPS\/intakewallleft.stp?t=xoxe-433096232497-1684125439971-1696548615153-cd1d3d402b441a7d6039d167da7d37bd",
                "url_private_download": "https:\/\/files.slack.com\/files-pri\/TCR2U6UEM-F01GWNQBPPS\/download\/intakewallleft.stp?t=xoxe-433096232497-1684125439971-1696548615153-cd1d3d402b441a7d6039d167da7d37bd",
                "permalink": "https:\/\/rawbaconrobotics.slack.com\/files\/U018X7N6MMG\/F01GWNQBPPS\/intakewallleft.stp",
                "permalink_public": "https:\/\/slack-files.com\/TCR2U6UEM-F01GWNQBPPS-f6966b5eb2",
                "edit_link": "https:\/\/rawbaconrobotics.slack.com\/files\/U018X7N6MMG\/F01GWNQBPPS\/intakewallleft.stp\/edit",
                "is_starred": false,
                "has_rich_preview": false
            },
            {
                "id": "F01G6TC7T2N",
                "created": 1607102103,
                "timestamp": 1607102103,
                "name": "Intakewallright.stp",
                "title": "Intakewallright.stp",
                "mimetype": "text\/plain",
                "filetype": "text",
                "pretty_type": "Plain Text",
                "user": "U018X7N6MMG",
                "editable": true,
                "size": 52146,
                "mode": "snippet",
                "is_external": false,
                "external_type": "",
                "is_public": true,
                "public_url_shared": false,
                "display_as_bot": false,
                "username": "",
                "url_private": "https:\/\/files.slack.com\/files-pri\/TCR2U6UEM-F01G6TC7T2N\/intakewallright.stp?t=xoxe-433096232497-1684125439971-1696548615153-cd1d3d402b441a7d6039d167da7d37bd",
                "url_private_download": "https:\/\/files.slack.com\/files-pri\/TCR2U6UEM-F01G6TC7T2N\/download\/intakewallright.stp?t=xoxe-433096232497-1684125439971-1696548615153-cd1d3d402b441a7d6039d167da7d37bd",
                "permalink": "https:\/\/rawbaconrobotics.slack.com\/files\/U018X7N6MMG\/F01G6TC7T2N\/intakewallright.stp",
                "permalink_public": "https:\/\/slack-files.com\/TCR2U6UEM-F01G6TC7T2N-2e7643db8b",
                "edit_link": "https:\/\/rawbaconrobotics.slack.com\/files\/U018X7N6MMG\/F01G6TC7T2N\/intakewallright.stp\/edit",
                "is_starred": false,
                "has_rich_preview": false
            }
        ],
        "upload": false,
        "blocks": [
            {
                "type": "rich_text",
                "block_id": "RySK7",
                "elements": [
                    {
                        "type": "rich_text_section",
                        "elements": [
                            {
                                "type": "user",
                                "user_id": "U018URES8KV"
                            },
                            {
                                "type": "text",
                                "text": " Here are the prints for the intake. I didn't want to remove more since I want the bottom profile to stay the same and I don't know what else I can remove without messing up how it prints. Feel free to take off more as long as there is still enough structure and the holes have enough material."
                            }
                        ]
                    }
                ]
            }
        ],
        "user": "U018X7N6MMG",
        "ts": "1607102225.002000"
    }
]