[
    {
        "type": "message",
        "text": "",
        "files": [
            {
                "id": "F01G9N2BYF5",
                "created": 1607293535,
                "timestamp": 1607293535,
                "name": "20201206_162525.jpg",
                "title": "20201206_162525.jpg",
                "mimetype": "image\/jpeg",
                "filetype": "jpg",
                "pretty_type": "JPEG",
                "user": "U018URES8KV",
                "editable": false,
                "size": 590949,
                "mode": "hosted",
                "is_external": false,
                "external_type": "",
                "is_public": true,
                "public_url_shared": false,
                "display_as_bot": false,
                "username": "",
                "url_private": "https:\/\/files.slack.com\/files-pri\/TCR2U6UEM-F01G9N2BYF5\/20201206_162525.jpg?t=xoxe-433096232497-1684125439971-1696548615153-cd1d3d402b441a7d6039d167da7d37bd",
                "url_private_download": "https:\/\/files.slack.com\/files-pri\/TCR2U6UEM-F01G9N2BYF5\/download\/20201206_162525.jpg?t=xoxe-433096232497-1684125439971-1696548615153-cd1d3d402b441a7d6039d167da7d37bd",
                "thumb_64": "https:\/\/files.slack.com\/files-tmb\/TCR2U6UEM-F01G9N2BYF5-b07aedfcd4\/20201206_162525_64.jpg?t=xoxe-433096232497-1684125439971-1696548615153-cd1d3d402b441a7d6039d167da7d37bd",
                "thumb_80": "https:\/\/files.slack.com\/files-tmb\/TCR2U6UEM-F01G9N2BYF5-b07aedfcd4\/20201206_162525_80.jpg?t=xoxe-433096232497-1684125439971-1696548615153-cd1d3d402b441a7d6039d167da7d37bd",
                "thumb_360": "https:\/\/files.slack.com\/files-tmb\/TCR2U6UEM-F01G9N2BYF5-b07aedfcd4\/20201206_162525_360.jpg?t=xoxe-433096232497-1684125439971-1696548615153-cd1d3d402b441a7d6039d167da7d37bd",
                "thumb_360_w": 360,
                "thumb_360_h": 270,
                "thumb_480": "https:\/\/files.slack.com\/files-tmb\/TCR2U6UEM-F01G9N2BYF5-b07aedfcd4\/20201206_162525_480.jpg?t=xoxe-433096232497-1684125439971-1696548615153-cd1d3d402b441a7d6039d167da7d37bd",
                "thumb_480_w": 480,
                "thumb_480_h": 360,
                "thumb_160": "https:\/\/files.slack.com\/files-tmb\/TCR2U6UEM-F01G9N2BYF5-b07aedfcd4\/20201206_162525_160.jpg?t=xoxe-433096232497-1684125439971-1696548615153-cd1d3d402b441a7d6039d167da7d37bd",
                "thumb_720": "https:\/\/files.slack.com\/files-tmb\/TCR2U6UEM-F01G9N2BYF5-b07aedfcd4\/20201206_162525_720.jpg?t=xoxe-433096232497-1684125439971-1696548615153-cd1d3d402b441a7d6039d167da7d37bd",
                "thumb_720_w": 720,
                "thumb_720_h": 540,
                "thumb_800": "https:\/\/files.slack.com\/files-tmb\/TCR2U6UEM-F01G9N2BYF5-b07aedfcd4\/20201206_162525_800.jpg?t=xoxe-433096232497-1684125439971-1696548615153-cd1d3d402b441a7d6039d167da7d37bd",
                "thumb_800_w": 800,
                "thumb_800_h": 600,
                "thumb_960": "https:\/\/files.slack.com\/files-tmb\/TCR2U6UEM-F01G9N2BYF5-b07aedfcd4\/20201206_162525_960.jpg?t=xoxe-433096232497-1684125439971-1696548615153-cd1d3d402b441a7d6039d167da7d37bd",
                "thumb_960_w": 960,
                "thumb_960_h": 720,
                "thumb_1024": "https:\/\/files.slack.com\/files-tmb\/TCR2U6UEM-F01G9N2BYF5-b07aedfcd4\/20201206_162525_1024.jpg?t=xoxe-433096232497-1684125439971-1696548615153-cd1d3d402b441a7d6039d167da7d37bd",
                "thumb_1024_w": 1024,
                "thumb_1024_h": 768,
                "original_w": 4032,
                "original_h": 3024,
                "thumb_tiny": "AwAkADCQSBxncQFGTg8k+lNM6MCNrnIPJbNMVBtHB9+gqFo2TI5YewqbFXLyOgUfMOlRTOrREKckkdBUUTRKACy5J\/iBGKe8YdNvGM9QKFHUVxbaQkFSMEdB7VIxpsCrGuBx61LtVu+aTTuWnoVVan9aiBoeXYmRzitEzK1yfAYYIBqMwRnoCv8AunFQJdHncM+mBTXu5G+6Ao\/OnzIXKy4i+WuC5I9TUclwi9Mt9KpeYWbL5b6mpt6balyZaihszlDgfmahLFj8xJqS5++KiHWkthsXJo7UlLQADrilzSD71HrQI\/\/Z",
                "permalink": "https:\/\/rawbaconrobotics.slack.com\/files\/U018URES8KV\/F01G9N2BYF5\/20201206_162525.jpg",
                "permalink_public": "https:\/\/slack-files.com\/TCR2U6UEM-F01G9N2BYF5-046a049968",
                "is_starred": false,
                "has_rich_preview": false
            }
        ],
        "upload": false,
        "blocks": [
            {
                "type": "rich_text",
                "block_id": "RKSP",
                "elements": [
                    {
                        "type": "rich_text_section",
                        "elements": []
                    }
                ]
            }
        ],
        "user": "U018URES8KV",
        "display_as_bot": false,
        "ts": "1607293539.000200",
        "client_msg_id": "7eab08ed-7256-4a4e-89f5-3e15f2056168",
        "reactions": [
            {
                "name": "watermelon",
                "users": [
                    "U010DDZ3FJR"
                ],
                "count": 1
            }
        ]
    },
    {
        "client_msg_id": "fd5cf598-1536-4aa3-8c30-84cc6d4747f4",
        "type": "message",
        "text": "Right side do be printin",
        "user": "U018URES8KV",
        "ts": "1607293543.000600",
        "team": "TCR2U6UEM",
        "user_team": "TCR2U6UEM",
        "source_team": "TCR2U6UEM",
        "user_profile": {
            "avatar_hash": "1b6b64ea950d",
            "image_72": "https:\/\/avatars.slack-edge.com\/2020-09-18\/1380553169540_1b6b64ea950dd455ff25_72.jpg",
            "first_name": "Adam",
            "real_name": "Adam Holmes",
            "display_name": "Adam Holmes",
            "team": "TCR2U6UEM",
            "name": "adamup555",
            "is_restricted": false,
            "is_ultra_restricted": false
        },
        "blocks": [
            {
                "type": "rich_text",
                "block_id": "M9Qq",
                "elements": [
                    {
                        "type": "rich_text_section",
                        "elements": [
                            {
                                "type": "text",
                                "text": "Right side do be printin"
                            }
                        ]
                    }
                ]
            }
        ]
    },
    {
        "client_msg_id": "EE1F2FFD-DC6E-4D61-907F-312D52D4DCA2",
        "type": "message",
        "text": "Heck yeah",
        "user": "U018X7N6MMG",
        "ts": "1607293917.000900",
        "team": "TCR2U6UEM",
        "user_team": "TCR2U6UEM",
        "source_team": "TCR2U6UEM",
        "user_profile": {
            "avatar_hash": "ba89825d3b7b",
            "image_72": "https:\/\/avatars.slack-edge.com\/2020-09-11\/1355949232709_ba89825d3b7bcf995dc9_72.png",
            "first_name": "Keith",
            "real_name": "Keith Friestad",
            "display_name": "",
            "team": "TCR2U6UEM",
            "name": "keith.friestad",
            "is_restricted": false,
            "is_ultra_restricted": false
        },
        "blocks": [
            {
                "type": "rich_text",
                "block_id": "F9JZ",
                "elements": [
                    {
                        "type": "rich_text_section",
                        "elements": [
                            {
                                "type": "text",
                                "text": "Heck yeah"
                            }
                        ]
                    }
                ]
            }
        ]
    },
    {
        "client_msg_id": "7852a2d8-8b12-4c3f-a21b-0c28bd6c1776",
        "type": "message",
        "text": "came out slightly warped on one end, probably will work still though",
        "user": "U018URES8KV",
        "ts": "1607314010.000300",
        "team": "TCR2U6UEM",
        "user_team": "TCR2U6UEM",
        "source_team": "TCR2U6UEM",
        "user_profile": {
            "avatar_hash": "1b6b64ea950d",
            "image_72": "https:\/\/avatars.slack-edge.com\/2020-09-18\/1380553169540_1b6b64ea950dd455ff25_72.jpg",
            "first_name": "Adam",
            "real_name": "Adam Holmes",
            "display_name": "Adam Holmes",
            "team": "TCR2U6UEM",
            "name": "adamup555",
            "is_restricted": false,
            "is_ultra_restricted": false
        },
        "blocks": [
            {
                "type": "rich_text",
                "block_id": "eLG90",
                "elements": [
                    {
                        "type": "rich_text_section",
                        "elements": [
                            {
                                "type": "text",
                                "text": "came out slightly warped on one end, probably will work still though"
                            }
                        ]
                    }
                ]
            }
        ]
    },
    {
        "client_msg_id": "f0d0b4f5-d76a-4355-bf48-f6eb3002e7b9",
        "type": "message",
        "text": "If the screw holes are aligned we're fine",
        "user": "U0193D42LHJ",
        "ts": "1607314028.000700",
        "team": "TCR2U6UEM",
        "user_team": "TCR2U6UEM",
        "source_team": "TCR2U6UEM",
        "user_profile": {
            "avatar_hash": "ac92a4993882",
            "image_72": "https:\/\/avatars.slack-edge.com\/2020-09-18\/1380577414884_ac92a4993882a5db4876_72.png",
            "first_name": "Elliot",
            "real_name": "Elliot Schmidt",
            "display_name": "Elliot",
            "team": "TCR2U6UEM",
            "name": "elliotschmidt2002",
            "is_restricted": false,
            "is_ultra_restricted": false
        },
        "blocks": [
            {
                "type": "rich_text",
                "block_id": "iKi",
                "elements": [
                    {
                        "type": "rich_text_section",
                        "elements": [
                            {
                                "type": "text",
                                "text": "If the screw holes are aligned we're fine"
                            }
                        ]
                    }
                ]
            }
        ]
    },
    {
        "client_msg_id": "F68CA247-27B2-48A0-8504-511C3C79A229",
        "type": "message",
        "text": "Big hype for this",
        "user": "U018X7N6MMG",
        "ts": "1607314075.001100",
        "team": "TCR2U6UEM",
        "user_team": "TCR2U6UEM",
        "source_team": "TCR2U6UEM",
        "user_profile": {
            "avatar_hash": "ba89825d3b7b",
            "image_72": "https:\/\/avatars.slack-edge.com\/2020-09-11\/1355949232709_ba89825d3b7bcf995dc9_72.png",
            "first_name": "Keith",
            "real_name": "Keith Friestad",
            "display_name": "",
            "team": "TCR2U6UEM",
            "name": "keith.friestad",
            "is_restricted": false,
            "is_ultra_restricted": false
        },
        "blocks": [
            {
                "type": "rich_text",
                "block_id": "g8Rz",
                "elements": [
                    {
                        "type": "rich_text_section",
                        "elements": [
                            {
                                "type": "text",
                                "text": "Big hype for this"
                            }
                        ]
                    }
                ]
            }
        ]
    }
]