[
    {
        "client_msg_id": "56b8fc5e-f012-4068-9b02-f2672d1e7e5b",
        "type": "message",
        "text": "<@U018X7N3K42> <@U010FNPUQP8> gonna try one last time",
        "user": "U0193D42LHJ",
        "ts": "1600367760.017600",
        "team": "TCR2U6UEM",
        "user_team": "TCR2U6UEM",
        "source_team": "TCR2U6UEM",
        "user_profile": {
            "avatar_hash": "ac92a4993882",
            "image_72": "https:\/\/avatars.slack-edge.com\/2020-09-18\/1380577414884_ac92a4993882a5db4876_72.png",
            "first_name": "Elliot",
            "real_name": "Elliot Schmidt",
            "display_name": "Elliot",
            "team": "TCR2U6UEM",
            "name": "elliotschmidt2002",
            "is_restricted": false,
            "is_ultra_restricted": false
        },
        "blocks": [
            {
                "type": "rich_text",
                "block_id": "s4\/",
                "elements": [
                    {
                        "type": "rich_text_section",
                        "elements": [
                            {
                                "type": "user",
                                "user_id": "U018X7N3K42"
                            },
                            {
                                "type": "text",
                                "text": " "
                            },
                            {
                                "type": "user",
                                "user_id": "U010FNPUQP8"
                            },
                            {
                                "type": "text",
                                "text": " gonna try one last time"
                            }
                        ]
                    }
                ]
            }
        ]
    }
]