[
    {
        "client_msg_id": "b645d9bd-4e60-49f6-8bc8-ac88a03bf701",
        "type": "message",
        "text": "oops",
        "user": "U018X7N6MMG",
        "ts": "1610657402.000200",
        "team": "TCR2U6UEM",
        "user_team": "TCR2U6UEM",
        "source_team": "TCR2U6UEM",
        "user_profile": {
            "avatar_hash": "ba89825d3b7b",
            "image_72": "https:\/\/avatars.slack-edge.com\/2020-09-11\/1355949232709_ba89825d3b7bcf995dc9_72.png",
            "first_name": "Keith",
            "real_name": "Keith Friestad",
            "display_name": "",
            "team": "TCR2U6UEM",
            "name": "keith.friestad",
            "is_restricted": false,
            "is_ultra_restricted": false
        },
        "blocks": [
            {
                "type": "rich_text",
                "block_id": "fgal",
                "elements": [
                    {
                        "type": "rich_text_section",
                        "elements": [
                            {
                                "type": "text",
                                "text": "oops"
                            }
                        ]
                    }
                ]
            }
        ]
    },
    {
        "type": "message",
        "text": "",
        "files": [
            {
                "id": "F01K4NHNC9F",
                "created": 1610657502,
                "timestamp": 1610657502,
                "name": "Wobble Goal Arm 1-14-2021.stp",
                "title": "Wobble Goal Arm 1-14-2021.stp",
                "mimetype": "application\/octet-stream",
                "filetype": "binary",
                "pretty_type": "Binary",
                "user": "U018X7N6MMG",
                "editable": false,
                "size": 18913380,
                "mode": "hosted",
                "is_external": false,
                "external_type": "",
                "is_public": true,
                "public_url_shared": false,
                "display_as_bot": false,
                "username": "",
                "url_private": "https:\/\/files.slack.com\/files-pri\/TCR2U6UEM-F01K4NHNC9F\/wobble_goal_arm_1-14-2021.stp?t=xoxe-433096232497-1684125439971-1696548615153-cd1d3d402b441a7d6039d167da7d37bd",
                "url_private_download": "https:\/\/files.slack.com\/files-pri\/TCR2U6UEM-F01K4NHNC9F\/download\/wobble_goal_arm_1-14-2021.stp?t=xoxe-433096232497-1684125439971-1696548615153-cd1d3d402b441a7d6039d167da7d37bd",
                "permalink": "https:\/\/rawbaconrobotics.slack.com\/files\/U018X7N6MMG\/F01K4NHNC9F\/wobble_goal_arm_1-14-2021.stp",
                "permalink_public": "https:\/\/slack-files.com\/TCR2U6UEM-F01K4NHNC9F-5b1af01bf4",
                "is_starred": false,
                "has_rich_preview": false
            }
        ],
        "upload": false,
        "user": "U018X7N6MMG",
        "display_as_bot": false,
        "ts": "1610657560.000300"
    }
]