[
    {
        "type": "message",
        "text": "<@U018X7N6MMG>",
        "files": [
            {
                "id": "F01JN9J52LC",
                "created": 1610406123,
                "timestamp": 1610406123,
                "name": "Wobble Goal Arm Only V3.stp",
                "title": "Wobble Goal Arm Only V3.stp",
                "mimetype": "application\/octet-stream",
                "filetype": "binary",
                "pretty_type": "Binary",
                "user": "U018URES8KV",
                "editable": false,
                "size": 14295945,
                "mode": "hosted",
                "is_external": false,
                "external_type": "",
                "is_public": true,
                "public_url_shared": false,
                "display_as_bot": false,
                "username": "",
                "url_private": "https:\/\/files.slack.com\/files-pri\/TCR2U6UEM-F01JN9J52LC\/wobble_goal_arm_only_v3.stp?t=xoxe-433096232497-1684125439971-1696548615153-cd1d3d402b441a7d6039d167da7d37bd",
                "url_private_download": "https:\/\/files.slack.com\/files-pri\/TCR2U6UEM-F01JN9J52LC\/download\/wobble_goal_arm_only_v3.stp?t=xoxe-433096232497-1684125439971-1696548615153-cd1d3d402b441a7d6039d167da7d37bd",
                "permalink": "https:\/\/rawbaconrobotics.slack.com\/files\/U018URES8KV\/F01JN9J52LC\/wobble_goal_arm_only_v3.stp",
                "permalink_public": "https:\/\/slack-files.com\/TCR2U6UEM-F01JN9J52LC-8cef05febe",
                "is_starred": false,
                "has_rich_preview": false
            }
        ],
        "upload": false,
        "blocks": [
            {
                "type": "rich_text",
                "block_id": "F5r7r",
                "elements": [
                    {
                        "type": "rich_text_section",
                        "elements": [
                            {
                                "type": "user",
                                "user_id": "U018X7N6MMG"
                            }
                        ]
                    }
                ]
            }
        ],
        "user": "U018URES8KV",
        "display_as_bot": false,
        "ts": "1610406130.000200"
    },
    {
        "client_msg_id": "F9689393-8005-4A74-98B8-CD31975CD62A",
        "type": "message",
        "text": "Thanks",
        "user": "U018X7N6MMG",
        "ts": "1610406158.000600",
        "team": "TCR2U6UEM",
        "user_team": "TCR2U6UEM",
        "source_team": "TCR2U6UEM",
        "user_profile": {
            "avatar_hash": "ba89825d3b7b",
            "image_72": "https:\/\/avatars.slack-edge.com\/2020-09-11\/1355949232709_ba89825d3b7bcf995dc9_72.png",
            "first_name": "Keith",
            "real_name": "Keith Friestad",
            "display_name": "",
            "team": "TCR2U6UEM",
            "name": "keith.friestad",
            "is_restricted": false,
            "is_ultra_restricted": false
        },
        "blocks": [
            {
                "type": "rich_text",
                "block_id": "VGS=",
                "elements": [
                    {
                        "type": "rich_text_section",
                        "elements": [
                            {
                                "type": "text",
                                "text": "Thanks"
                            }
                        ]
                    }
                ]
            }
        ]
    }
]