[
    {
        "type": "message",
        "text": "This is the script I made to connect the phone (robot controller) to any computer on any network so the coders can push code remotely. All one needs to do is\n1. Download and extract this file\n2. Connect the RC to the laptop that has the files on it over USB\n3. Connect the laptop's main wifi to the school's network or a hotspot for internet, and the USB wifi dongle's network to the RC's wifi direct. (both wifi adapters show up separately at the top of the wifi popup in the bottom right corner)\n4. open \"CLICK_HERE_to_connect_remotely\"\n5. Follow the instructions from the program\n6. Oh one more thing, once the program says you can press any button to close, go ahead and unplug the USB! Now it's fully wireless:sunglasses:",
        "files": [
            {
                "id": "F018XJUJ2GK",
                "created": 1597540875,
                "timestamp": 1597540875,
                "name": "connect-to-coders-remotely.zip",
                "title": "connect-to-coders-remotely.zip",
                "mimetype": "application\/zip",
                "filetype": "zip",
                "pretty_type": "Zip",
                "user": "U010DDZ3FJR",
                "editable": false,
                "size": 16758606,
                "mode": "hosted",
                "is_external": false,
                "external_type": "",
                "is_public": true,
                "public_url_shared": false,
                "display_as_bot": false,
                "username": "",
                "url_private": "https:\/\/files.slack.com\/files-pri\/TCR2U6UEM-F018XJUJ2GK\/connect-to-coders-remotely.zip?t=xoxe-433096232497-1684125439971-1696548615153-cd1d3d402b441a7d6039d167da7d37bd",
                "url_private_download": "https:\/\/files.slack.com\/files-pri\/TCR2U6UEM-F018XJUJ2GK\/download\/connect-to-coders-remotely.zip?t=xoxe-433096232497-1684125439971-1696548615153-cd1d3d402b441a7d6039d167da7d37bd",
                "permalink": "https:\/\/rawbaconrobotics.slack.com\/files\/U010DDZ3FJR\/F018XJUJ2GK\/connect-to-coders-remotely.zip",
                "permalink_public": "https:\/\/slack-files.com\/TCR2U6UEM-F018XJUJ2GK-a8e6c9292f",
                "is_starred": false,
                "has_rich_preview": false
            }
        ],
        "upload": false,
        "blocks": [
            {
                "type": "rich_text",
                "block_id": "649FY",
                "elements": [
                    {
                        "type": "rich_text_section",
                        "elements": [
                            {
                                "type": "text",
                                "text": "This is the script I made to connect the phone (robot controller) to any computer on any network so the coders can push code remotely. All one needs to do is\n"
                            }
                        ]
                    },
                    {
                        "type": "rich_text_list",
                        "style": "ordered",
                        "indent": 0,
                        "elements": [
                            {
                                "type": "rich_text_section",
                                "elements": [
                                    {
                                        "type": "text",
                                        "text": "Download and extract this file"
                                    }
                                ]
                            },
                            {
                                "type": "rich_text_section",
                                "elements": [
                                    {
                                        "type": "text",
                                        "text": "Connect the RC to the laptop that has the files on it over USB"
                                    }
                                ]
                            },
                            {
                                "type": "rich_text_section",
                                "elements": [
                                    {
                                        "type": "text",
                                        "text": "Connect the laptop's main wifi to the school's network or a hotspot for internet, and the USB wifi dongle's network to the RC's wifi direct. (both wifi adapters show up separately at the top of the wifi popup in the bottom right corner)"
                                    }
                                ]
                            },
                            {
                                "type": "rich_text_section",
                                "elements": [
                                    {
                                        "type": "text",
                                        "text": "open \"CLICK_HERE_to_connect_remotely\""
                                    }
                                ]
                            },
                            {
                                "type": "rich_text_section",
                                "elements": [
                                    {
                                        "type": "text",
                                        "text": "Follow the instructions from the program"
                                    }
                                ]
                            },
                            {
                                "type": "rich_text_section",
                                "elements": [
                                    {
                                        "type": "text",
                                        "text": "Oh one more thing, once the program says you can press any button to close, go ahead and unplug the USB! Now it's fully wireless"
                                    },
                                    {
                                        "type": "emoji",
                                        "name": "sunglasses"
                                    }
                                ]
                            }
                        ]
                    }
                ]
            }
        ],
        "user": "U010DDZ3FJR",
        "display_as_bot": false,
        "ts": "1597541104.004000",
        "edited": {
            "user": "U010DDZ3FJR",
            "ts": "1597541874.000000"
        }
    }
]