[
    {
        "client_msg_id": "14cd9368-18fb-45fa-b1d9-e8758c026d22",
        "type": "message",
        "text": "No I wasnt connected to floobits because that makes it even more broken",
        "user": "U018GF7AFJB",
        "ts": "1603990881.006100",
        "team": "TCR2U6UEM",
        "user_team": "TCR2U6UEM",
        "source_team": "TCR2U6UEM",
        "user_profile": {
            "avatar_hash": "c31861bbc361",
            "image_72": "https:\/\/avatars.slack-edge.com\/2020-08-16\/1316598132593_c31861bbc3618c961c77_72.jpg",
            "first_name": "",
            "real_name": "Nolan Vibhakar",
            "display_name": "Nolan Vibhakar",
            "team": "TCR2U6UEM",
            "name": "novib21",
            "is_restricted": false,
            "is_ultra_restricted": false
        },
        "blocks": [
            {
                "type": "rich_text",
                "block_id": "NAr",
                "elements": [
                    {
                        "type": "rich_text_section",
                        "elements": [
                            {
                                "type": "text",
                                "text": "No I wasnt connected to floobits because that makes it even more broken"
                            }
                        ]
                    }
                ]
            }
        ]
    },
    {
        "client_msg_id": "2e11160e-c3aa-43fb-ba90-decebb743d4a",
        "type": "message",
        "text": "And you didnt miss anything else luke",
        "user": "U018GF7AFJB",
        "ts": "1603990891.006600",
        "team": "TCR2U6UEM",
        "user_team": "TCR2U6UEM",
        "source_team": "TCR2U6UEM",
        "user_profile": {
            "avatar_hash": "c31861bbc361",
            "image_72": "https:\/\/avatars.slack-edge.com\/2020-08-16\/1316598132593_c31861bbc3618c961c77_72.jpg",
            "first_name": "",
            "real_name": "Nolan Vibhakar",
            "display_name": "Nolan Vibhakar",
            "team": "TCR2U6UEM",
            "name": "novib21",
            "is_restricted": false,
            "is_ultra_restricted": false
        },
        "blocks": [
            {
                "type": "rich_text",
                "block_id": "u21yT",
                "elements": [
                    {
                        "type": "rich_text_section",
                        "elements": [
                            {
                                "type": "text",
                                "text": "And you didnt miss anything else luke"
                            }
                        ]
                    }
                ]
            }
        ]
    },
    {
        "client_msg_id": "ae3200fd-4af6-4304-bbe5-3d9e31a71d09",
        "type": "message",
        "text": "Ok got it",
        "user": "U010DDZ3FJR",
        "ts": "1603992423.006900",
        "team": "TCR2U6UEM",
        "user_team": "TCR2U6UEM",
        "source_team": "TCR2U6UEM",
        "user_profile": {
            "avatar_hash": "fda0a36a8605",
            "image_72": "https:\/\/avatars.slack-edge.com\/2020-09-18\/1386993799393_fda0a36a86053c692b20_72.jpg",
            "first_name": "Luke",
            "real_name": "Luke Aschenbrenner",
            "display_name": "Luke Aschenbrenner",
            "team": "TCR2U6UEM",
            "name": "ashbren21",
            "is_restricted": false,
            "is_ultra_restricted": false
        },
        "blocks": [
            {
                "type": "rich_text",
                "block_id": "+SJU",
                "elements": [
                    {
                        "type": "rich_text_section",
                        "elements": [
                            {
                                "type": "text",
                                "text": "Ok got it"
                            }
                        ]
                    }
                ]
            }
        ]
    },
    {
        "client_msg_id": "093de65e-0a63-493b-bda3-fbdde16943ab",
        "type": "message",
        "text": "I just checked the code out, and it looks to me like the only issue was that you named the DcMotor object DCMotor. Other than that, the project built just fine for me.",
        "user": "U010DDZ3FJR",
        "ts": "1604006189.008100",
        "team": "TCR2U6UEM",
        "user_team": "TCR2U6UEM",
        "source_team": "TCR2U6UEM",
        "user_profile": {
            "avatar_hash": "fda0a36a8605",
            "image_72": "https:\/\/avatars.slack-edge.com\/2020-09-18\/1386993799393_fda0a36a86053c692b20_72.jpg",
            "first_name": "Luke",
            "real_name": "Luke Aschenbrenner",
            "display_name": "Luke Aschenbrenner",
            "team": "TCR2U6UEM",
            "name": "ashbren21",
            "is_restricted": false,
            "is_ultra_restricted": false
        },
        "blocks": [
            {
                "type": "rich_text",
                "block_id": "XWE",
                "elements": [
                    {
                        "type": "rich_text_section",
                        "elements": [
                            {
                                "type": "text",
                                "text": "I just checked the code out, and it looks to me like the only issue was that you named the DcMotor object DCMotor. Other than that, the project built just fine for me."
                            }
                        ]
                    }
                ]
            }
        ]
    },
    {
        "client_msg_id": "2001272e-eba7-4816-8ceb-f9e7dd091e54",
        "type": "message",
        "text": "Weird",
        "user": "U018GF7AFJB",
        "ts": "1604006222.008300",
        "team": "TCR2U6UEM",
        "user_team": "TCR2U6UEM",
        "source_team": "TCR2U6UEM",
        "user_profile": {
            "avatar_hash": "c31861bbc361",
            "image_72": "https:\/\/avatars.slack-edge.com\/2020-08-16\/1316598132593_c31861bbc3618c961c77_72.jpg",
            "first_name": "",
            "real_name": "Nolan Vibhakar",
            "display_name": "Nolan Vibhakar",
            "team": "TCR2U6UEM",
            "name": "novib21",
            "is_restricted": false,
            "is_ultra_restricted": false
        },
        "blocks": [
            {
                "type": "rich_text",
                "block_id": "pWmS",
                "elements": [
                    {
                        "type": "rich_text_section",
                        "elements": [
                            {
                                "type": "text",
                                "text": "Weird"
                            }
                        ]
                    }
                ]
            }
        ]
    },
    {
        "client_msg_id": "6e9d476f-bd9e-4b56-9976-faa0c2af0762",
        "type": "message",
        "text": "Yeah for me bone of the stuff was autofillong (which is why I misnamed dcmotor) and all the basic stuff was giving me errors, even though I knew it wasnt that wrong",
        "user": "U018GF7AFJB",
        "ts": "1604006266.009700",
        "team": "TCR2U6UEM",
        "user_team": "TCR2U6UEM",
        "source_team": "TCR2U6UEM",
        "user_profile": {
            "avatar_hash": "c31861bbc361",
            "image_72": "https:\/\/avatars.slack-edge.com\/2020-08-16\/1316598132593_c31861bbc3618c961c77_72.jpg",
            "first_name": "",
            "real_name": "Nolan Vibhakar",
            "display_name": "Nolan Vibhakar",
            "team": "TCR2U6UEM",
            "name": "novib21",
            "is_restricted": false,
            "is_ultra_restricted": false
        },
        "blocks": [
            {
                "type": "rich_text",
                "block_id": "=lSJk",
                "elements": [
                    {
                        "type": "rich_text_section",
                        "elements": [
                            {
                                "type": "text",
                                "text": "Yeah for me bone of the stuff was autofillong (which is why I misnamed dcmotor) and all the basic stuff was giving me errors, even though I knew it wasnt that wrong"
                            }
                        ]
                    }
                ]
            }
        ]
    },
    {
        "client_msg_id": "dbbbd9bf-9475-496e-a6b9-882db700a116",
        "type": "message",
        "text": "I'll check again and if it's still broken I'll reclone",
        "user": "U018GF7AFJB",
        "ts": "1604006275.010100",
        "team": "TCR2U6UEM",
        "user_team": "TCR2U6UEM",
        "source_team": "TCR2U6UEM",
        "user_profile": {
            "avatar_hash": "c31861bbc361",
            "image_72": "https:\/\/avatars.slack-edge.com\/2020-08-16\/1316598132593_c31861bbc3618c961c77_72.jpg",
            "first_name": "",
            "real_name": "Nolan Vibhakar",
            "display_name": "Nolan Vibhakar",
            "team": "TCR2U6UEM",
            "name": "novib21",
            "is_restricted": false,
            "is_ultra_restricted": false
        },
        "blocks": [
            {
                "type": "rich_text",
                "block_id": "yjcVF",
                "elements": [
                    {
                        "type": "rich_text_section",
                        "elements": [
                            {
                                "type": "text",
                                "text": "I'll check again and if it's still broken I'll reclone"
                            }
                        ]
                    }
                ]
            }
        ]
    },
    {
        "client_msg_id": "b61cf5fe-3329-4230-bb30-a081d70eef76",
        "type": "message",
        "text": "Ok yeah it might just be a bad clone",
        "user": "U010DDZ3FJR",
        "ts": "1604006338.010500",
        "team": "TCR2U6UEM",
        "user_team": "TCR2U6UEM",
        "source_team": "TCR2U6UEM",
        "user_profile": {
            "avatar_hash": "fda0a36a8605",
            "image_72": "https:\/\/avatars.slack-edge.com\/2020-09-18\/1386993799393_fda0a36a86053c692b20_72.jpg",
            "first_name": "Luke",
            "real_name": "Luke Aschenbrenner",
            "display_name": "Luke Aschenbrenner",
            "team": "TCR2U6UEM",
            "name": "ashbren21",
            "is_restricted": false,
            "is_ultra_restricted": false
        },
        "blocks": [
            {
                "type": "rich_text",
                "block_id": "zwPQ3",
                "elements": [
                    {
                        "type": "rich_text_section",
                        "elements": [
                            {
                                "type": "text",
                                "text": "Ok yeah it might just be a bad clone"
                            }
                        ]
                    }
                ]
            }
        ]
    },
    {
        "client_msg_id": "9ae27f34-4d93-4a96-a219-bc3bbae690c8",
        "type": "message",
        "text": "I fixed some small Gradle errors and those should be in the repo now so a fresh clone should hopefully fix things",
        "user": "U010DDZ3FJR",
        "ts": "1604006366.011400",
        "team": "TCR2U6UEM",
        "user_team": "TCR2U6UEM",
        "source_team": "TCR2U6UEM",
        "user_profile": {
            "avatar_hash": "fda0a36a8605",
            "image_72": "https:\/\/avatars.slack-edge.com\/2020-09-18\/1386993799393_fda0a36a86053c692b20_72.jpg",
            "first_name": "Luke",
            "real_name": "Luke Aschenbrenner",
            "display_name": "Luke Aschenbrenner",
            "team": "TCR2U6UEM",
            "name": "ashbren21",
            "is_restricted": false,
            "is_ultra_restricted": false
        },
        "blocks": [
            {
                "type": "rich_text",
                "block_id": "S=nt",
                "elements": [
                    {
                        "type": "rich_text_section",
                        "elements": [
                            {
                                "type": "text",
                                "text": "I fixed some small Gradle errors and those should be in the repo now so a fresh clone should hopefully fix things"
                            }
                        ]
                    }
                ]
            }
        ]
    }
]