[
    {
        "client_msg_id": "3ebc3bf6-6e9f-4d2e-82f8-9687d2377189",
        "type": "message",
        "text": "<@U018GF7AFJB> sorry about that! Was busy with family stuff yesterday and didn't get your slack messages",
        "user": "U010DDZ3FJR",
        "ts": "1608391357.007800",
        "team": "TCR2U6UEM",
        "user_team": "TCR2U6UEM",
        "source_team": "TCR2U6UEM",
        "user_profile": {
            "avatar_hash": "fda0a36a8605",
            "image_72": "https:\/\/avatars.slack-edge.com\/2020-09-18\/1386993799393_fda0a36a86053c692b20_72.jpg",
            "first_name": "Luke",
            "real_name": "Luke Aschenbrenner",
            "display_name": "Luke Aschenbrenner",
            "team": "TCR2U6UEM",
            "name": "ashbren21",
            "is_restricted": false,
            "is_ultra_restricted": false
        },
        "blocks": [
            {
                "type": "rich_text",
                "block_id": "+NO",
                "elements": [
                    {
                        "type": "rich_text_section",
                        "elements": [
                            {
                                "type": "user",
                                "user_id": "U018GF7AFJB"
                            },
                            {
                                "type": "text",
                                "text": " sorry about that! Was busy with family stuff yesterday and didn't get your slack messages"
                            }
                        ]
                    }
                ]
            }
        ]
    },
    {
        "client_msg_id": "8c91bd4c-706e-4c5c-a61b-e8971c79ce1e",
        "type": "message",
        "text": "<@U016G7WR3KJ> my bad too, I don't know why slack isn't notifying me lately",
        "user": "U010DDZ3FJR",
        "ts": "1608391377.008400",
        "team": "TCR2U6UEM",
        "user_team": "TCR2U6UEM",
        "source_team": "TCR2U6UEM",
        "user_profile": {
            "avatar_hash": "fda0a36a8605",
            "image_72": "https:\/\/avatars.slack-edge.com\/2020-09-18\/1386993799393_fda0a36a86053c692b20_72.jpg",
            "first_name": "Luke",
            "real_name": "Luke Aschenbrenner",
            "display_name": "Luke Aschenbrenner",
            "team": "TCR2U6UEM",
            "name": "ashbren21",
            "is_restricted": false,
            "is_ultra_restricted": false
        },
        "blocks": [
            {
                "type": "rich_text",
                "block_id": "jdP",
                "elements": [
                    {
                        "type": "rich_text_section",
                        "elements": [
                            {
                                "type": "user",
                                "user_id": "U016G7WR3KJ"
                            },
                            {
                                "type": "text",
                                "text": " my bad too, I don't know why slack isn't notifying me lately"
                            }
                        ]
                    }
                ]
            }
        ]
    },
    {
        "client_msg_id": "e87b55b8-e683-4365-9782-4fdf42042c27",
        "type": "message",
        "text": "Lol robbies messages were just me in the trailer",
        "user": "U018GF7AFJB",
        "ts": "1608392661.008800",
        "team": "TCR2U6UEM",
        "user_team": "TCR2U6UEM",
        "source_team": "TCR2U6UEM",
        "user_profile": {
            "avatar_hash": "c31861bbc361",
            "image_72": "https:\/\/avatars.slack-edge.com\/2020-08-16\/1316598132593_c31861bbc3618c961c77_72.jpg",
            "first_name": "",
            "real_name": "Nolan Vibhakar",
            "display_name": "Nolan Vibhakar",
            "team": "TCR2U6UEM",
            "name": "novib21",
            "is_restricted": false,
            "is_ultra_restricted": false
        },
        "blocks": [
            {
                "type": "rich_text",
                "block_id": "FGko",
                "elements": [
                    {
                        "type": "rich_text_section",
                        "elements": [
                            {
                                "type": "text",
                                "text": "Lol robbies messages were just me in the trailer"
                            }
                        ]
                    }
                ]
            }
        ]
    },
    {
        "client_msg_id": "6bbe1fb4-630b-4db7-b44c-df50aa0acd25",
        "type": "message",
        "text": "Its all good, I knew you had stuff going on and couldn't guarantee being there",
        "user": "U018GF7AFJB",
        "ts": "1608392684.009600",
        "team": "TCR2U6UEM",
        "user_team": "TCR2U6UEM",
        "source_team": "TCR2U6UEM",
        "user_profile": {
            "avatar_hash": "c31861bbc361",
            "image_72": "https:\/\/avatars.slack-edge.com\/2020-08-16\/1316598132593_c31861bbc3618c961c77_72.jpg",
            "first_name": "",
            "real_name": "Nolan Vibhakar",
            "display_name": "Nolan Vibhakar",
            "team": "TCR2U6UEM",
            "name": "novib21",
            "is_restricted": false,
            "is_ultra_restricted": false
        },
        "blocks": [
            {
                "type": "rich_text",
                "block_id": "Kpbu",
                "elements": [
                    {
                        "type": "rich_text_section",
                        "elements": [
                            {
                                "type": "text",
                                "text": "Its all good, I knew you had stuff going on and couldn't guarantee being there"
                            }
                        ]
                    }
                ]
            }
        ]
    },
    {
        "client_msg_id": "aaa1568a-6084-41d9-9ef8-402ed0456fa8",
        "type": "message",
        "text": "If you guys have time, you can try to make the auto a little more consistent, but it should be ok if we cant",
        "user": "U018GF7AFJB",
        "ts": "1608392709.010500",
        "team": "TCR2U6UEM",
        "user_team": "TCR2U6UEM",
        "source_team": "TCR2U6UEM",
        "user_profile": {
            "avatar_hash": "c31861bbc361",
            "image_72": "https:\/\/avatars.slack-edge.com\/2020-08-16\/1316598132593_c31861bbc3618c961c77_72.jpg",
            "first_name": "",
            "real_name": "Nolan Vibhakar",
            "display_name": "Nolan Vibhakar",
            "team": "TCR2U6UEM",
            "name": "novib21",
            "is_restricted": false,
            "is_ultra_restricted": false
        },
        "blocks": [
            {
                "type": "rich_text",
                "block_id": "lPKiE",
                "elements": [
                    {
                        "type": "rich_text_section",
                        "elements": [
                            {
                                "type": "text",
                                "text": "If you guys have time, you can try to make the auto a little more consistent, but it should be ok if we cant"
                            }
                        ]
                    }
                ]
            }
        ],
        "thread_ts": "1608392709.010500",
        "reply_count": 1,
        "reply_users_count": 1,
        "latest_reply": "1608392945.011100",
        "reply_users": [
            "U010DDZ3FJR"
        ],
        "replies": [
            {
                "user": "U010DDZ3FJR",
                "ts": "1608392945.011100"
            }
        ],
        "subscribed": true,
        "last_read": "1608392945.011100"
    },
    {
        "client_msg_id": "4f8c8e8d-14b4-40ef-8e2f-0f74856961dc",
        "type": "message",
        "text": "It csnt score both goals but will usually get 1",
        "user": "U018GF7AFJB",
        "ts": "1608392722.010900",
        "team": "TCR2U6UEM",
        "user_team": "TCR2U6UEM",
        "source_team": "TCR2U6UEM",
        "user_profile": {
            "avatar_hash": "c31861bbc361",
            "image_72": "https:\/\/avatars.slack-edge.com\/2020-08-16\/1316598132593_c31861bbc3618c961c77_72.jpg",
            "first_name": "",
            "real_name": "Nolan Vibhakar",
            "display_name": "Nolan Vibhakar",
            "team": "TCR2U6UEM",
            "name": "novib21",
            "is_restricted": false,
            "is_ultra_restricted": false
        },
        "blocks": [
            {
                "type": "rich_text",
                "block_id": "JQMVO",
                "elements": [
                    {
                        "type": "rich_text_section",
                        "elements": [
                            {
                                "type": "text",
                                "text": "It csnt score both goals but will usually get 1"
                            }
                        ]
                    }
                ]
            }
        ]
    },
    {
        "type": "message",
        "text": ":joy: lmao",
        "user": "U010DDZ3FJR",
        "ts": "1608392907.011000",
        "team": "TCR2U6UEM",
        "user_team": "TCR2U6UEM",
        "source_team": "TCR2U6UEM",
        "user_profile": {
            "avatar_hash": "fda0a36a8605",
            "image_72": "https:\/\/avatars.slack-edge.com\/2020-09-18\/1386993799393_fda0a36a86053c692b20_72.jpg",
            "first_name": "Luke",
            "real_name": "Luke Aschenbrenner",
            "display_name": "Luke Aschenbrenner",
            "team": "TCR2U6UEM",
            "name": "ashbren21",
            "is_restricted": false,
            "is_ultra_restricted": false
        },
        "attachments": [
            {
                "fallback": "[December 19th, 2020 9:44 AM] novib21: Lol robbies messages were just me in the trailer",
                "ts": "1608392661.008800",
                "author_id": "U018GF7AFJB",
                "author_subname": "Nolan Vibhakar",
                "channel_id": "CCRE6T2VA",
                "channel_name": "programmers",
                "is_msg_unfurl": true,
                "text": "Lol robbies messages were just me in the trailer",
                "author_name": "Nolan Vibhakar",
                "author_link": "https:\/\/rawbaconrobotics.slack.com\/team\/U018GF7AFJB",
                "author_icon": "https:\/\/avatars.slack-edge.com\/2020-08-16\/1316598132593_c31861bbc3618c961c77_48.jpg",
                "mrkdwn_in": [
                    "text"
                ],
                "color": "D0D0D0",
                "from_url": "https:\/\/rawbaconrobotics.slack.com\/archives\/CCRE6T2VA\/p1608392661008800",
                "is_share": true,
                "footer": "Posted in #programmers"
            }
        ],
        "blocks": [
            {
                "type": "rich_text",
                "block_id": "dWN\/",
                "elements": [
                    {
                        "type": "rich_text_section",
                        "elements": [
                            {
                                "type": "emoji",
                                "name": "joy"
                            },
                            {
                                "type": "text",
                                "text": " lmao"
                            }
                        ]
                    }
                ]
            }
        ]
    },
    {
        "type": "message",
        "subtype": "thread_broadcast",
        "text": "what kind of things would you suggest looking at right now?",
        "user": "U010DDZ3FJR",
        "ts": "1608392945.011100",
        "thread_ts": "1608392709.010500",
        "root": {
            "client_msg_id": "aaa1568a-6084-41d9-9ef8-402ed0456fa8",
            "type": "message",
            "text": "If you guys have time, you can try to make the auto a little more consistent, but it should be ok if we cant",
            "user": "U018GF7AFJB",
            "ts": "1608392709.010500",
            "team": "TCR2U6UEM",
            "blocks": [
                {
                    "type": "rich_text",
                    "block_id": "lPKiE",
                    "elements": [
                        {
                            "type": "rich_text_section",
                            "elements": [
                                {
                                    "type": "text",
                                    "text": "If you guys have time, you can try to make the auto a little more consistent, but it should be ok if we cant"
                                }
                            ]
                        }
                    ]
                }
            ],
            "thread_ts": "1608392709.010500",
            "reply_count": 1,
            "reply_users_count": 1,
            "latest_reply": "1608392945.011100",
            "reply_users": [
                "U010DDZ3FJR"
            ],
            "subscribed": true,
            "last_read": "1608392945.011100"
        },
        "blocks": [
            {
                "type": "rich_text",
                "block_id": "VFI",
                "elements": [
                    {
                        "type": "rich_text_section",
                        "elements": [
                            {
                                "type": "text",
                                "text": "what kind of things would you suggest looking at right now?"
                            }
                        ]
                    }
                ]
            }
        ],
        "client_msg_id": "81bcad03-0da1-4678-8633-4c0624eedd0e"
    },
    {
        "client_msg_id": "6aa491ef-f09a-41a6-9585-a628b2424204",
        "type": "message",
        "text": "Well I tried strafing to the wall at the beginning to help with consistencies and line up the goal with where the bot should be at the end so it doesnt knock it out",
        "user": "U018GF7AFJB",
        "ts": "1608393125.012700",
        "team": "TCR2U6UEM",
        "user_team": "TCR2U6UEM",
        "source_team": "TCR2U6UEM",
        "user_profile": {
            "avatar_hash": "c31861bbc361",
            "image_72": "https:\/\/avatars.slack-edge.com\/2020-08-16\/1316598132593_c31861bbc3618c961c77_72.jpg",
            "first_name": "",
            "real_name": "Nolan Vibhakar",
            "display_name": "Nolan Vibhakar",
            "team": "TCR2U6UEM",
            "name": "novib21",
            "is_restricted": false,
            "is_ultra_restricted": false
        },
        "blocks": [
            {
                "type": "rich_text",
                "block_id": "tobyF",
                "elements": [
                    {
                        "type": "rich_text_section",
                        "elements": [
                            {
                                "type": "text",
                                "text": "Well I tried strafing to the wall at the beginning to help with consistencies and line up the goal with where the bot should be at the end so it doesnt knock it out"
                            }
                        ]
                    }
                ]
            }
        ]
    },
    {
        "client_msg_id": "c922faf4-3708-423f-8841-a470ebaf5d11",
        "type": "message",
        "text": "Did you guys push the new code to the phone today or are you just using the code that was already on the phone",
        "user": "U018GF7AFJB",
        "ts": "1608393145.013500",
        "team": "TCR2U6UEM",
        "user_team": "TCR2U6UEM",
        "source_team": "TCR2U6UEM",
        "user_profile": {
            "avatar_hash": "c31861bbc361",
            "image_72": "https:\/\/avatars.slack-edge.com\/2020-08-16\/1316598132593_c31861bbc3618c961c77_72.jpg",
            "first_name": "",
            "real_name": "Nolan Vibhakar",
            "display_name": "Nolan Vibhakar",
            "team": "TCR2U6UEM",
            "name": "novib21",
            "is_restricted": false,
            "is_ultra_restricted": false
        },
        "blocks": [
            {
                "type": "rich_text",
                "block_id": "cfM",
                "elements": [
                    {
                        "type": "rich_text_section",
                        "elements": [
                            {
                                "type": "text",
                                "text": "Did you guys push the new code to the phone today or are you just using the code that was already on the phone"
                            }
                        ]
                    }
                ]
            }
        ]
    },
    {
        "client_msg_id": "ce7acf80-9c96-492d-a402-04d901f5d9dd",
        "type": "message",
        "text": "I don't see any git pushes",
        "user": "U010DDZ3FJR",
        "ts": "1608393209.013800",
        "team": "TCR2U6UEM",
        "user_team": "TCR2U6UEM",
        "source_team": "TCR2U6UEM",
        "user_profile": {
            "avatar_hash": "fda0a36a8605",
            "image_72": "https:\/\/avatars.slack-edge.com\/2020-09-18\/1386993799393_fda0a36a86053c692b20_72.jpg",
            "first_name": "Luke",
            "real_name": "Luke Aschenbrenner",
            "display_name": "Luke Aschenbrenner",
            "team": "TCR2U6UEM",
            "name": "ashbren21",
            "is_restricted": false,
            "is_ultra_restricted": false
        },
        "blocks": [
            {
                "type": "rich_text",
                "block_id": "M6YBj",
                "elements": [
                    {
                        "type": "rich_text_section",
                        "elements": [
                            {
                                "type": "text",
                                "text": "I don't see any git pushes"
                            }
                        ]
                    }
                ]
            }
        ]
    },
    {
        "client_msg_id": "80d899fa-6227-41b0-82f4-f06ef845b77e",
        "type": "message",
        "text": "from after 2 days ago",
        "user": "U010DDZ3FJR",
        "ts": "1608393215.014100",
        "team": "TCR2U6UEM",
        "user_team": "TCR2U6UEM",
        "source_team": "TCR2U6UEM",
        "user_profile": {
            "avatar_hash": "fda0a36a8605",
            "image_72": "https:\/\/avatars.slack-edge.com\/2020-09-18\/1386993799393_fda0a36a86053c692b20_72.jpg",
            "first_name": "Luke",
            "real_name": "Luke Aschenbrenner",
            "display_name": "Luke Aschenbrenner",
            "team": "TCR2U6UEM",
            "name": "ashbren21",
            "is_restricted": false,
            "is_ultra_restricted": false
        },
        "blocks": [
            {
                "type": "rich_text",
                "block_id": "Srmla",
                "elements": [
                    {
                        "type": "rich_text_section",
                        "elements": [
                            {
                                "type": "text",
                                "text": "from after 2 days ago"
                            }
                        ]
                    }
                ]
            }
        ]
    },
    {
        "client_msg_id": "0510107f-1850-4529-b592-23257faf4940",
        "type": "message",
        "text": "Yeah that one was the stuff I was going to test yesterday, but it never got uploaded to the phone",
        "user": "U018GF7AFJB",
        "ts": "1608393259.014800",
        "team": "TCR2U6UEM",
        "user_team": "TCR2U6UEM",
        "source_team": "TCR2U6UEM",
        "user_profile": {
            "avatar_hash": "c31861bbc361",
            "image_72": "https:\/\/avatars.slack-edge.com\/2020-08-16\/1316598132593_c31861bbc3618c961c77_72.jpg",
            "first_name": "",
            "real_name": "Nolan Vibhakar",
            "display_name": "Nolan Vibhakar",
            "team": "TCR2U6UEM",
            "name": "novib21",
            "is_restricted": false,
            "is_ultra_restricted": false
        },
        "blocks": [
            {
                "type": "rich_text",
                "block_id": "wrync",
                "elements": [
                    {
                        "type": "rich_text_section",
                        "elements": [
                            {
                                "type": "text",
                                "text": "Yeah that one was the stuff I was going to test yesterday, but it never got uploaded to the phone"
                            }
                        ]
                    }
                ]
            }
        ]
    },
    {
        "client_msg_id": "96386464-5f18-4cad-b87d-87e67910bdc1",
        "type": "message",
        "text": "Unless you guys did that this morning",
        "user": "U018GF7AFJB",
        "ts": "1608393268.015100",
        "team": "TCR2U6UEM",
        "user_team": "TCR2U6UEM",
        "source_team": "TCR2U6UEM",
        "user_profile": {
            "avatar_hash": "c31861bbc361",
            "image_72": "https:\/\/avatars.slack-edge.com\/2020-08-16\/1316598132593_c31861bbc3618c961c77_72.jpg",
            "first_name": "",
            "real_name": "Nolan Vibhakar",
            "display_name": "Nolan Vibhakar",
            "team": "TCR2U6UEM",
            "name": "novib21",
            "is_restricted": false,
            "is_ultra_restricted": false
        },
        "blocks": [
            {
                "type": "rich_text",
                "block_id": "Wh\/",
                "elements": [
                    {
                        "type": "rich_text_section",
                        "elements": [
                            {
                                "type": "text",
                                "text": "Unless you guys did that this morning"
                            }
                        ]
                    }
                ]
            }
        ]
    },
    {
        "client_msg_id": "267c3f08-f989-41c0-8e22-8d436a53f0f5",
        "type": "message",
        "text": "oh ok should I push it now?",
        "user": "U010DDZ3FJR",
        "ts": "1608393317.015300",
        "team": "TCR2U6UEM",
        "user_team": "TCR2U6UEM",
        "source_team": "TCR2U6UEM",
        "user_profile": {
            "avatar_hash": "fda0a36a8605",
            "image_72": "https:\/\/avatars.slack-edge.com\/2020-09-18\/1386993799393_fda0a36a86053c692b20_72.jpg",
            "first_name": "Luke",
            "real_name": "Luke Aschenbrenner",
            "display_name": "Luke Aschenbrenner",
            "team": "TCR2U6UEM",
            "name": "ashbren21",
            "is_restricted": false,
            "is_ultra_restricted": false
        },
        "blocks": [
            {
                "type": "rich_text",
                "block_id": "HJ9O",
                "elements": [
                    {
                        "type": "rich_text_section",
                        "elements": [
                            {
                                "type": "text",
                                "text": "oh ok should I push it now?"
                            }
                        ]
                    }
                ]
            }
        ]
    },
    {
        "client_msg_id": "6e466194-f10a-4c68-ac1e-7314b89bf272",
        "type": "message",
        "text": "or too risky",
        "user": "U010DDZ3FJR",
        "ts": "1608393319.015500",
        "team": "TCR2U6UEM",
        "user_team": "TCR2U6UEM",
        "source_team": "TCR2U6UEM",
        "user_profile": {
            "avatar_hash": "fda0a36a8605",
            "image_72": "https:\/\/avatars.slack-edge.com\/2020-09-18\/1386993799393_fda0a36a86053c692b20_72.jpg",
            "first_name": "Luke",
            "real_name": "Luke Aschenbrenner",
            "display_name": "Luke Aschenbrenner",
            "team": "TCR2U6UEM",
            "name": "ashbren21",
            "is_restricted": false,
            "is_ultra_restricted": false
        },
        "blocks": [
            {
                "type": "rich_text",
                "block_id": "hiR9A",
                "elements": [
                    {
                        "type": "rich_text_section",
                        "elements": [
                            {
                                "type": "text",
                                "text": "or too risky"
                            }
                        ]
                    }
                ]
            }
        ]
    },
    {
        "client_msg_id": "cea0557d-b744-4229-9830-b2fceca7d031",
        "type": "message",
        "text": "Well their driving rn so I'd leave it",
        "user": "U0193D42LHJ",
        "ts": "1608393331.016200",
        "team": "TCR2U6UEM",
        "user_team": "TCR2U6UEM",
        "source_team": "TCR2U6UEM",
        "user_profile": {
            "avatar_hash": "ac92a4993882",
            "image_72": "https:\/\/avatars.slack-edge.com\/2020-09-18\/1380577414884_ac92a4993882a5db4876_72.png",
            "first_name": "Elliot",
            "real_name": "Elliot Schmidt",
            "display_name": "Elliot",
            "team": "TCR2U6UEM",
            "name": "elliotschmidt2002",
            "is_restricted": false,
            "is_ultra_restricted": false
        },
        "blocks": [
            {
                "type": "rich_text",
                "block_id": "q71bp",
                "elements": [
                    {
                        "type": "rich_text_section",
                        "elements": [
                            {
                                "type": "text",
                                "text": "Well their driving rn so I'd leave it"
                            }
                        ]
                    }
                ]
            }
        ]
    },
    {
        "client_msg_id": "2f1a8dbe-95eb-4080-95a6-23cdf2c2a052",
        "type": "message",
        "text": "Maybe ask afterward",
        "user": "U0193D42LHJ",
        "ts": "1608393336.016600",
        "team": "TCR2U6UEM",
        "user_team": "TCR2U6UEM",
        "source_team": "TCR2U6UEM",
        "user_profile": {
            "avatar_hash": "ac92a4993882",
            "image_72": "https:\/\/avatars.slack-edge.com\/2020-09-18\/1380577414884_ac92a4993882a5db4876_72.png",
            "first_name": "Elliot",
            "real_name": "Elliot Schmidt",
            "display_name": "Elliot",
            "team": "TCR2U6UEM",
            "name": "elliotschmidt2002",
            "is_restricted": false,
            "is_ultra_restricted": false
        },
        "blocks": [
            {
                "type": "rich_text",
                "block_id": "s4N0a",
                "elements": [
                    {
                        "type": "rich_text_section",
                        "elements": [
                            {
                                "type": "text",
                                "text": "Maybe ask afterward"
                            }
                        ]
                    }
                ]
            }
        ]
    },
    {
        "client_msg_id": "cf28ccd2-a6a2-4a52-af1f-0e449845bdc5",
        "type": "message",
        "text": "Idk, its untested so...if you guys think you have time to test it a little then maybe, but otherwise dont bother",
        "user": "U018GF7AFJB",
        "ts": "1608393351.017200",
        "team": "TCR2U6UEM",
        "user_team": "TCR2U6UEM",
        "source_team": "TCR2U6UEM",
        "user_profile": {
            "avatar_hash": "c31861bbc361",
            "image_72": "https:\/\/avatars.slack-edge.com\/2020-08-16\/1316598132593_c31861bbc3618c961c77_72.jpg",
            "first_name": "",
            "real_name": "Nolan Vibhakar",
            "display_name": "Nolan Vibhakar",
            "team": "TCR2U6UEM",
            "name": "novib21",
            "is_restricted": false,
            "is_ultra_restricted": false
        },
        "blocks": [
            {
                "type": "rich_text",
                "block_id": "Iet0T",
                "elements": [
                    {
                        "type": "rich_text_section",
                        "elements": [
                            {
                                "type": "text",
                                "text": "Idk, its untested so...if you guys think you have time to test it a little then maybe, but otherwise dont bother"
                            }
                        ]
                    }
                ]
            }
        ]
    },
    {
        "client_msg_id": "f9282c96-9ef2-4556-8016-cd67573e2076",
        "type": "message",
        "text": "I'll leave that decision to the people who are actually participating in the meet",
        "user": "U018GF7AFJB",
        "ts": "1608393369.017900",
        "team": "TCR2U6UEM",
        "user_team": "TCR2U6UEM",
        "source_team": "TCR2U6UEM",
        "user_profile": {
            "avatar_hash": "c31861bbc361",
            "image_72": "https:\/\/avatars.slack-edge.com\/2020-08-16\/1316598132593_c31861bbc3618c961c77_72.jpg",
            "first_name": "",
            "real_name": "Nolan Vibhakar",
            "display_name": "Nolan Vibhakar",
            "team": "TCR2U6UEM",
            "name": "novib21",
            "is_restricted": false,
            "is_ultra_restricted": false
        },
        "blocks": [
            {
                "type": "rich_text",
                "block_id": "2f+",
                "elements": [
                    {
                        "type": "rich_text_section",
                        "elements": [
                            {
                                "type": "text",
                                "text": "I'll leave that decision to the people who are actually participating in the meet"
                            }
                        ]
                    }
                ]
            }
        ]
    },
    {
        "client_msg_id": "40e98a3e-5a24-47e8-9552-7710921f31c9",
        "type": "message",
        "text": "Just worth knowing",
        "user": "U018GF7AFJB",
        "ts": "1608393374.018100",
        "team": "TCR2U6UEM",
        "user_team": "TCR2U6UEM",
        "source_team": "TCR2U6UEM",
        "user_profile": {
            "avatar_hash": "c31861bbc361",
            "image_72": "https:\/\/avatars.slack-edge.com\/2020-08-16\/1316598132593_c31861bbc3618c961c77_72.jpg",
            "first_name": "",
            "real_name": "Nolan Vibhakar",
            "display_name": "Nolan Vibhakar",
            "team": "TCR2U6UEM",
            "name": "novib21",
            "is_restricted": false,
            "is_ultra_restricted": false
        },
        "blocks": [
            {
                "type": "rich_text",
                "block_id": "\/RZ",
                "elements": [
                    {
                        "type": "rich_text_section",
                        "elements": [
                            {
                                "type": "text",
                                "text": "Just worth knowing"
                            }
                        ]
                    }
                ]
            }
        ]
    }
]