[
    {
        "client_msg_id": "56783977-ee58-4268-a24d-b6114644fbab",
        "type": "message",
        "text": "I know we are kind of having other issues rn, but while I was on slack, I just wanted to check in and see how you guys were coming on integrating remote driving into Duncan <@U010DDZ3FJR> <@U01ALNAL79C>",
        "user": "U018GF7AFJB",
        "ts": "1607392404.001400",
        "team": "TCR2U6UEM",
        "user_team": "TCR2U6UEM",
        "source_team": "TCR2U6UEM",
        "user_profile": {
            "avatar_hash": "c31861bbc361",
            "image_72": "https:\/\/avatars.slack-edge.com\/2020-08-16\/1316598132593_c31861bbc3618c961c77_72.jpg",
            "first_name": "",
            "real_name": "Nolan Vibhakar",
            "display_name": "Nolan Vibhakar",
            "team": "TCR2U6UEM",
            "name": "novib21",
            "is_restricted": false,
            "is_ultra_restricted": false
        },
        "blocks": [
            {
                "type": "rich_text",
                "block_id": "oR9",
                "elements": [
                    {
                        "type": "rich_text_section",
                        "elements": [
                            {
                                "type": "text",
                                "text": "I know we are kind of having other issues rn, but while I was on slack, I just wanted to check in and see how you guys were coming on integrating remote driving into Duncan "
                            },
                            {
                                "type": "user",
                                "user_id": "U010DDZ3FJR"
                            },
                            {
                                "type": "text",
                                "text": " "
                            },
                            {
                                "type": "user",
                                "user_id": "U01ALNAL79C"
                            }
                        ]
                    }
                ]
            }
        ]
    },
    {
        "client_msg_id": "49c4a835-fcd0-4e06-bf18-25ab6c9581cb",
        "type": "message",
        "text": "I haven't git pushed yet but I'm in the middle of integrating it, it might break the non-remote driving version though but that should be ok",
        "user": "U010DDZ3FJR",
        "ts": "1607392704.002400",
        "team": "TCR2U6UEM",
        "user_team": "TCR2U6UEM",
        "source_team": "TCR2U6UEM",
        "user_profile": {
            "avatar_hash": "fda0a36a8605",
            "image_72": "https:\/\/avatars.slack-edge.com\/2020-09-18\/1386993799393_fda0a36a86053c692b20_72.jpg",
            "first_name": "Luke",
            "real_name": "Luke Aschenbrenner",
            "display_name": "Luke Aschenbrenner",
            "team": "TCR2U6UEM",
            "name": "ashbren21",
            "is_restricted": false,
            "is_ultra_restricted": false
        },
        "edited": {
            "user": "U010DDZ3FJR",
            "ts": "1607395823.000000"
        },
        "blocks": [
            {
                "type": "rich_text",
                "block_id": "gE+",
                "elements": [
                    {
                        "type": "rich_text_section",
                        "elements": [
                            {
                                "type": "text",
                                "text": "I haven't git pushed yet but I'm in the middle of integrating it, it might break the non-remote driving version though but that should be ok"
                            }
                        ]
                    }
                ]
            }
        ]
    },
    {
        "client_msg_id": "0860e8b5-efc6-4484-8d2f-c6367f1945d0",
        "type": "message",
        "text": "If it's going to break the regular version, would it be possible to just make a separate folder for the remote driving version so that we still have an intact regular version if we ever need it?",
        "user": "U018GF7AFJB",
        "ts": "1607396538.003800",
        "team": "TCR2U6UEM",
        "user_team": "TCR2U6UEM",
        "source_team": "TCR2U6UEM",
        "user_profile": {
            "avatar_hash": "c31861bbc361",
            "image_72": "https:\/\/avatars.slack-edge.com\/2020-08-16\/1316598132593_c31861bbc3618c961c77_72.jpg",
            "first_name": "",
            "real_name": "Nolan Vibhakar",
            "display_name": "Nolan Vibhakar",
            "team": "TCR2U6UEM",
            "name": "novib21",
            "is_restricted": false,
            "is_ultra_restricted": false
        },
        "blocks": [
            {
                "type": "rich_text",
                "block_id": "ykDe",
                "elements": [
                    {
                        "type": "rich_text_section",
                        "elements": [
                            {
                                "type": "text",
                                "text": "If it's going to break the regular version, would it be possible to just make a separate folder for the remote driving version so that we still have an intact regular version if we ever need it?"
                            }
                        ]
                    }
                ]
            }
        ]
    },
    {
        "client_msg_id": "7e221e26-1d91-4737-b662-da429e6886cd",
        "type": "message",
        "text": "I just dont want to get into a situation down the line where we take apart and restructure the regular version to accommodate the remote version only to later have to rebuild the regular version",
        "user": "U018GF7AFJB",
        "ts": "1607396579.005800",
        "team": "TCR2U6UEM",
        "user_team": "TCR2U6UEM",
        "source_team": "TCR2U6UEM",
        "user_profile": {
            "avatar_hash": "c31861bbc361",
            "image_72": "https:\/\/avatars.slack-edge.com\/2020-08-16\/1316598132593_c31861bbc3618c961c77_72.jpg",
            "first_name": "",
            "real_name": "Nolan Vibhakar",
            "display_name": "Nolan Vibhakar",
            "team": "TCR2U6UEM",
            "name": "novib21",
            "is_restricted": false,
            "is_ultra_restricted": false
        },
        "blocks": [
            {
                "type": "rich_text",
                "block_id": "o5H",
                "elements": [
                    {
                        "type": "rich_text_section",
                        "elements": [
                            {
                                "type": "text",
                                "text": "I just dont want to get into a situation down the line where we take apart and restructure the regular version to accommodate the remote version only to later have to rebuild the regular version"
                            }
                        ]
                    }
                ]
            }
        ]
    },
    {
        "client_msg_id": "0da402c5-de87-4767-a95a-87d2d37c6a88",
        "type": "message",
        "text": "Oh yeah that's a good idea, don't know why I didn't think of that lol\nThis might take a little longer then but I'll have that done soon",
        "user": "U010DDZ3FJR",
        "ts": "1607396587.006100",
        "team": "TCR2U6UEM",
        "user_team": "TCR2U6UEM",
        "source_team": "TCR2U6UEM",
        "user_profile": {
            "avatar_hash": "fda0a36a8605",
            "image_72": "https:\/\/avatars.slack-edge.com\/2020-09-18\/1386993799393_fda0a36a86053c692b20_72.jpg",
            "first_name": "Luke",
            "real_name": "Luke Aschenbrenner",
            "display_name": "Luke Aschenbrenner",
            "team": "TCR2U6UEM",
            "name": "ashbren21",
            "is_restricted": false,
            "is_ultra_restricted": false
        },
        "blocks": [
            {
                "type": "rich_text",
                "block_id": "=oz2",
                "elements": [
                    {
                        "type": "rich_text_section",
                        "elements": [
                            {
                                "type": "text",
                                "text": "Oh yeah that's a good idea, don't know why I didn't think of that lol\nThis might take a little longer then but I'll have that done soon"
                            }
                        ]
                    }
                ]
            }
        ]
    }
]