[
    {
        "type": "message",
        "text": "",
        "files": [
            {
                "id": "F01F9M863KQ",
                "created": 1606260153,
                "timestamp": 1606260153,
                "name": "image.png",
                "title": "image.png",
                "mimetype": "image\/png",
                "filetype": "png",
                "pretty_type": "PNG",
                "user": "U0193D42LHJ",
                "editable": false,
                "size": 38202,
                "mode": "hosted",
                "is_external": false,
                "external_type": "",
                "is_public": true,
                "public_url_shared": false,
                "display_as_bot": false,
                "username": "",
                "url_private": "https:\/\/files.slack.com\/files-pri\/TCR2U6UEM-F01F9M863KQ\/image.png?t=xoxe-433096232497-1684125439971-1696548615153-cd1d3d402b441a7d6039d167da7d37bd",
                "url_private_download": "https:\/\/files.slack.com\/files-pri\/TCR2U6UEM-F01F9M863KQ\/download\/image.png?t=xoxe-433096232497-1684125439971-1696548615153-cd1d3d402b441a7d6039d167da7d37bd",
                "thumb_64": "https:\/\/files.slack.com\/files-tmb\/TCR2U6UEM-F01F9M863KQ-c5c1b01ad4\/image_64.png?t=xoxe-433096232497-1684125439971-1696548615153-cd1d3d402b441a7d6039d167da7d37bd",
                "thumb_80": "https:\/\/files.slack.com\/files-tmb\/TCR2U6UEM-F01F9M863KQ-c5c1b01ad4\/image_80.png?t=xoxe-433096232497-1684125439971-1696548615153-cd1d3d402b441a7d6039d167da7d37bd",
                "thumb_360": "https:\/\/files.slack.com\/files-tmb\/TCR2U6UEM-F01F9M863KQ-c5c1b01ad4\/image_360.png?t=xoxe-433096232497-1684125439971-1696548615153-cd1d3d402b441a7d6039d167da7d37bd",
                "thumb_360_w": 360,
                "thumb_360_h": 277,
                "thumb_480": "https:\/\/files.slack.com\/files-tmb\/TCR2U6UEM-F01F9M863KQ-c5c1b01ad4\/image_480.png?t=xoxe-433096232497-1684125439971-1696548615153-cd1d3d402b441a7d6039d167da7d37bd",
                "thumb_480_w": 480,
                "thumb_480_h": 369,
                "thumb_160": "https:\/\/files.slack.com\/files-tmb\/TCR2U6UEM-F01F9M863KQ-c5c1b01ad4\/image_160.png?t=xoxe-433096232497-1684125439971-1696548615153-cd1d3d402b441a7d6039d167da7d37bd",
                "thumb_720": "https:\/\/files.slack.com\/files-tmb\/TCR2U6UEM-F01F9M863KQ-c5c1b01ad4\/image_720.png?t=xoxe-433096232497-1684125439971-1696548615153-cd1d3d402b441a7d6039d167da7d37bd",
                "thumb_720_w": 720,
                "thumb_720_h": 553,
                "thumb_800": "https:\/\/files.slack.com\/files-tmb\/TCR2U6UEM-F01F9M863KQ-c5c1b01ad4\/image_800.png?t=xoxe-433096232497-1684125439971-1696548615153-cd1d3d402b441a7d6039d167da7d37bd",
                "thumb_800_w": 800,
                "thumb_800_h": 615,
                "thumb_960": "https:\/\/files.slack.com\/files-tmb\/TCR2U6UEM-F01F9M863KQ-c5c1b01ad4\/image_960.png?t=xoxe-433096232497-1684125439971-1696548615153-cd1d3d402b441a7d6039d167da7d37bd",
                "thumb_960_w": 960,
                "thumb_960_h": 738,
                "thumb_1024": "https:\/\/files.slack.com\/files-tmb\/TCR2U6UEM-F01F9M863KQ-c5c1b01ad4\/image_1024.png?t=xoxe-433096232497-1684125439971-1696548615153-cd1d3d402b441a7d6039d167da7d37bd",
                "thumb_1024_w": 1024,
                "thumb_1024_h": 787,
                "original_w": 1209,
                "original_h": 929,
                "thumb_tiny": "AwAkADDTpCcCkU7QAemOKTvk98fzoAd83tTTljjI4p9Ic5BxmgBFJPccUpyPSheAKG6fjQAgTAxmkZfen0jdPxFACbT60BeetOooAKRun40tI3T8aAFoIyKKKAEwfU0YPqaWigBMH1NGPc0tFAH\/2Q==",
                "permalink": "https:\/\/rawbaconrobotics.slack.com\/files\/U0193D42LHJ\/F01F9M863KQ\/image.png",
                "permalink_public": "https:\/\/slack-files.com\/TCR2U6UEM-F01F9M863KQ-13e6fef228",
                "is_starred": false,
                "has_rich_preview": false
            }
        ],
        "upload": false,
        "user": "U0193D42LHJ",
        "display_as_bot": false,
        "ts": "1606260159.000100"
    }
]