[
    {
        "type": "message",
        "subtype": "channel_purpose",
        "ts": "1592489868.000100",
        "user": "U0139LBQGRH",
        "text": "<@U0139LBQGRH> set the channel purpose: To create effective code in a timely manner to enhance the capabilities of the robot",
        "purpose": "To create effective code in a timely manner to enhance the capabilities of the robot"
    },
    {
        "type": "message",
        "subtype": "channel_topic",
        "ts": "1592489868.000200",
        "user": "U0139LBQGRH",
        "text": "<@U0139LBQGRH> set the channel topic: Software development",
        "topic": "Software development"
    }
]