[
    {
        "client_msg_id": "4877d5a1-d9ad-47ad-a644-3ea8f34c0f1c",
        "type": "message",
        "text": "Won't be able to make the zoom today but I'll be working on the code over the weekend",
        "user": "U010DDZ3FJR",
        "ts": "1606331266.000200",
        "team": "TCR2U6UEM",
        "user_team": "TCR2U6UEM",
        "source_team": "TCR2U6UEM",
        "user_profile": {
            "avatar_hash": "fda0a36a8605",
            "image_72": "https:\/\/avatars.slack-edge.com\/2020-09-18\/1386993799393_fda0a36a86053c692b20_72.jpg",
            "first_name": "Luke",
            "real_name": "Luke Aschenbrenner",
            "display_name": "Luke Aschenbrenner",
            "team": "TCR2U6UEM",
            "name": "ashbren21",
            "is_restricted": false,
            "is_ultra_restricted": false
        },
        "blocks": [
            {
                "type": "rich_text",
                "block_id": "qoP",
                "elements": [
                    {
                        "type": "rich_text_section",
                        "elements": [
                            {
                                "type": "text",
                                "text": "Won't be able to make the zoom today but I'll be working on the code over the weekend"
                            }
                        ]
                    }
                ]
            }
        ]
    },
    {
        "client_msg_id": "f6abce49-1400-4e1a-b4f4-e8dbbe70322d",
        "type": "message",
        "text": "Alright",
        "user": "U018GF7AFJB",
        "ts": "1606332381.000400",
        "team": "TCR2U6UEM",
        "user_team": "TCR2U6UEM",
        "source_team": "TCR2U6UEM",
        "user_profile": {
            "avatar_hash": "c31861bbc361",
            "image_72": "https:\/\/avatars.slack-edge.com\/2020-08-16\/1316598132593_c31861bbc3618c961c77_72.jpg",
            "first_name": "",
            "real_name": "Nolan Vibhakar",
            "display_name": "Nolan Vibhakar",
            "team": "TCR2U6UEM",
            "name": "novib21",
            "is_restricted": false,
            "is_ultra_restricted": false
        },
        "blocks": [
            {
                "type": "rich_text",
                "block_id": "TEKzj",
                "elements": [
                    {
                        "type": "rich_text_section",
                        "elements": [
                            {
                                "type": "text",
                                "text": "Alright"
                            }
                        ]
                    }
                ]
            }
        ]
    },
    {
        "client_msg_id": "8eb547b5-c067-4824-a28d-8114b8b1cdfd",
        "type": "message",
        "text": "I'll mainly just be working on the pathing for the auto",
        "user": "U018GF7AFJB",
        "ts": "1606332395.000900",
        "team": "TCR2U6UEM",
        "user_team": "TCR2U6UEM",
        "source_team": "TCR2U6UEM",
        "user_profile": {
            "avatar_hash": "c31861bbc361",
            "image_72": "https:\/\/avatars.slack-edge.com\/2020-08-16\/1316598132593_c31861bbc3618c961c77_72.jpg",
            "first_name": "",
            "real_name": "Nolan Vibhakar",
            "display_name": "Nolan Vibhakar",
            "team": "TCR2U6UEM",
            "name": "novib21",
            "is_restricted": false,
            "is_ultra_restricted": false
        },
        "blocks": [
            {
                "type": "rich_text",
                "block_id": "VgkJ",
                "elements": [
                    {
                        "type": "rich_text_section",
                        "elements": [
                            {
                                "type": "text",
                                "text": "I'll mainly just be working on the pathing for the auto"
                            }
                        ]
                    }
                ]
            }
        ]
    }
]