[
    {
        "client_msg_id": "5fc92bb6-745e-48ce-8b40-d62042d8e128",
        "type": "message",
        "text": "<@U010DDZ3FJR> sorry I keep forgetting to mention this, but can you write up the coding log for last Wednesday and talk about what you did in the trailer? I didnt really do much and I'm not sure exactly what you were doing in there, so it's probably best if you write it",
        "user": "U018GF7AFJB",
        "ts": "1602530804.001700",
        "team": "TCR2U6UEM",
        "user_team": "TCR2U6UEM",
        "source_team": "TCR2U6UEM",
        "user_profile": {
            "avatar_hash": "c31861bbc361",
            "image_72": "https:\/\/avatars.slack-edge.com\/2020-08-16\/1316598132593_c31861bbc3618c961c77_72.jpg",
            "first_name": "",
            "real_name": "Nolan Vibhakar",
            "display_name": "Nolan Vibhakar",
            "team": "TCR2U6UEM",
            "name": "novib21",
            "is_restricted": false,
            "is_ultra_restricted": false
        },
        "blocks": [
            {
                "type": "rich_text",
                "block_id": "+Bl=d",
                "elements": [
                    {
                        "type": "rich_text_section",
                        "elements": [
                            {
                                "type": "user",
                                "user_id": "U010DDZ3FJR"
                            },
                            {
                                "type": "text",
                                "text": " sorry I keep forgetting to mention this, but can you write up the coding log for last Wednesday and talk about what you did in the trailer? I didnt really do much and I'm not sure exactly what you were doing in there, so it's probably best if you write it"
                            }
                        ]
                    }
                ]
            }
        ]
    },
    {
        "client_msg_id": "3f38335b-61bc-4994-b79a-6d0a1debad9d",
        "type": "message",
        "text": "<@U018GF7AFJB> yeah sure",
        "user": "U010DDZ3FJR",
        "ts": "1602531220.002000",
        "team": "TCR2U6UEM",
        "user_team": "TCR2U6UEM",
        "source_team": "TCR2U6UEM",
        "user_profile": {
            "avatar_hash": "fda0a36a8605",
            "image_72": "https:\/\/avatars.slack-edge.com\/2020-09-18\/1386993799393_fda0a36a86053c692b20_72.jpg",
            "first_name": "Luke",
            "real_name": "Luke Aschenbrenner",
            "display_name": "Luke Aschenbrenner",
            "team": "TCR2U6UEM",
            "name": "ashbren21",
            "is_restricted": false,
            "is_ultra_restricted": false
        },
        "blocks": [
            {
                "type": "rich_text",
                "block_id": "53Blr",
                "elements": [
                    {
                        "type": "rich_text_section",
                        "elements": [
                            {
                                "type": "user",
                                "user_id": "U018GF7AFJB"
                            },
                            {
                                "type": "text",
                                "text": " yeah sure"
                            }
                        ]
                    }
                ]
            }
        ]
    },
    {
        "client_msg_id": "6a617aee-5f47-40b2-ba88-79c5747ba9f2",
        "type": "message",
        "text": "Ok sorry forgot to get back to you, I finished it up:+1: I hadn't really checked out the log before now and you're doing a great job, thanks",
        "user": "U010DDZ3FJR",
        "ts": "1602555041.002900",
        "team": "TCR2U6UEM",
        "user_team": "TCR2U6UEM",
        "source_team": "TCR2U6UEM",
        "user_profile": {
            "avatar_hash": "fda0a36a8605",
            "image_72": "https:\/\/avatars.slack-edge.com\/2020-09-18\/1386993799393_fda0a36a86053c692b20_72.jpg",
            "first_name": "Luke",
            "real_name": "Luke Aschenbrenner",
            "display_name": "Luke Aschenbrenner",
            "team": "TCR2U6UEM",
            "name": "ashbren21",
            "is_restricted": false,
            "is_ultra_restricted": false
        },
        "blocks": [
            {
                "type": "rich_text",
                "block_id": "PB2u",
                "elements": [
                    {
                        "type": "rich_text_section",
                        "elements": [
                            {
                                "type": "text",
                                "text": "Ok sorry forgot to get back to you, I finished it up"
                            },
                            {
                                "type": "emoji",
                                "name": "+1"
                            },
                            {
                                "type": "text",
                                "text": " I hadn't really checked out the log before now and you're doing a great job, thanks"
                            }
                        ]
                    }
                ]
            }
        ]
    }
]