[
    {
        "type": "message",
        "text": "just tested this one and it is confirmed working on my machine, hopefully the school wifi too",
        "files": [
            {
                "id": "F01C36N0F29",
                "created": 1602112875,
                "timestamp": 1602112875,
                "name": "connect-to-coders-remotely.zip",
                "title": "connect-to-coders-remotely.zip",
                "mimetype": "application\/zip",
                "filetype": "zip",
                "pretty_type": "Zip",
                "user": "U010DDZ3FJR",
                "editable": false,
                "size": 16322533,
                "mode": "hosted",
                "is_external": false,
                "external_type": "",
                "is_public": true,
                "public_url_shared": false,
                "display_as_bot": false,
                "username": "",
                "url_private": "https:\/\/files.slack.com\/files-pri\/TCR2U6UEM-F01C36N0F29\/connect-to-coders-remotely.zip?t=xoxe-433096232497-1684125439971-1696548615153-cd1d3d402b441a7d6039d167da7d37bd",
                "url_private_download": "https:\/\/files.slack.com\/files-pri\/TCR2U6UEM-F01C36N0F29\/download\/connect-to-coders-remotely.zip?t=xoxe-433096232497-1684125439971-1696548615153-cd1d3d402b441a7d6039d167da7d37bd",
                "permalink": "https:\/\/rawbaconrobotics.slack.com\/files\/U010DDZ3FJR\/F01C36N0F29\/connect-to-coders-remotely.zip",
                "permalink_public": "https:\/\/slack-files.com\/TCR2U6UEM-F01C36N0F29-6d9da785ce",
                "is_starred": false,
                "has_rich_preview": false
            }
        ],
        "upload": false,
        "blocks": [
            {
                "type": "rich_text",
                "block_id": "2Fw",
                "elements": [
                    {
                        "type": "rich_text_section",
                        "elements": [
                            {
                                "type": "text",
                                "text": "just tested this one and it is confirmed working on my machine, hopefully the school wifi too"
                            }
                        ]
                    }
                ]
            }
        ],
        "user": "U010DDZ3FJR",
        "display_as_bot": false,
        "ts": "1602112894.000400"
    },
    {
        "client_msg_id": "0197b30a-4b68-4c22-9d89-b50abd39d044",
        "type": "message",
        "text": "the only thing I can think of is that maybe it doesn't work on the thinkpad because the usb ports are dead",
        "user": "U010DDZ3FJR",
        "ts": "1602112917.001100",
        "team": "TCR2U6UEM",
        "user_team": "TCR2U6UEM",
        "source_team": "TCR2U6UEM",
        "user_profile": {
            "avatar_hash": "fda0a36a8605",
            "image_72": "https:\/\/avatars.slack-edge.com\/2020-09-18\/1386993799393_fda0a36a86053c692b20_72.jpg",
            "first_name": "Luke",
            "real_name": "Luke Aschenbrenner",
            "display_name": "Luke Aschenbrenner",
            "team": "TCR2U6UEM",
            "name": "ashbren21",
            "is_restricted": false,
            "is_ultra_restricted": false
        },
        "blocks": [
            {
                "type": "rich_text",
                "block_id": "3NB",
                "elements": [
                    {
                        "type": "rich_text_section",
                        "elements": [
                            {
                                "type": "text",
                                "text": "the only thing I can think of is that maybe it doesn't work on the thinkpad because the usb ports are dead"
                            }
                        ]
                    }
                ]
            }
        ]
    },
    {
        "client_msg_id": "01cb9cae-cf63-4b30-9303-d420732078c9",
        "type": "message",
        "text": "would be nice if we can get a power cord from ellen for the PC box we have so that can be a dedicated machine",
        "user": "U010DDZ3FJR",
        "ts": "1602112947.001600",
        "team": "TCR2U6UEM",
        "user_team": "TCR2U6UEM",
        "source_team": "TCR2U6UEM",
        "user_profile": {
            "avatar_hash": "fda0a36a8605",
            "image_72": "https:\/\/avatars.slack-edge.com\/2020-09-18\/1386993799393_fda0a36a86053c692b20_72.jpg",
            "first_name": "Luke",
            "real_name": "Luke Aschenbrenner",
            "display_name": "Luke Aschenbrenner",
            "team": "TCR2U6UEM",
            "name": "ashbren21",
            "is_restricted": false,
            "is_ultra_restricted": false
        },
        "blocks": [
            {
                "type": "rich_text",
                "block_id": "0IQ",
                "elements": [
                    {
                        "type": "rich_text_section",
                        "elements": [
                            {
                                "type": "text",
                                "text": "would be nice if we can get a power cord from ellen for the PC box we have so that can be a dedicated machine"
                            }
                        ]
                    }
                ]
            }
        ]
    }
]