[
    {
        "client_msg_id": "35ba3ebe-15d0-4ddb-861e-b33f3dd5cb02",
        "type": "message",
        "text": "```bash &lt;(curl -s <https:\/\/raw.githubusercontent.com\/corbindavenport\/nexus-tools\/master\/install.sh>)```\nignore this for now",
        "user": "U010DDZ3FJR",
        "ts": "1604496559.000900",
        "team": "TCR2U6UEM",
        "user_team": "TCR2U6UEM",
        "source_team": "TCR2U6UEM",
        "user_profile": {
            "avatar_hash": "fda0a36a8605",
            "image_72": "https:\/\/avatars.slack-edge.com\/2020-09-18\/1386993799393_fda0a36a86053c692b20_72.jpg",
            "first_name": "Luke",
            "real_name": "Luke Aschenbrenner",
            "display_name": "Luke Aschenbrenner",
            "team": "TCR2U6UEM",
            "name": "ashbren21",
            "is_restricted": false,
            "is_ultra_restricted": false
        },
        "blocks": [
            {
                "type": "rich_text",
                "block_id": "9Dla",
                "elements": [
                    {
                        "type": "rich_text_preformatted",
                        "elements": [
                            {
                                "type": "text",
                                "text": "bash <(curl -s "
                            },
                            {
                                "type": "link",
                                "url": "https:\/\/raw.githubusercontent.com\/corbindavenport\/nexus-tools\/master\/install.sh"
                            },
                            {
                                "type": "text",
                                "text": ")"
                            }
                        ]
                    },
                    {
                        "type": "rich_text_section",
                        "elements": [
                            {
                                "type": "text",
                                "text": "ignore this for now"
                            }
                        ]
                    }
                ]
            }
        ]
    },
    {
        "client_msg_id": "724370a2-e0da-43c5-8021-8f68483a4668",
        "type": "message",
        "text": "<@U010DDZ3FJR> you're not in android studio rn are you?",
        "user": "U018GF7AFJB",
        "ts": "1604530898.000500",
        "team": "TCR2U6UEM",
        "user_team": "TCR2U6UEM",
        "source_team": "TCR2U6UEM",
        "user_profile": {
            "avatar_hash": "c31861bbc361",
            "image_72": "https:\/\/avatars.slack-edge.com\/2020-08-16\/1316598132593_c31861bbc3618c961c77_72.jpg",
            "first_name": "",
            "real_name": "Nolan Vibhakar",
            "display_name": "Nolan Vibhakar",
            "team": "TCR2U6UEM",
            "name": "novib21",
            "is_restricted": false,
            "is_ultra_restricted": false
        },
        "blocks": [
            {
                "type": "rich_text",
                "block_id": "k3M",
                "elements": [
                    {
                        "type": "rich_text_section",
                        "elements": [
                            {
                                "type": "user",
                                "user_id": "U010DDZ3FJR"
                            },
                            {
                                "type": "text",
                                "text": " you're not in android studio rn are you?"
                            }
                        ]
                    }
                ]
            }
        ]
    },
    {
        "client_msg_id": "e7dd7fd6-7836-40bc-abf0-d8833254a13c",
        "type": "message",
        "text": "I'm in it rn but haven't added any new code, just fixed floobits",
        "user": "U010DDZ3FJR",
        "ts": "1604530926.001000",
        "team": "TCR2U6UEM",
        "user_team": "TCR2U6UEM",
        "source_team": "TCR2U6UEM",
        "user_profile": {
            "avatar_hash": "fda0a36a8605",
            "image_72": "https:\/\/avatars.slack-edge.com\/2020-09-18\/1386993799393_fda0a36a86053c692b20_72.jpg",
            "first_name": "Luke",
            "real_name": "Luke Aschenbrenner",
            "display_name": "Luke Aschenbrenner",
            "team": "TCR2U6UEM",
            "name": "ashbren21",
            "is_restricted": false,
            "is_ultra_restricted": false
        },
        "blocks": [
            {
                "type": "rich_text",
                "block_id": "dbpVN",
                "elements": [
                    {
                        "type": "rich_text_section",
                        "elements": [
                            {
                                "type": "text",
                                "text": "I'm in it rn but haven't added any new code, just fixed floobits"
                            }
                        ]
                    }
                ]
            }
        ]
    },
    {
        "client_msg_id": "42ef795a-73ce-401d-bdee-9a2230e80c69",
        "type": "message",
        "text": "see if you can join that",
        "user": "U010DDZ3FJR",
        "ts": "1604530930.001200",
        "team": "TCR2U6UEM",
        "user_team": "TCR2U6UEM",
        "source_team": "TCR2U6UEM",
        "user_profile": {
            "avatar_hash": "fda0a36a8605",
            "image_72": "https:\/\/avatars.slack-edge.com\/2020-09-18\/1386993799393_fda0a36a86053c692b20_72.jpg",
            "first_name": "Luke",
            "real_name": "Luke Aschenbrenner",
            "display_name": "Luke Aschenbrenner",
            "team": "TCR2U6UEM",
            "name": "ashbren21",
            "is_restricted": false,
            "is_ultra_restricted": false
        },
        "blocks": [
            {
                "type": "rich_text",
                "block_id": "weFUF",
                "elements": [
                    {
                        "type": "rich_text_section",
                        "elements": [
                            {
                                "type": "text",
                                "text": "see if you can join that"
                            }
                        ]
                    }
                ]
            }
        ]
    },
    {
        "client_msg_id": "0e915be9-edd2-4843-8783-a7a040f5c30c",
        "type": "message",
        "text": "also can you try that one command above? it should be a foolproof adb installer that does everything for you",
        "user": "U010DDZ3FJR",
        "ts": "1604530955.002300",
        "team": "TCR2U6UEM",
        "user_team": "TCR2U6UEM",
        "source_team": "TCR2U6UEM",
        "user_profile": {
            "avatar_hash": "fda0a36a8605",
            "image_72": "https:\/\/avatars.slack-edge.com\/2020-09-18\/1386993799393_fda0a36a86053c692b20_72.jpg",
            "first_name": "Luke",
            "real_name": "Luke Aschenbrenner",
            "display_name": "Luke Aschenbrenner",
            "team": "TCR2U6UEM",
            "name": "ashbren21",
            "is_restricted": false,
            "is_ultra_restricted": false
        },
        "blocks": [
            {
                "type": "rich_text",
                "block_id": "rX5m",
                "elements": [
                    {
                        "type": "rich_text_section",
                        "elements": [
                            {
                                "type": "text",
                                "text": "also can you try that one command above? it should be a foolproof adb installer that does everything for you"
                            }
                        ]
                    }
                ]
            }
        ]
    },
    {
        "client_msg_id": "36f752ab-0c31-4da2-95ce-4413d4314f91",
        "type": "message",
        "text": "Ok because I've been doing a lot of code during this meeting and just wanted to make sure we were doing it simultaneously",
        "user": "U018GF7AFJB",
        "ts": "1604530963.002600",
        "team": "TCR2U6UEM",
        "user_team": "TCR2U6UEM",
        "source_team": "TCR2U6UEM",
        "user_profile": {
            "avatar_hash": "c31861bbc361",
            "image_72": "https:\/\/avatars.slack-edge.com\/2020-08-16\/1316598132593_c31861bbc3618c961c77_72.jpg",
            "first_name": "",
            "real_name": "Nolan Vibhakar",
            "display_name": "Nolan Vibhakar",
            "team": "TCR2U6UEM",
            "name": "novib21",
            "is_restricted": false,
            "is_ultra_restricted": false
        },
        "blocks": [
            {
                "type": "rich_text",
                "block_id": "AN4",
                "elements": [
                    {
                        "type": "rich_text_section",
                        "elements": [
                            {
                                "type": "text",
                                "text": "Ok because I've been doing a lot of code during this meeting and just wanted to make sure we were doing it simultaneously"
                            }
                        ]
                    }
                ]
            }
        ]
    },
    {
        "client_msg_id": "d4034cb4-2ed1-45e0-971e-07d263a6a853",
        "type": "message",
        "text": "I'm almost done, so I'll push and then join floobits and try the command",
        "user": "U018GF7AFJB",
        "ts": "1604530977.003200",
        "team": "TCR2U6UEM",
        "user_team": "TCR2U6UEM",
        "source_team": "TCR2U6UEM",
        "user_profile": {
            "avatar_hash": "c31861bbc361",
            "image_72": "https:\/\/avatars.slack-edge.com\/2020-08-16\/1316598132593_c31861bbc3618c961c77_72.jpg",
            "first_name": "",
            "real_name": "Nolan Vibhakar",
            "display_name": "Nolan Vibhakar",
            "team": "TCR2U6UEM",
            "name": "novib21",
            "is_restricted": false,
            "is_ultra_restricted": false
        },
        "blocks": [
            {
                "type": "rich_text",
                "block_id": "hKj",
                "elements": [
                    {
                        "type": "rich_text_section",
                        "elements": [
                            {
                                "type": "text",
                                "text": "I'm almost done, so I'll push and then join floobits and try the command"
                            }
                        ]
                    }
                ]
            }
        ]
    },
    {
        "client_msg_id": "aa1b2b03-2577-49a3-ae1b-984fd1dbc16c",
        "type": "message",
        "text": "alright sounds good",
        "user": "U010DDZ3FJR",
        "ts": "1604531033.003400",
        "team": "TCR2U6UEM",
        "user_team": "TCR2U6UEM",
        "source_team": "TCR2U6UEM",
        "user_profile": {
            "avatar_hash": "fda0a36a8605",
            "image_72": "https:\/\/avatars.slack-edge.com\/2020-09-18\/1386993799393_fda0a36a86053c692b20_72.jpg",
            "first_name": "Luke",
            "real_name": "Luke Aschenbrenner",
            "display_name": "Luke Aschenbrenner",
            "team": "TCR2U6UEM",
            "name": "ashbren21",
            "is_restricted": false,
            "is_ultra_restricted": false
        },
        "blocks": [
            {
                "type": "rich_text",
                "block_id": "bVt",
                "elements": [
                    {
                        "type": "rich_text_section",
                        "elements": [
                            {
                                "type": "text",
                                "text": "alright sounds good"
                            }
                        ]
                    }
                ]
            }
        ]
    },
    {
        "client_msg_id": "65d26a1d-7660-4133-8218-a1c58786c2e1",
        "type": "message",
        "text": "Alright have pushed",
        "user": "U018GF7AFJB",
        "ts": "1604531480.003600",
        "team": "TCR2U6UEM",
        "user_team": "TCR2U6UEM",
        "source_team": "TCR2U6UEM",
        "user_profile": {
            "avatar_hash": "c31861bbc361",
            "image_72": "https:\/\/avatars.slack-edge.com\/2020-08-16\/1316598132593_c31861bbc3618c961c77_72.jpg",
            "first_name": "",
            "real_name": "Nolan Vibhakar",
            "display_name": "Nolan Vibhakar",
            "team": "TCR2U6UEM",
            "name": "novib21",
            "is_restricted": false,
            "is_ultra_restricted": false
        },
        "blocks": [
            {
                "type": "rich_text",
                "block_id": "qw5BN",
                "elements": [
                    {
                        "type": "rich_text_section",
                        "elements": [
                            {
                                "type": "text",
                                "text": "Alright have pushed"
                            }
                        ]
                    }
                ]
            }
        ]
    },
    {
        "client_msg_id": "4a782b96-7250-45a2-af49-467fdab494ba",
        "type": "message",
        "text": "Will try to connect to floobits now",
        "user": "U018GF7AFJB",
        "ts": "1604531487.004000",
        "team": "TCR2U6UEM",
        "user_team": "TCR2U6UEM",
        "source_team": "TCR2U6UEM",
        "user_profile": {
            "avatar_hash": "c31861bbc361",
            "image_72": "https:\/\/avatars.slack-edge.com\/2020-08-16\/1316598132593_c31861bbc3618c961c77_72.jpg",
            "first_name": "",
            "real_name": "Nolan Vibhakar",
            "display_name": "Nolan Vibhakar",
            "team": "TCR2U6UEM",
            "name": "novib21",
            "is_restricted": false,
            "is_ultra_restricted": false
        },
        "blocks": [
            {
                "type": "rich_text",
                "block_id": "\/oci",
                "elements": [
                    {
                        "type": "rich_text_section",
                        "elements": [
                            {
                                "type": "text",
                                "text": "Will try to connect to floobits now"
                            }
                        ]
                    }
                ]
            }
        ]
    },
    {
        "client_msg_id": "2c6daeaf-654f-4b33-9a05-b0e53bb32444",
        "type": "message",
        "text": "Ok I'm not seeing floobits under my tools",
        "user": "U018GF7AFJB",
        "ts": "1604531559.004400",
        "team": "TCR2U6UEM",
        "user_team": "TCR2U6UEM",
        "source_team": "TCR2U6UEM",
        "user_profile": {
            "avatar_hash": "c31861bbc361",
            "image_72": "https:\/\/avatars.slack-edge.com\/2020-08-16\/1316598132593_c31861bbc3618c961c77_72.jpg",
            "first_name": "",
            "real_name": "Nolan Vibhakar",
            "display_name": "Nolan Vibhakar",
            "team": "TCR2U6UEM",
            "name": "novib21",
            "is_restricted": false,
            "is_ultra_restricted": false
        },
        "blocks": [
            {
                "type": "rich_text",
                "block_id": "2Fjk\/",
                "elements": [
                    {
                        "type": "rich_text_section",
                        "elements": [
                            {
                                "type": "text",
                                "text": "Ok I'm not seeing floobits under my tools"
                            }
                        ]
                    }
                ]
            }
        ]
    },
    {
        "client_msg_id": "1d0e6264-03e4-4f6e-b6e0-3eb9eb979949",
        "type": "message",
        "text": "Luke left for work",
        "user": "U01ALNAL79C",
        "ts": "1604531582.004900",
        "team": "TCR2U6UEM",
        "user_team": "TCR2U6UEM",
        "source_team": "TCR2U6UEM",
        "user_profile": {
            "avatar_hash": "8d3a0093398e",
            "image_72": "https:\/\/avatars.slack-edge.com\/2020-09-16\/1367697021763_8d3a0093398e950c95a2_72.jpg",
            "first_name": "Brian",
            "real_name": "Brian Morris",
            "display_name": "Brian Morris",
            "team": "TCR2U6UEM",
            "name": "brmor21",
            "is_restricted": false,
            "is_ultra_restricted": false
        },
        "blocks": [
            {
                "type": "rich_text",
                "block_id": "3Xu",
                "elements": [
                    {
                        "type": "rich_text_section",
                        "elements": [
                            {
                                "type": "text",
                                "text": "Luke left for work"
                            }
                        ]
                    }
                ]
            }
        ]
    },
    {
        "client_msg_id": "32519f80-df7f-46e1-a570-0dc087380a46",
        "type": "message",
        "text": "Do I need to do that command in the terminal or in android studio",
        "user": "U018GF7AFJB",
        "ts": "1604531583.005100",
        "team": "TCR2U6UEM",
        "user_team": "TCR2U6UEM",
        "source_team": "TCR2U6UEM",
        "user_profile": {
            "avatar_hash": "c31861bbc361",
            "image_72": "https:\/\/avatars.slack-edge.com\/2020-08-16\/1316598132593_c31861bbc3618c961c77_72.jpg",
            "first_name": "",
            "real_name": "Nolan Vibhakar",
            "display_name": "Nolan Vibhakar",
            "team": "TCR2U6UEM",
            "name": "novib21",
            "is_restricted": false,
            "is_ultra_restricted": false
        },
        "blocks": [
            {
                "type": "rich_text",
                "block_id": "ZBw",
                "elements": [
                    {
                        "type": "rich_text_section",
                        "elements": [
                            {
                                "type": "text",
                                "text": "Do I need to do that command in the terminal or in android studio"
                            }
                        ]
                    }
                ]
            }
        ]
    },
    {
        "client_msg_id": "675c2578-de83-48e3-85be-f5833a59c80b",
        "type": "message",
        "text": "Oh lol",
        "user": "U018GF7AFJB",
        "ts": "1604531587.005300",
        "team": "TCR2U6UEM",
        "user_team": "TCR2U6UEM",
        "source_team": "TCR2U6UEM",
        "user_profile": {
            "avatar_hash": "c31861bbc361",
            "image_72": "https:\/\/avatars.slack-edge.com\/2020-08-16\/1316598132593_c31861bbc3618c961c77_72.jpg",
            "first_name": "",
            "real_name": "Nolan Vibhakar",
            "display_name": "Nolan Vibhakar",
            "team": "TCR2U6UEM",
            "name": "novib21",
            "is_restricted": false,
            "is_ultra_restricted": false
        },
        "blocks": [
            {
                "type": "rich_text",
                "block_id": "65W",
                "elements": [
                    {
                        "type": "rich_text_section",
                        "elements": [
                            {
                                "type": "text",
                                "text": "Oh lol"
                            }
                        ]
                    }
                ]
            }
        ]
    },
    {
        "client_msg_id": "4f2a1b56-f1bf-4d82-8f84-38c23a410f7b",
        "type": "message",
        "text": "We can talk about this next week",
        "user": "U018GF7AFJB",
        "ts": "1604531593.005700",
        "team": "TCR2U6UEM",
        "user_team": "TCR2U6UEM",
        "source_team": "TCR2U6UEM",
        "user_profile": {
            "avatar_hash": "c31861bbc361",
            "image_72": "https:\/\/avatars.slack-edge.com\/2020-08-16\/1316598132593_c31861bbc3618c961c77_72.jpg",
            "first_name": "",
            "real_name": "Nolan Vibhakar",
            "display_name": "Nolan Vibhakar",
            "team": "TCR2U6UEM",
            "name": "novib21",
            "is_restricted": false,
            "is_ultra_restricted": false
        },
        "blocks": [
            {
                "type": "rich_text",
                "block_id": "aE2H",
                "elements": [
                    {
                        "type": "rich_text_section",
                        "elements": [
                            {
                                "type": "text",
                                "text": "We can talk about this next week"
                            }
                        ]
                    }
                ]
            }
        ]
    },
    {
        "client_msg_id": "f1ede4ac-c7f3-4c7f-bb47-bcf1f9456ba7",
        "type": "message",
        "text": "Is Floobits installed?",
        "user": "U01ALNAL79C",
        "ts": "1604531594.005800",
        "team": "TCR2U6UEM",
        "user_team": "TCR2U6UEM",
        "source_team": "TCR2U6UEM",
        "user_profile": {
            "avatar_hash": "8d3a0093398e",
            "image_72": "https:\/\/avatars.slack-edge.com\/2020-09-16\/1367697021763_8d3a0093398e950c95a2_72.jpg",
            "first_name": "Brian",
            "real_name": "Brian Morris",
            "display_name": "Brian Morris",
            "team": "TCR2U6UEM",
            "name": "brmor21",
            "is_restricted": false,
            "is_ultra_restricted": false
        },
        "blocks": [
            {
                "type": "rich_text",
                "block_id": "hKGL",
                "elements": [
                    {
                        "type": "rich_text_section",
                        "elements": [
                            {
                                "type": "text",
                                "text": "Is Floobits installed?"
                            }
                        ]
                    }
                ]
            }
        ]
    },
    {
        "client_msg_id": "08c5013a-d359-491c-88d3-a552ee07286b",
        "type": "message",
        "text": "there should be like a Floobits option in the same tab as Git",
        "user": "U01ALNAL79C",
        "ts": "1604531625.006100",
        "team": "TCR2U6UEM",
        "user_team": "TCR2U6UEM",
        "source_team": "TCR2U6UEM",
        "user_profile": {
            "avatar_hash": "8d3a0093398e",
            "image_72": "https:\/\/avatars.slack-edge.com\/2020-09-16\/1367697021763_8d3a0093398e950c95a2_72.jpg",
            "first_name": "Brian",
            "real_name": "Brian Morris",
            "display_name": "Brian Morris",
            "team": "TCR2U6UEM",
            "name": "brmor21",
            "is_restricted": false,
            "is_ultra_restricted": false
        },
        "blocks": [
            {
                "type": "rich_text",
                "block_id": "+wx+",
                "elements": [
                    {
                        "type": "rich_text_section",
                        "elements": [
                            {
                                "type": "text",
                                "text": "there should be like a Floobits option in the same tab as Git"
                            }
                        ]
                    }
                ]
            }
        ]
    },
    {
        "client_msg_id": "b4f90007-6e51-4767-9e7b-5d0b47da1f0b",
        "type": "message",
        "text": "then you should be able to join workspace by url",
        "user": "U01ALNAL79C",
        "ts": "1604531638.006600",
        "team": "TCR2U6UEM",
        "user_team": "TCR2U6UEM",
        "source_team": "TCR2U6UEM",
        "user_profile": {
            "avatar_hash": "8d3a0093398e",
            "image_72": "https:\/\/avatars.slack-edge.com\/2020-09-16\/1367697021763_8d3a0093398e950c95a2_72.jpg",
            "first_name": "Brian",
            "real_name": "Brian Morris",
            "display_name": "Brian Morris",
            "team": "TCR2U6UEM",
            "name": "brmor21",
            "is_restricted": false,
            "is_ultra_restricted": false
        },
        "blocks": [
            {
                "type": "rich_text",
                "block_id": "hUFS6",
                "elements": [
                    {
                        "type": "rich_text_section",
                        "elements": [
                            {
                                "type": "text",
                                "text": "then you should be able to join workspace by url"
                            }
                        ]
                    }
                ]
            }
        ]
    },
    {
        "client_msg_id": "2242c267-d86b-4d89-add1-79a42496af88",
        "type": "message",
        "text": "Yeah I know but there isnt",
        "user": "U018GF7AFJB",
        "ts": "1604531639.006700",
        "team": "TCR2U6UEM",
        "user_team": "TCR2U6UEM",
        "source_team": "TCR2U6UEM",
        "user_profile": {
            "avatar_hash": "c31861bbc361",
            "image_72": "https:\/\/avatars.slack-edge.com\/2020-08-16\/1316598132593_c31861bbc3618c961c77_72.jpg",
            "first_name": "",
            "real_name": "Nolan Vibhakar",
            "display_name": "Nolan Vibhakar",
            "team": "TCR2U6UEM",
            "name": "novib21",
            "is_restricted": false,
            "is_ultra_restricted": false
        },
        "blocks": [
            {
                "type": "rich_text",
                "block_id": "YpR",
                "elements": [
                    {
                        "type": "rich_text_section",
                        "elements": [
                            {
                                "type": "text",
                                "text": "Yeah I know but there isnt"
                            }
                        ]
                    }
                ]
            }
        ]
    },
    {
        "client_msg_id": "fa698b15-7340-4bf0-b382-7cbc83c3e150",
        "type": "message",
        "text": "also Luke and I discussed the YT channel idea",
        "user": "U01ALNAL79C",
        "ts": "1604531660.007100",
        "team": "TCR2U6UEM",
        "user_team": "TCR2U6UEM",
        "source_team": "TCR2U6UEM",
        "user_profile": {
            "avatar_hash": "8d3a0093398e",
            "image_72": "https:\/\/avatars.slack-edge.com\/2020-09-16\/1367697021763_8d3a0093398e950c95a2_72.jpg",
            "first_name": "Brian",
            "real_name": "Brian Morris",
            "display_name": "Brian Morris",
            "team": "TCR2U6UEM",
            "name": "brmor21",
            "is_restricted": false,
            "is_ultra_restricted": false
        },
        "blocks": [
            {
                "type": "rich_text",
                "block_id": "AiRh5",
                "elements": [
                    {
                        "type": "rich_text_section",
                        "elements": [
                            {
                                "type": "text",
                                "text": "also Luke and I discussed the YT channel idea"
                            }
                        ]
                    }
                ]
            }
        ]
    },
    {
        "client_msg_id": "5f1bfc17-e3e8-4c63-9fd0-bff97e011a84",
        "type": "message",
        "text": "we already got some ideas for potential videos",
        "user": "U01ALNAL79C",
        "ts": "1604531680.007300",
        "team": "TCR2U6UEM",
        "user_team": "TCR2U6UEM",
        "source_team": "TCR2U6UEM",
        "user_profile": {
            "avatar_hash": "8d3a0093398e",
            "image_72": "https:\/\/avatars.slack-edge.com\/2020-09-16\/1367697021763_8d3a0093398e950c95a2_72.jpg",
            "first_name": "Brian",
            "real_name": "Brian Morris",
            "display_name": "Brian Morris",
            "team": "TCR2U6UEM",
            "name": "brmor21",
            "is_restricted": false,
            "is_ultra_restricted": false
        },
        "blocks": [
            {
                "type": "rich_text",
                "block_id": "N+c",
                "elements": [
                    {
                        "type": "rich_text_section",
                        "elements": [
                            {
                                "type": "text",
                                "text": "we already got some ideas for potential videos"
                            }
                        ]
                    }
                ]
            }
        ]
    },
    {
        "client_msg_id": "267113a2-eb58-48ac-af2b-1ac47859adbf",
        "type": "message",
        "text": "I'm down",
        "user": "U018GF7AFJB",
        "ts": "1604531685.007500",
        "team": "TCR2U6UEM",
        "user_team": "TCR2U6UEM",
        "source_team": "TCR2U6UEM",
        "user_profile": {
            "avatar_hash": "c31861bbc361",
            "image_72": "https:\/\/avatars.slack-edge.com\/2020-08-16\/1316598132593_c31861bbc3618c961c77_72.jpg",
            "first_name": "",
            "real_name": "Nolan Vibhakar",
            "display_name": "Nolan Vibhakar",
            "team": "TCR2U6UEM",
            "name": "novib21",
            "is_restricted": false,
            "is_ultra_restricted": false
        },
        "blocks": [
            {
                "type": "rich_text",
                "block_id": "1RSr+",
                "elements": [
                    {
                        "type": "rich_text_section",
                        "elements": [
                            {
                                "type": "text",
                                "text": "I'm down"
                            }
                        ]
                    }
                ]
            }
        ]
    },
    {
        "client_msg_id": "c6af7516-29c6-4a5f-bbe8-f379fba65ccb",
        "type": "message",
        "text": "We can livestream all of our matches",
        "user": "U018GF7AFJB",
        "ts": "1604531694.008000",
        "team": "TCR2U6UEM",
        "user_team": "TCR2U6UEM",
        "source_team": "TCR2U6UEM",
        "user_profile": {
            "avatar_hash": "c31861bbc361",
            "image_72": "https:\/\/avatars.slack-edge.com\/2020-08-16\/1316598132593_c31861bbc3618c961c77_72.jpg",
            "first_name": "",
            "real_name": "Nolan Vibhakar",
            "display_name": "Nolan Vibhakar",
            "team": "TCR2U6UEM",
            "name": "novib21",
            "is_restricted": false,
            "is_ultra_restricted": false
        },
        "blocks": [
            {
                "type": "rich_text",
                "block_id": "rzWI",
                "elements": [
                    {
                        "type": "rich_text_section",
                        "elements": [
                            {
                                "type": "text",
                                "text": "We can livestream all of our matches"
                            }
                        ]
                    }
                ]
            }
        ]
    },
    {
        "client_msg_id": "41b81ab2-0101-4984-8df6-831300691747",
        "type": "message",
        "text": "lol sure",
        "user": "U01ALNAL79C",
        "ts": "1604531700.008200",
        "team": "TCR2U6UEM",
        "user_team": "TCR2U6UEM",
        "source_team": "TCR2U6UEM",
        "user_profile": {
            "avatar_hash": "8d3a0093398e",
            "image_72": "https:\/\/avatars.slack-edge.com\/2020-09-16\/1367697021763_8d3a0093398e950c95a2_72.jpg",
            "first_name": "Brian",
            "real_name": "Brian Morris",
            "display_name": "Brian Morris",
            "team": "TCR2U6UEM",
            "name": "brmor21",
            "is_restricted": false,
            "is_ultra_restricted": false
        },
        "blocks": [
            {
                "type": "rich_text",
                "block_id": "oNOXW",
                "elements": [
                    {
                        "type": "rich_text_section",
                        "elements": [
                            {
                                "type": "text",
                                "text": "lol sure"
                            }
                        ]
                    }
                ]
            }
        ]
    },
    {
        "client_msg_id": "9cec8cd1-fa29-4d3a-b2cf-da98526186f7",
        "type": "message",
        "text": "Luke said we had a specific gmail",
        "user": "U01ALNAL79C",
        "ts": "1604531714.008800",
        "team": "TCR2U6UEM",
        "user_team": "TCR2U6UEM",
        "source_team": "TCR2U6UEM",
        "user_profile": {
            "avatar_hash": "8d3a0093398e",
            "image_72": "https:\/\/avatars.slack-edge.com\/2020-09-16\/1367697021763_8d3a0093398e950c95a2_72.jpg",
            "first_name": "Brian",
            "real_name": "Brian Morris",
            "display_name": "Brian Morris",
            "team": "TCR2U6UEM",
            "name": "brmor21",
            "is_restricted": false,
            "is_ultra_restricted": false
        },
        "blocks": [
            {
                "type": "rich_text",
                "block_id": "82UFO",
                "elements": [
                    {
                        "type": "rich_text_section",
                        "elements": [
                            {
                                "type": "text",
                                "text": "Luke said we had a specific gmail"
                            }
                        ]
                    }
                ]
            }
        ]
    },
    {
        "client_msg_id": "d0acf841-db0e-428c-ac39-05623508bcdd",
        "type": "message",
        "text": "We can do demonstration videos of the robot, and various coding lessons and stuff",
        "user": "U018GF7AFJB",
        "ts": "1604531721.009300",
        "team": "TCR2U6UEM",
        "user_team": "TCR2U6UEM",
        "source_team": "TCR2U6UEM",
        "user_profile": {
            "avatar_hash": "c31861bbc361",
            "image_72": "https:\/\/avatars.slack-edge.com\/2020-08-16\/1316598132593_c31861bbc3618c961c77_72.jpg",
            "first_name": "",
            "real_name": "Nolan Vibhakar",
            "display_name": "Nolan Vibhakar",
            "team": "TCR2U6UEM",
            "name": "novib21",
            "is_restricted": false,
            "is_ultra_restricted": false
        },
        "blocks": [
            {
                "type": "rich_text",
                "block_id": "Xcl",
                "elements": [
                    {
                        "type": "rich_text_section",
                        "elements": [
                            {
                                "type": "text",
                                "text": "We can do demonstration videos of the robot, and various coding lessons and stuff"
                            }
                        ]
                    }
                ]
            }
        ]
    },
    {
        "client_msg_id": "d785ffb2-1edf-45de-8733-abeed19dd864",
        "type": "message",
        "text": "but he didn't know the stuff for it",
        "user": "U01ALNAL79C",
        "ts": "1604531723.009400",
        "team": "TCR2U6UEM",
        "user_team": "TCR2U6UEM",
        "source_team": "TCR2U6UEM",
        "user_profile": {
            "avatar_hash": "8d3a0093398e",
            "image_72": "https:\/\/avatars.slack-edge.com\/2020-09-16\/1367697021763_8d3a0093398e950c95a2_72.jpg",
            "first_name": "Brian",
            "real_name": "Brian Morris",
            "display_name": "Brian Morris",
            "team": "TCR2U6UEM",
            "name": "brmor21",
            "is_restricted": false,
            "is_ultra_restricted": false
        },
        "blocks": [
            {
                "type": "rich_text",
                "block_id": "gQy",
                "elements": [
                    {
                        "type": "rich_text_section",
                        "elements": [
                            {
                                "type": "text",
                                "text": "but he didn't know the stuff for it"
                            }
                        ]
                    }
                ]
            }
        ]
    },
    {
        "client_msg_id": "3a9bf5c1-8220-4955-8e72-41642a6dc250",
        "type": "message",
        "text": "Ask robbie about the gmail",
        "user": "U018GF7AFJB",
        "ts": "1604531729.009800",
        "team": "TCR2U6UEM",
        "user_team": "TCR2U6UEM",
        "source_team": "TCR2U6UEM",
        "user_profile": {
            "avatar_hash": "c31861bbc361",
            "image_72": "https:\/\/avatars.slack-edge.com\/2020-08-16\/1316598132593_c31861bbc3618c961c77_72.jpg",
            "first_name": "",
            "real_name": "Nolan Vibhakar",
            "display_name": "Nolan Vibhakar",
            "team": "TCR2U6UEM",
            "name": "novib21",
            "is_restricted": false,
            "is_ultra_restricted": false
        },
        "blocks": [
            {
                "type": "rich_text",
                "block_id": "ZeK",
                "elements": [
                    {
                        "type": "rich_text_section",
                        "elements": [
                            {
                                "type": "text",
                                "text": "Ask robbie about the gmail"
                            }
                        ]
                    }
                ]
            }
        ]
    },
    {
        "client_msg_id": "ffc44fb1-ae3b-430e-bf82-c50b51d89c4f",
        "type": "message",
        "text": "we could always do simple stuff as well",
        "user": "U01ALNAL79C",
        "ts": "1604531742.010100",
        "team": "TCR2U6UEM",
        "user_team": "TCR2U6UEM",
        "source_team": "TCR2U6UEM",
        "user_profile": {
            "avatar_hash": "8d3a0093398e",
            "image_72": "https:\/\/avatars.slack-edge.com\/2020-09-16\/1367697021763_8d3a0093398e950c95a2_72.jpg",
            "first_name": "Brian",
            "real_name": "Brian Morris",
            "display_name": "Brian Morris",
            "team": "TCR2U6UEM",
            "name": "brmor21",
            "is_restricted": false,
            "is_ultra_restricted": false
        },
        "blocks": [
            {
                "type": "rich_text",
                "block_id": "zBdMg",
                "elements": [
                    {
                        "type": "rich_text_section",
                        "elements": [
                            {
                                "type": "text",
                                "text": "we could always do simple stuff as well"
                            }
                        ]
                    }
                ]
            }
        ]
    },
    {
        "client_msg_id": "35b603c6-118a-4176-9ea0-12ccef778434",
        "type": "message",
        "text": "like how to DL Android Studio, and set up the SDK things like that",
        "user": "U01ALNAL79C",
        "ts": "1604531755.010500",
        "team": "TCR2U6UEM",
        "user_team": "TCR2U6UEM",
        "source_team": "TCR2U6UEM",
        "user_profile": {
            "avatar_hash": "8d3a0093398e",
            "image_72": "https:\/\/avatars.slack-edge.com\/2020-09-16\/1367697021763_8d3a0093398e950c95a2_72.jpg",
            "first_name": "Brian",
            "real_name": "Brian Morris",
            "display_name": "Brian Morris",
            "team": "TCR2U6UEM",
            "name": "brmor21",
            "is_restricted": false,
            "is_ultra_restricted": false
        },
        "blocks": [
            {
                "type": "rich_text",
                "block_id": "RX+B8",
                "elements": [
                    {
                        "type": "rich_text_section",
                        "elements": [
                            {
                                "type": "text",
                                "text": "like how to DL Android Studio, and set up the SDK things like that"
                            }
                        ]
                    }
                ]
            }
        ]
    },
    {
        "client_msg_id": "aec03ea2-b2ac-4186-a0e6-bf4e571b5949",
        "type": "message",
        "text": "yeah sorry I gotta go for work",
        "user": "U010DDZ3FJR",
        "ts": "1604531766.010700",
        "team": "TCR2U6UEM",
        "user_team": "TCR2U6UEM",
        "source_team": "TCR2U6UEM",
        "user_profile": {
            "avatar_hash": "fda0a36a8605",
            "image_72": "https:\/\/avatars.slack-edge.com\/2020-09-18\/1386993799393_fda0a36a86053c692b20_72.jpg",
            "first_name": "Luke",
            "real_name": "Luke Aschenbrenner",
            "display_name": "Luke Aschenbrenner",
            "team": "TCR2U6UEM",
            "name": "ashbren21",
            "is_restricted": false,
            "is_ultra_restricted": false
        },
        "blocks": [
            {
                "type": "rich_text",
                "block_id": "J2Jda",
                "elements": [
                    {
                        "type": "rich_text_section",
                        "elements": [
                            {
                                "type": "text",
                                "text": "yeah sorry I gotta go for work"
                            }
                        ]
                    }
                ]
            }
        ]
    },
    {
        "client_msg_id": "354e7965-0ea9-4363-934f-f9eb1210d1b5",
        "type": "message",
        "text": "but I'll catch up with you guys later",
        "user": "U010DDZ3FJR",
        "ts": "1604531774.010900",
        "team": "TCR2U6UEM",
        "user_team": "TCR2U6UEM",
        "source_team": "TCR2U6UEM",
        "user_profile": {
            "avatar_hash": "fda0a36a8605",
            "image_72": "https:\/\/avatars.slack-edge.com\/2020-09-18\/1386993799393_fda0a36a86053c692b20_72.jpg",
            "first_name": "Luke",
            "real_name": "Luke Aschenbrenner",
            "display_name": "Luke Aschenbrenner",
            "team": "TCR2U6UEM",
            "name": "ashbren21",
            "is_restricted": false,
            "is_ultra_restricted": false
        },
        "blocks": [
            {
                "type": "rich_text",
                "block_id": "bDRJ",
                "elements": [
                    {
                        "type": "rich_text_section",
                        "elements": [
                            {
                                "type": "text",
                                "text": "but I'll catch up with you guys later"
                            }
                        ]
                    }
                ]
            }
        ]
    },
    {
        "client_msg_id": "10ed037a-0e73-4412-b53d-47963471299a",
        "type": "message",
        "text": "Yeah no worries",
        "user": "U018GF7AFJB",
        "ts": "1604531798.011400",
        "team": "TCR2U6UEM",
        "user_team": "TCR2U6UEM",
        "source_team": "TCR2U6UEM",
        "user_profile": {
            "avatar_hash": "c31861bbc361",
            "image_72": "https:\/\/avatars.slack-edge.com\/2020-08-16\/1316598132593_c31861bbc3618c961c77_72.jpg",
            "first_name": "",
            "real_name": "Nolan Vibhakar",
            "display_name": "Nolan Vibhakar",
            "team": "TCR2U6UEM",
            "name": "novib21",
            "is_restricted": false,
            "is_ultra_restricted": false
        },
        "blocks": [
            {
                "type": "rich_text",
                "block_id": "Mf2xT",
                "elements": [
                    {
                        "type": "rich_text_section",
                        "elements": [
                            {
                                "type": "text",
                                "text": "Yeah no worries"
                            }
                        ]
                    }
                ]
            }
        ]
    },
    {
        "client_msg_id": "909b30cb-e9ab-493a-813d-201e22a1ceff",
        "type": "message",
        "text": "I've been updating the log for today as well",
        "user": "U01ALNAL79C",
        "ts": "1604531860.012200",
        "team": "TCR2U6UEM",
        "user_team": "TCR2U6UEM",
        "source_team": "TCR2U6UEM",
        "user_profile": {
            "avatar_hash": "8d3a0093398e",
            "image_72": "https:\/\/avatars.slack-edge.com\/2020-09-16\/1367697021763_8d3a0093398e950c95a2_72.jpg",
            "first_name": "Brian",
            "real_name": "Brian Morris",
            "display_name": "Brian Morris",
            "team": "TCR2U6UEM",
            "name": "brmor21",
            "is_restricted": false,
            "is_ultra_restricted": false
        },
        "blocks": [
            {
                "type": "rich_text",
                "block_id": "I9q",
                "elements": [
                    {
                        "type": "rich_text_section",
                        "elements": [
                            {
                                "type": "text",
                                "text": "I've been updating the log for today as well"
                            }
                        ]
                    }
                ]
            }
        ]
    },
    {
        "client_msg_id": "879ed261-0a55-4043-a0be-132262ea9795",
        "type": "message",
        "text": "We got a lot of progress done and can look at the other stuff next week",
        "user": "U018GF7AFJB",
        "ts": "1604531866.012500",
        "team": "TCR2U6UEM",
        "user_team": "TCR2U6UEM",
        "source_team": "TCR2U6UEM",
        "user_profile": {
            "avatar_hash": "c31861bbc361",
            "image_72": "https:\/\/avatars.slack-edge.com\/2020-08-16\/1316598132593_c31861bbc3618c961c77_72.jpg",
            "first_name": "",
            "real_name": "Nolan Vibhakar",
            "display_name": "Nolan Vibhakar",
            "team": "TCR2U6UEM",
            "name": "novib21",
            "is_restricted": false,
            "is_ultra_restricted": false
        },
        "blocks": [
            {
                "type": "rich_text",
                "block_id": "RWhe",
                "elements": [
                    {
                        "type": "rich_text_section",
                        "elements": [
                            {
                                "type": "text",
                                "text": "We got a lot of progress done and can look at the other stuff next week"
                            }
                        ]
                    }
                ]
            }
        ]
    },
    {
        "client_msg_id": "234b3218-43d0-4bea-86ce-b0f43684d3a8",
        "type": "message",
        "text": "yeah",
        "user": "U01ALNAL79C",
        "ts": "1604531871.012800",
        "team": "TCR2U6UEM",
        "user_team": "TCR2U6UEM",
        "source_team": "TCR2U6UEM",
        "user_profile": {
            "avatar_hash": "8d3a0093398e",
            "image_72": "https:\/\/avatars.slack-edge.com\/2020-09-16\/1367697021763_8d3a0093398e950c95a2_72.jpg",
            "first_name": "Brian",
            "real_name": "Brian Morris",
            "display_name": "Brian Morris",
            "team": "TCR2U6UEM",
            "name": "brmor21",
            "is_restricted": false,
            "is_ultra_restricted": false
        },
        "blocks": [
            {
                "type": "rich_text",
                "block_id": "w1E",
                "elements": [
                    {
                        "type": "rich_text_section",
                        "elements": [
                            {
                                "type": "text",
                                "text": "yeah"
                            }
                        ]
                    }
                ]
            }
        ]
    },
    {
        "client_msg_id": "3a67f7e6-65b5-44aa-8503-69c98988260e",
        "type": "message",
        "text": "Yeah I'll come in and talk about specifically what I did in the code brian",
        "user": "U018GF7AFJB",
        "ts": "1604531880.013300",
        "team": "TCR2U6UEM",
        "user_team": "TCR2U6UEM",
        "source_team": "TCR2U6UEM",
        "user_profile": {
            "avatar_hash": "c31861bbc361",
            "image_72": "https:\/\/avatars.slack-edge.com\/2020-08-16\/1316598132593_c31861bbc3618c961c77_72.jpg",
            "first_name": "",
            "real_name": "Nolan Vibhakar",
            "display_name": "Nolan Vibhakar",
            "team": "TCR2U6UEM",
            "name": "novib21",
            "is_restricted": false,
            "is_ultra_restricted": false
        },
        "blocks": [
            {
                "type": "rich_text",
                "block_id": "lv7A5",
                "elements": [
                    {
                        "type": "rich_text_section",
                        "elements": [
                            {
                                "type": "text",
                                "text": "Yeah I'll come in and talk about specifically what I did in the code brian"
                            }
                        ]
                    }
                ]
            }
        ]
    },
    {
        "client_msg_id": "e67cd80b-5bce-46b1-afe2-21789e8d144f",
        "type": "message",
        "text": "so ig for now just brainstorm ideas for videos and we need to get what the gmail is",
        "user": "U01ALNAL79C",
        "ts": "1604531900.013700",
        "team": "TCR2U6UEM",
        "user_team": "TCR2U6UEM",
        "source_team": "TCR2U6UEM",
        "user_profile": {
            "avatar_hash": "8d3a0093398e",
            "image_72": "https:\/\/avatars.slack-edge.com\/2020-09-16\/1367697021763_8d3a0093398e950c95a2_72.jpg",
            "first_name": "Brian",
            "real_name": "Brian Morris",
            "display_name": "Brian Morris",
            "team": "TCR2U6UEM",
            "name": "brmor21",
            "is_restricted": false,
            "is_ultra_restricted": false
        },
        "blocks": [
            {
                "type": "rich_text",
                "block_id": "xcFW",
                "elements": [
                    {
                        "type": "rich_text_section",
                        "elements": [
                            {
                                "type": "text",
                                "text": "so ig for now just brainstorm ideas for videos and we need to get what the gmail is"
                            }
                        ]
                    }
                ]
            }
        ]
    },
    {
        "client_msg_id": "871107f7-8adb-4fd0-95ef-08eb1c3fb3ba",
        "type": "message",
        "text": "ok",
        "user": "U01ALNAL79C",
        "ts": "1604531906.013900",
        "team": "TCR2U6UEM",
        "user_team": "TCR2U6UEM",
        "source_team": "TCR2U6UEM",
        "user_profile": {
            "avatar_hash": "8d3a0093398e",
            "image_72": "https:\/\/avatars.slack-edge.com\/2020-09-16\/1367697021763_8d3a0093398e950c95a2_72.jpg",
            "first_name": "Brian",
            "real_name": "Brian Morris",
            "display_name": "Brian Morris",
            "team": "TCR2U6UEM",
            "name": "brmor21",
            "is_restricted": false,
            "is_ultra_restricted": false
        },
        "blocks": [
            {
                "type": "rich_text",
                "block_id": "aBj",
                "elements": [
                    {
                        "type": "rich_text_section",
                        "elements": [
                            {
                                "type": "text",
                                "text": "ok"
                            }
                        ]
                    }
                ]
            }
        ]
    },
    {
        "client_msg_id": "d439bb60-3511-4d92-bfa6-b3ff200b2fd5",
        "type": "message",
        "text": "<@U016G7WR3KJ>",
        "user": "U018GF7AFJB",
        "ts": "1604531913.014100",
        "team": "TCR2U6UEM",
        "user_team": "TCR2U6UEM",
        "source_team": "TCR2U6UEM",
        "user_profile": {
            "avatar_hash": "c31861bbc361",
            "image_72": "https:\/\/avatars.slack-edge.com\/2020-08-16\/1316598132593_c31861bbc3618c961c77_72.jpg",
            "first_name": "",
            "real_name": "Nolan Vibhakar",
            "display_name": "Nolan Vibhakar",
            "team": "TCR2U6UEM",
            "name": "novib21",
            "is_restricted": false,
            "is_ultra_restricted": false
        },
        "blocks": [
            {
                "type": "rich_text",
                "block_id": "ffd",
                "elements": [
                    {
                        "type": "rich_text_section",
                        "elements": [
                            {
                                "type": "user",
                                "user_id": "U016G7WR3KJ"
                            }
                        ]
                    }
                ]
            }
        ]
    },
    {
        "client_msg_id": "86f0265c-6271-448f-97a6-df9a78e985fa",
        "type": "message",
        "text": "Gmail info?",
        "user": "U018GF7AFJB",
        "ts": "1604531918.014400",
        "team": "TCR2U6UEM",
        "user_team": "TCR2U6UEM",
        "source_team": "TCR2U6UEM",
        "user_profile": {
            "avatar_hash": "c31861bbc361",
            "image_72": "https:\/\/avatars.slack-edge.com\/2020-08-16\/1316598132593_c31861bbc3618c961c77_72.jpg",
            "first_name": "",
            "real_name": "Nolan Vibhakar",
            "display_name": "Nolan Vibhakar",
            "team": "TCR2U6UEM",
            "name": "novib21",
            "is_restricted": false,
            "is_ultra_restricted": false
        },
        "blocks": [
            {
                "type": "rich_text",
                "block_id": "dBe",
                "elements": [
                    {
                        "type": "rich_text_section",
                        "elements": [
                            {
                                "type": "text",
                                "text": "Gmail info?"
                            }
                        ]
                    }
                ]
            }
        ]
    },
    {
        "client_msg_id": "b3bc1d84-c263-4e39-b6be-a81b5dff929f",
        "type": "message",
        "text": "We're wanting to do the YouTube channel idea)",
        "user": "U01ALNAL79C",
        "ts": "1604531931.014700",
        "team": "TCR2U6UEM",
        "user_team": "TCR2U6UEM",
        "source_team": "TCR2U6UEM",
        "user_profile": {
            "avatar_hash": "8d3a0093398e",
            "image_72": "https:\/\/avatars.slack-edge.com\/2020-09-16\/1367697021763_8d3a0093398e950c95a2_72.jpg",
            "first_name": "Brian",
            "real_name": "Brian Morris",
            "display_name": "Brian Morris",
            "team": "TCR2U6UEM",
            "name": "brmor21",
            "is_restricted": false,
            "is_ultra_restricted": false
        },
        "blocks": [
            {
                "type": "rich_text",
                "block_id": "3DR",
                "elements": [
                    {
                        "type": "rich_text_section",
                        "elements": [
                            {
                                "type": "text",
                                "text": "We're wanting to do the YouTube channel idea)"
                            }
                        ]
                    }
                ]
            }
        ]
    },
    {
        "client_msg_id": "aaef3bbf-0792-4b05-947f-1548b046deb9",
        "type": "message",
        "text": "What nolan",
        "user": "U016G7WR3KJ",
        "ts": "1604531943.014900",
        "team": "TCR2U6UEM",
        "user_team": "TCR2U6UEM",
        "source_team": "TCR2U6UEM",
        "user_profile": {
            "avatar_hash": "bbe6b64d1e6f",
            "image_72": "https:\/\/avatars.slack-edge.com\/2020-09-12\/1359637227778_bbe6b64d1e6f191982dd_72.jpg",
            "first_name": "Robbie",
            "real_name": "Robbie Thibodeau",
            "display_name": "Robbie Thibodeau",
            "team": "TCR2U6UEM",
            "name": "rgtthibodeau",
            "is_restricted": false,
            "is_ultra_restricted": false
        },
        "blocks": [
            {
                "type": "rich_text",
                "block_id": "nSdk",
                "elements": [
                    {
                        "type": "rich_text_section",
                        "elements": [
                            {
                                "type": "text",
                                "text": "What nolan"
                            }
                        ]
                    }
                ]
            }
        ]
    },
    {
        "client_msg_id": "4042373a-c967-4dd7-bc0c-8bb6e2beb08e",
        "type": "message",
        "text": "\"We're wanting to do the YouTube channel idea\"",
        "user": "U01ALNAL79C",
        "ts": "1604531953.015100",
        "team": "TCR2U6UEM",
        "user_team": "TCR2U6UEM",
        "source_team": "TCR2U6UEM",
        "user_profile": {
            "avatar_hash": "8d3a0093398e",
            "image_72": "https:\/\/avatars.slack-edge.com\/2020-09-16\/1367697021763_8d3a0093398e950c95a2_72.jpg",
            "first_name": "Brian",
            "real_name": "Brian Morris",
            "display_name": "Brian Morris",
            "team": "TCR2U6UEM",
            "name": "brmor21",
            "is_restricted": false,
            "is_ultra_restricted": false
        },
        "blocks": [
            {
                "type": "rich_text",
                "block_id": "4XY\/",
                "elements": [
                    {
                        "type": "rich_text_section",
                        "elements": [
                            {
                                "type": "text",
                                "text": "\"We're wanting to do the YouTube channel idea\""
                            }
                        ]
                    }
                ]
            }
        ]
    },
    {
        "client_msg_id": "89dac5b0-ff40-4156-9091-e01d0eff4b34",
        "type": "message",
        "text": "Oh",
        "user": "U016G7WR3KJ",
        "ts": "1604531957.015400",
        "team": "TCR2U6UEM",
        "user_team": "TCR2U6UEM",
        "source_team": "TCR2U6UEM",
        "user_profile": {
            "avatar_hash": "bbe6b64d1e6f",
            "image_72": "https:\/\/avatars.slack-edge.com\/2020-09-12\/1359637227778_bbe6b64d1e6f191982dd_72.jpg",
            "first_name": "Robbie",
            "real_name": "Robbie Thibodeau",
            "display_name": "Robbie Thibodeau",
            "team": "TCR2U6UEM",
            "name": "rgtthibodeau",
            "is_restricted": false,
            "is_ultra_restricted": false
        },
        "blocks": [
            {
                "type": "rich_text",
                "block_id": "6QxPw",
                "elements": [
                    {
                        "type": "rich_text_section",
                        "elements": [
                            {
                                "type": "text",
                                "text": "Oh"
                            }
                        ]
                    }
                ]
            }
        ]
    },
    {
        "client_msg_id": "04be4842-4419-4dcb-88f7-c32c4a3adc03",
        "type": "message",
        "text": "Like wizards.exe",
        "user": "U016G7WR3KJ",
        "ts": "1604531969.015800",
        "team": "TCR2U6UEM",
        "user_team": "TCR2U6UEM",
        "source_team": "TCR2U6UEM",
        "user_profile": {
            "avatar_hash": "bbe6b64d1e6f",
            "image_72": "https:\/\/avatars.slack-edge.com\/2020-09-12\/1359637227778_bbe6b64d1e6f191982dd_72.jpg",
            "first_name": "Robbie",
            "real_name": "Robbie Thibodeau",
            "display_name": "Robbie Thibodeau",
            "team": "TCR2U6UEM",
            "name": "rgtthibodeau",
            "is_restricted": false,
            "is_ultra_restricted": false
        },
        "blocks": [
            {
                "type": "rich_text",
                "block_id": "YPP",
                "elements": [
                    {
                        "type": "rich_text_section",
                        "elements": [
                            {
                                "type": "text",
                                "text": "Like wizards.exe"
                            }
                        ]
                    }
                ]
            }
        ]
    },
    {
        "client_msg_id": "984c31d3-1c79-42d0-84a5-e836513bdaff",
        "type": "message",
        "text": "Email is <mailto:rawbacon8743@gmail.com|rawbacon8743@gmail.com>",
        "user": "U016G7WR3KJ",
        "ts": "1604531999.016700",
        "team": "TCR2U6UEM",
        "user_team": "TCR2U6UEM",
        "source_team": "TCR2U6UEM",
        "user_profile": {
            "avatar_hash": "bbe6b64d1e6f",
            "image_72": "https:\/\/avatars.slack-edge.com\/2020-09-12\/1359637227778_bbe6b64d1e6f191982dd_72.jpg",
            "first_name": "Robbie",
            "real_name": "Robbie Thibodeau",
            "display_name": "Robbie Thibodeau",
            "team": "TCR2U6UEM",
            "name": "rgtthibodeau",
            "is_restricted": false,
            "is_ultra_restricted": false
        },
        "blocks": [
            {
                "type": "rich_text",
                "block_id": "4WcGv",
                "elements": [
                    {
                        "type": "rich_text_section",
                        "elements": [
                            {
                                "type": "text",
                                "text": "Email is "
                            },
                            {
                                "type": "link",
                                "url": "mailto:rawbacon8743@gmail.com",
                                "text": "rawbacon8743@gmail.com"
                            }
                        ]
                    }
                ]
            }
        ]
    },
    {
        "client_msg_id": "fdd6256e-3736-45d3-a79e-e756d8778738",
        "type": "message",
        "text": "Password is first8743",
        "user": "U016G7WR3KJ",
        "ts": "1604532041.018000",
        "team": "TCR2U6UEM",
        "user_team": "TCR2U6UEM",
        "source_team": "TCR2U6UEM",
        "user_profile": {
            "avatar_hash": "bbe6b64d1e6f",
            "image_72": "https:\/\/avatars.slack-edge.com\/2020-09-12\/1359637227778_bbe6b64d1e6f191982dd_72.jpg",
            "first_name": "Robbie",
            "real_name": "Robbie Thibodeau",
            "display_name": "Robbie Thibodeau",
            "team": "TCR2U6UEM",
            "name": "rgtthibodeau",
            "is_restricted": false,
            "is_ultra_restricted": false
        },
        "blocks": [
            {
                "type": "rich_text",
                "block_id": "tGM",
                "elements": [
                    {
                        "type": "rich_text_section",
                        "elements": [
                            {
                                "type": "text",
                                "text": "Password is first8743"
                            }
                        ]
                    }
                ]
            }
        ]
    },
    {
        "client_msg_id": "4ef56520-1514-4122-9d24-95cdc09af1f5",
        "type": "message",
        "text": "Ight thanks",
        "user": "U01ALNAL79C",
        "ts": "1604532076.018200",
        "team": "TCR2U6UEM",
        "user_team": "TCR2U6UEM",
        "source_team": "TCR2U6UEM",
        "user_profile": {
            "avatar_hash": "8d3a0093398e",
            "image_72": "https:\/\/avatars.slack-edge.com\/2020-09-16\/1367697021763_8d3a0093398e950c95a2_72.jpg",
            "first_name": "Brian",
            "real_name": "Brian Morris",
            "display_name": "Brian Morris",
            "team": "TCR2U6UEM",
            "name": "brmor21",
            "is_restricted": false,
            "is_ultra_restricted": false
        },
        "blocks": [
            {
                "type": "rich_text",
                "block_id": "36yu",
                "elements": [
                    {
                        "type": "rich_text_section",
                        "elements": [
                            {
                                "type": "text",
                                "text": "Ight thanks"
                            }
                        ]
                    }
                ]
            }
        ]
    },
    {
        "client_msg_id": "5e102b36-ac90-4529-80c9-acbc6709fee5",
        "type": "message",
        "text": "yo <@U016G7WR3KJ> can you verify my device",
        "user": "U01ALNAL79C",
        "ts": "1604532644.019000",
        "team": "TCR2U6UEM",
        "user_team": "TCR2U6UEM",
        "source_team": "TCR2U6UEM",
        "user_profile": {
            "avatar_hash": "8d3a0093398e",
            "image_72": "https:\/\/avatars.slack-edge.com\/2020-09-16\/1367697021763_8d3a0093398e950c95a2_72.jpg",
            "first_name": "Brian",
            "real_name": "Brian Morris",
            "display_name": "Brian Morris",
            "team": "TCR2U6UEM",
            "name": "brmor21",
            "is_restricted": false,
            "is_ultra_restricted": false
        },
        "blocks": [
            {
                "type": "rich_text",
                "block_id": "=lHf9",
                "elements": [
                    {
                        "type": "rich_text_section",
                        "elements": [
                            {
                                "type": "text",
                                "text": "yo "
                            },
                            {
                                "type": "user",
                                "user_id": "U016G7WR3KJ"
                            },
                            {
                                "type": "text",
                                "text": " can you verify my device"
                            }
                        ]
                    }
                ]
            }
        ]
    },
    {
        "client_msg_id": "4ef8e334-a048-46c8-815e-ee9a8959e2b5",
        "type": "message",
        "text": "I need the number you see on your screen",
        "user": "U016G7WR3KJ",
        "ts": "1604532662.019400",
        "team": "TCR2U6UEM",
        "user_team": "TCR2U6UEM",
        "source_team": "TCR2U6UEM",
        "user_profile": {
            "avatar_hash": "bbe6b64d1e6f",
            "image_72": "https:\/\/avatars.slack-edge.com\/2020-09-12\/1359637227778_bbe6b64d1e6f191982dd_72.jpg",
            "first_name": "Robbie",
            "real_name": "Robbie Thibodeau",
            "display_name": "Robbie Thibodeau",
            "team": "TCR2U6UEM",
            "name": "rgtthibodeau",
            "is_restricted": false,
            "is_ultra_restricted": false
        },
        "blocks": [
            {
                "type": "rich_text",
                "block_id": "u8J",
                "elements": [
                    {
                        "type": "rich_text_section",
                        "elements": [
                            {
                                "type": "text",
                                "text": "I need the number you see on your screen"
                            }
                        ]
                    }
                ]
            }
        ]
    },
    {
        "client_msg_id": "7b0a8b01-b3ca-421f-8188-5b1634ad066c",
        "type": "message",
        "text": "85",
        "user": "U01ALNAL79C",
        "ts": "1604532670.019700",
        "team": "TCR2U6UEM",
        "user_team": "TCR2U6UEM",
        "source_team": "TCR2U6UEM",
        "user_profile": {
            "avatar_hash": "8d3a0093398e",
            "image_72": "https:\/\/avatars.slack-edge.com\/2020-09-16\/1367697021763_8d3a0093398e950c95a2_72.jpg",
            "first_name": "Brian",
            "real_name": "Brian Morris",
            "display_name": "Brian Morris",
            "team": "TCR2U6UEM",
            "name": "brmor21",
            "is_restricted": false,
            "is_ultra_restricted": false
        },
        "blocks": [
            {
                "type": "rich_text",
                "block_id": "zmT",
                "elements": [
                    {
                        "type": "rich_text_section",
                        "elements": [
                            {
                                "type": "text",
                                "text": "85"
                            }
                        ]
                    }
                ]
            }
        ]
    },
    {
        "client_msg_id": "edf32891-47fd-49d8-8cf1-d961869ea89e",
        "type": "message",
        "text": "Can you re try it",
        "user": "U016G7WR3KJ",
        "ts": "1604532678.020000",
        "team": "TCR2U6UEM",
        "user_team": "TCR2U6UEM",
        "source_team": "TCR2U6UEM",
        "user_profile": {
            "avatar_hash": "bbe6b64d1e6f",
            "image_72": "https:\/\/avatars.slack-edge.com\/2020-09-12\/1359637227778_bbe6b64d1e6f191982dd_72.jpg",
            "first_name": "Robbie",
            "real_name": "Robbie Thibodeau",
            "display_name": "Robbie Thibodeau",
            "team": "TCR2U6UEM",
            "name": "rgtthibodeau",
            "is_restricted": false,
            "is_ultra_restricted": false
        },
        "blocks": [
            {
                "type": "rich_text",
                "block_id": "ZnRh",
                "elements": [
                    {
                        "type": "rich_text_section",
                        "elements": [
                            {
                                "type": "text",
                                "text": "Can you re try it"
                            }
                        ]
                    }
                ]
            }
        ]
    },
    {
        "client_msg_id": "e0f292e2-48cd-4425-b782-838b27826ab1",
        "type": "message",
        "text": "And say what number you see then",
        "user": "U016G7WR3KJ",
        "ts": "1604532690.020500",
        "team": "TCR2U6UEM",
        "user_team": "TCR2U6UEM",
        "source_team": "TCR2U6UEM",
        "user_profile": {
            "avatar_hash": "bbe6b64d1e6f",
            "image_72": "https:\/\/avatars.slack-edge.com\/2020-09-12\/1359637227778_bbe6b64d1e6f191982dd_72.jpg",
            "first_name": "Robbie",
            "real_name": "Robbie Thibodeau",
            "display_name": "Robbie Thibodeau",
            "team": "TCR2U6UEM",
            "name": "rgtthibodeau",
            "is_restricted": false,
            "is_ultra_restricted": false
        },
        "blocks": [
            {
                "type": "rich_text",
                "block_id": "oq7jn",
                "elements": [
                    {
                        "type": "rich_text_section",
                        "elements": [
                            {
                                "type": "text",
                                "text": "And say what number you see then"
                            }
                        ]
                    }
                ]
            }
        ]
    },
    {
        "client_msg_id": "111cd50a-18e7-49aa-9c9e-8060a0dc42dc",
        "type": "message",
        "text": "46",
        "user": "U01ALNAL79C",
        "ts": "1604532696.020700",
        "team": "TCR2U6UEM",
        "user_team": "TCR2U6UEM",
        "source_team": "TCR2U6UEM",
        "user_profile": {
            "avatar_hash": "8d3a0093398e",
            "image_72": "https:\/\/avatars.slack-edge.com\/2020-09-16\/1367697021763_8d3a0093398e950c95a2_72.jpg",
            "first_name": "Brian",
            "real_name": "Brian Morris",
            "display_name": "Brian Morris",
            "team": "TCR2U6UEM",
            "name": "brmor21",
            "is_restricted": false,
            "is_ultra_restricted": false
        },
        "blocks": [
            {
                "type": "rich_text",
                "block_id": "XK4L",
                "elements": [
                    {
                        "type": "rich_text_section",
                        "elements": [
                            {
                                "type": "text",
                                "text": "46"
                            }
                        ]
                    }
                ]
            }
        ]
    },
    {
        "client_msg_id": "e66389a3-0ebb-49cf-af69-9b31eb71aa54",
        "type": "message",
        "text": "Ok I got it",
        "user": "U016G7WR3KJ",
        "ts": "1604532711.020900",
        "team": "TCR2U6UEM",
        "user_team": "TCR2U6UEM",
        "source_team": "TCR2U6UEM",
        "user_profile": {
            "avatar_hash": "bbe6b64d1e6f",
            "image_72": "https:\/\/avatars.slack-edge.com\/2020-09-12\/1359637227778_bbe6b64d1e6f191982dd_72.jpg",
            "first_name": "Robbie",
            "real_name": "Robbie Thibodeau",
            "display_name": "Robbie Thibodeau",
            "team": "TCR2U6UEM",
            "name": "rgtthibodeau",
            "is_restricted": false,
            "is_ultra_restricted": false
        },
        "blocks": [
            {
                "type": "rich_text",
                "block_id": "CIp7I",
                "elements": [
                    {
                        "type": "rich_text_section",
                        "elements": [
                            {
                                "type": "text",
                                "text": "Ok I got it"
                            }
                        ]
                    }
                ]
            }
        ]
    },
    {
        "client_msg_id": "86f9aca6-411f-44f3-9ca9-9e1c61957516",
        "type": "message",
        "text": "ok that worked",
        "user": "U01ALNAL79C",
        "ts": "1604532717.021100",
        "team": "TCR2U6UEM",
        "user_team": "TCR2U6UEM",
        "source_team": "TCR2U6UEM",
        "user_profile": {
            "avatar_hash": "8d3a0093398e",
            "image_72": "https:\/\/avatars.slack-edge.com\/2020-09-16\/1367697021763_8d3a0093398e950c95a2_72.jpg",
            "first_name": "Brian",
            "real_name": "Brian Morris",
            "display_name": "Brian Morris",
            "team": "TCR2U6UEM",
            "name": "brmor21",
            "is_restricted": false,
            "is_ultra_restricted": false
        },
        "blocks": [
            {
                "type": "rich_text",
                "block_id": "ujjD",
                "elements": [
                    {
                        "type": "rich_text_section",
                        "elements": [
                            {
                                "type": "text",
                                "text": "ok that worked"
                            }
                        ]
                    }
                ]
            }
        ]
    },
    {
        "client_msg_id": "f7b702ed-1851-4e13-90d1-60c6a08c656a",
        "type": "message",
        "text": "probably brand account type?",
        "user": "U01ALNAL79C",
        "ts": "1604532820.021300",
        "team": "TCR2U6UEM",
        "user_team": "TCR2U6UEM",
        "source_team": "TCR2U6UEM",
        "user_profile": {
            "avatar_hash": "8d3a0093398e",
            "image_72": "https:\/\/avatars.slack-edge.com\/2020-09-16\/1367697021763_8d3a0093398e950c95a2_72.jpg",
            "first_name": "Brian",
            "real_name": "Brian Morris",
            "display_name": "Brian Morris",
            "team": "TCR2U6UEM",
            "name": "brmor21",
            "is_restricted": false,
            "is_ultra_restricted": false
        },
        "blocks": [
            {
                "type": "rich_text",
                "block_id": "i4l9",
                "elements": [
                    {
                        "type": "rich_text_section",
                        "elements": [
                            {
                                "type": "text",
                                "text": "probably brand account type?"
                            }
                        ]
                    }
                ]
            }
        ]
    },
    {
        "client_msg_id": "464ace22-da47-44a2-a514-2de75d877a45",
        "type": "message",
        "text": "well the channel exists now, and there's a potential about me too",
        "user": "U01ALNAL79C",
        "ts": "1604534325.022100",
        "team": "TCR2U6UEM",
        "user_team": "TCR2U6UEM",
        "source_team": "TCR2U6UEM",
        "user_profile": {
            "avatar_hash": "8d3a0093398e",
            "image_72": "https:\/\/avatars.slack-edge.com\/2020-09-16\/1367697021763_8d3a0093398e950c95a2_72.jpg",
            "first_name": "Brian",
            "real_name": "Brian Morris",
            "display_name": "Brian Morris",
            "team": "TCR2U6UEM",
            "name": "brmor21",
            "is_restricted": false,
            "is_ultra_restricted": false
        },
        "blocks": [
            {
                "type": "rich_text",
                "block_id": "x2N",
                "elements": [
                    {
                        "type": "rich_text_section",
                        "elements": [
                            {
                                "type": "text",
                                "text": "well the channel exists now, and there's a potential about me too"
                            }
                        ]
                    }
                ]
            }
        ]
    }
]