[
    {
        "client_msg_id": "5cce5458-650e-4bd3-a905-89476320fe4c",
        "type": "message",
        "text": "<@U010DDZ3FJR> could you just remotely push the code since we are having issues with pushing it from my computer rn",
        "user": "U018GF7AFJB",
        "ts": "1608071430.001000",
        "team": "TCR2U6UEM",
        "user_team": "TCR2U6UEM",
        "source_team": "TCR2U6UEM",
        "user_profile": {
            "avatar_hash": "c31861bbc361",
            "image_72": "https:\/\/avatars.slack-edge.com\/2020-08-16\/1316598132593_c31861bbc3618c961c77_72.jpg",
            "first_name": "",
            "real_name": "Nolan Vibhakar",
            "display_name": "Nolan Vibhakar",
            "team": "TCR2U6UEM",
            "name": "novib21",
            "is_restricted": false,
            "is_ultra_restricted": false
        },
        "blocks": [
            {
                "type": "rich_text",
                "block_id": "aAw",
                "elements": [
                    {
                        "type": "rich_text_section",
                        "elements": [
                            {
                                "type": "user",
                                "user_id": "U010DDZ3FJR"
                            },
                            {
                                "type": "text",
                                "text": " could you just remotely push the code since we are having issues with pushing it from my computer rn"
                            }
                        ]
                    }
                ]
            }
        ]
    },
    {
        "client_msg_id": "31291eae-4437-4630-bd77-fb4323d47c7f",
        "type": "message",
        "text": "ok sounds good",
        "user": "U010DDZ3FJR",
        "ts": "1608071476.001200",
        "team": "TCR2U6UEM",
        "user_team": "TCR2U6UEM",
        "source_team": "TCR2U6UEM",
        "user_profile": {
            "avatar_hash": "fda0a36a8605",
            "image_72": "https:\/\/avatars.slack-edge.com\/2020-09-18\/1386993799393_fda0a36a86053c692b20_72.jpg",
            "first_name": "Luke",
            "real_name": "Luke Aschenbrenner",
            "display_name": "Luke Aschenbrenner",
            "team": "TCR2U6UEM",
            "name": "ashbren21",
            "is_restricted": false,
            "is_ultra_restricted": false
        },
        "blocks": [
            {
                "type": "rich_text",
                "block_id": "6k9TR",
                "elements": [
                    {
                        "type": "rich_text_section",
                        "elements": [
                            {
                                "type": "text",
                                "text": "ok sounds good"
                            }
                        ]
                    }
                ]
            }
        ]
    },
    {
        "client_msg_id": "ef307a52-959b-42cf-bf02-88b61de9dd33",
        "type": "message",
        "text": "can you connect the control hub to remote code pushing",
        "user": "U010DDZ3FJR",
        "ts": "1608071488.001600",
        "team": "TCR2U6UEM",
        "user_team": "TCR2U6UEM",
        "source_team": "TCR2U6UEM",
        "user_profile": {
            "avatar_hash": "fda0a36a8605",
            "image_72": "https:\/\/avatars.slack-edge.com\/2020-09-18\/1386993799393_fda0a36a86053c692b20_72.jpg",
            "first_name": "Luke",
            "real_name": "Luke Aschenbrenner",
            "display_name": "Luke Aschenbrenner",
            "team": "TCR2U6UEM",
            "name": "ashbren21",
            "is_restricted": false,
            "is_ultra_restricted": false
        },
        "blocks": [
            {
                "type": "rich_text",
                "block_id": "8QREQ",
                "elements": [
                    {
                        "type": "rich_text_section",
                        "elements": [
                            {
                                "type": "text",
                                "text": "can you connect the control hub to remote code pushing"
                            }
                        ]
                    }
                ]
            }
        ]
    },
    {
        "client_msg_id": "92372782-f1d9-45c7-bc40-3330103be834",
        "type": "message",
        "text": "<@U018GF7AFJB>",
        "user": "U010DDZ3FJR",
        "ts": "1608071491.001800",
        "team": "TCR2U6UEM",
        "user_team": "TCR2U6UEM",
        "source_team": "TCR2U6UEM",
        "user_profile": {
            "avatar_hash": "fda0a36a8605",
            "image_72": "https:\/\/avatars.slack-edge.com\/2020-09-18\/1386993799393_fda0a36a86053c692b20_72.jpg",
            "first_name": "Luke",
            "real_name": "Luke Aschenbrenner",
            "display_name": "Luke Aschenbrenner",
            "team": "TCR2U6UEM",
            "name": "ashbren21",
            "is_restricted": false,
            "is_ultra_restricted": false
        },
        "blocks": [
            {
                "type": "rich_text",
                "block_id": "mHjSV",
                "elements": [
                    {
                        "type": "rich_text_section",
                        "elements": [
                            {
                                "type": "user",
                                "user_id": "U018GF7AFJB"
                            }
                        ]
                    }
                ]
            }
        ]
    },
    {
        "client_msg_id": "46ca7d84-a480-41df-931e-9ad40bfd466e",
        "type": "message",
        "text": "How do I do that",
        "user": "U018GF7AFJB",
        "ts": "1608071616.002000",
        "team": "TCR2U6UEM",
        "user_team": "TCR2U6UEM",
        "source_team": "TCR2U6UEM",
        "user_profile": {
            "avatar_hash": "c31861bbc361",
            "image_72": "https:\/\/avatars.slack-edge.com\/2020-08-16\/1316598132593_c31861bbc3618c961c77_72.jpg",
            "first_name": "",
            "real_name": "Nolan Vibhakar",
            "display_name": "Nolan Vibhakar",
            "team": "TCR2U6UEM",
            "name": "novib21",
            "is_restricted": false,
            "is_ultra_restricted": false
        },
        "blocks": [
            {
                "type": "rich_text",
                "block_id": "XvnBF",
                "elements": [
                    {
                        "type": "rich_text_section",
                        "elements": [
                            {
                                "type": "text",
                                "text": "How do I do that"
                            }
                        ]
                    }
                ]
            }
        ]
    }
]