[
    {
        "client_msg_id": "adf0facc-e753-41be-808b-bc85cf384ec0",
        "type": "message",
        "text": "<@U010DDZ3FJR> would you be available around 2 today?",
        "user": "U018GF7AFJB",
        "ts": "1610629225.000500",
        "team": "TCR2U6UEM",
        "user_team": "TCR2U6UEM",
        "source_team": "TCR2U6UEM",
        "user_profile": {
            "avatar_hash": "c31861bbc361",
            "image_72": "https:\/\/avatars.slack-edge.com\/2020-08-16\/1316598132593_c31861bbc3618c961c77_72.jpg",
            "first_name": "",
            "real_name": "Nolan Vibhakar",
            "display_name": "Nolan Vibhakar",
            "team": "TCR2U6UEM",
            "name": "novib21",
            "is_restricted": false,
            "is_ultra_restricted": false
        },
        "blocks": [
            {
                "type": "rich_text",
                "block_id": "grd0",
                "elements": [
                    {
                        "type": "rich_text_section",
                        "elements": [
                            {
                                "type": "user",
                                "user_id": "U010DDZ3FJR"
                            },
                            {
                                "type": "text",
                                "text": " would you be available around 2 today?"
                            }
                        ]
                    }
                ]
            }
        ]
    },
    {
        "client_msg_id": "5940f1aa-921f-4087-9449-58babb2f9a88",
        "type": "message",
        "text": "<@U018GF7AFJB> Yep I should be available then",
        "user": "U010DDZ3FJR",
        "ts": "1610637256.000900",
        "team": "TCR2U6UEM",
        "user_team": "TCR2U6UEM",
        "source_team": "TCR2U6UEM",
        "user_profile": {
            "avatar_hash": "fda0a36a8605",
            "image_72": "https:\/\/avatars.slack-edge.com\/2020-09-18\/1386993799393_fda0a36a86053c692b20_72.jpg",
            "first_name": "Luke",
            "real_name": "Luke Aschenbrenner",
            "display_name": "Luke Aschenbrenner",
            "team": "TCR2U6UEM",
            "name": "ashbren21",
            "is_restricted": false,
            "is_ultra_restricted": false
        },
        "blocks": [
            {
                "type": "rich_text",
                "block_id": "W=m4",
                "elements": [
                    {
                        "type": "rich_text_section",
                        "elements": [
                            {
                                "type": "user",
                                "user_id": "U018GF7AFJB"
                            },
                            {
                                "type": "text",
                                "text": " Yep I should be available then"
                            }
                        ]
                    }
                ]
            }
        ]
    },
    {
        "client_msg_id": "1725cd33-2a7b-4d53-8822-84daf3572796",
        "type": "message",
        "text": "Cool",
        "user": "U018GF7AFJB",
        "ts": "1610638568.001000",
        "team": "TCR2U6UEM",
        "user_team": "TCR2U6UEM",
        "source_team": "TCR2U6UEM",
        "user_profile": {
            "avatar_hash": "c31861bbc361",
            "image_72": "https:\/\/avatars.slack-edge.com\/2020-08-16\/1316598132593_c31861bbc3618c961c77_72.jpg",
            "first_name": "",
            "real_name": "Nolan Vibhakar",
            "display_name": "Nolan Vibhakar",
            "team": "TCR2U6UEM",
            "name": "novib21",
            "is_restricted": false,
            "is_ultra_restricted": false
        },
        "blocks": [
            {
                "type": "rich_text",
                "block_id": "85k",
                "elements": [
                    {
                        "type": "rich_text_section",
                        "elements": [
                            {
                                "type": "text",
                                "text": "Cool"
                            }
                        ]
                    }
                ]
            }
        ]
    },
    {
        "client_msg_id": "b53de485-05db-4ce6-a709-a1505d8b08fb",
        "type": "message",
        "text": "I'll be in the trailer and you can just zoom in from home and we can try to figure this auto out",
        "user": "U018GF7AFJB",
        "ts": "1610638581.001800",
        "team": "TCR2U6UEM",
        "user_team": "TCR2U6UEM",
        "source_team": "TCR2U6UEM",
        "user_profile": {
            "avatar_hash": "c31861bbc361",
            "image_72": "https:\/\/avatars.slack-edge.com\/2020-08-16\/1316598132593_c31861bbc3618c961c77_72.jpg",
            "first_name": "",
            "real_name": "Nolan Vibhakar",
            "display_name": "Nolan Vibhakar",
            "team": "TCR2U6UEM",
            "name": "novib21",
            "is_restricted": false,
            "is_ultra_restricted": false
        },
        "blocks": [
            {
                "type": "rich_text",
                "block_id": "2laAR",
                "elements": [
                    {
                        "type": "rich_text_section",
                        "elements": [
                            {
                                "type": "text",
                                "text": "I'll be in the trailer and you can just zoom in from home and we can try to figure this auto out"
                            }
                        ]
                    }
                ]
            }
        ]
    },
    {
        "client_msg_id": "a1a82ac4-da97-473f-8b72-69341696719a",
        "type": "message",
        "text": "Sweet :ok_hand:",
        "user": "U010DDZ3FJR",
        "ts": "1610638920.002100",
        "team": "TCR2U6UEM",
        "user_team": "TCR2U6UEM",
        "source_team": "TCR2U6UEM",
        "user_profile": {
            "avatar_hash": "fda0a36a8605",
            "image_72": "https:\/\/avatars.slack-edge.com\/2020-09-18\/1386993799393_fda0a36a86053c692b20_72.jpg",
            "first_name": "Luke",
            "real_name": "Luke Aschenbrenner",
            "display_name": "Luke Aschenbrenner",
            "team": "TCR2U6UEM",
            "name": "ashbren21",
            "is_restricted": false,
            "is_ultra_restricted": false
        },
        "blocks": [
            {
                "type": "rich_text",
                "block_id": "Y5Do",
                "elements": [
                    {
                        "type": "rich_text_section",
                        "elements": [
                            {
                                "type": "text",
                                "text": "Sweet "
                            },
                            {
                                "type": "emoji",
                                "name": "ok_hand"
                            }
                        ]
                    }
                ]
            }
        ]
    },
    {
        "client_msg_id": "23acfe9a-64ad-42c2-922c-fb02bd84cde1",
        "type": "message",
        "text": "ready when you are <@U010DDZ3FJR>",
        "user": "U016G7WR3KJ",
        "ts": "1610654577.002400",
        "team": "TCR2U6UEM",
        "user_team": "TCR2U6UEM",
        "source_team": "TCR2U6UEM",
        "user_profile": {
            "avatar_hash": "bbe6b64d1e6f",
            "image_72": "https:\/\/avatars.slack-edge.com\/2020-09-12\/1359637227778_bbe6b64d1e6f191982dd_72.jpg",
            "first_name": "Robbie",
            "real_name": "Robbie Thibodeau",
            "display_name": "Robbie Thibodeau",
            "team": "TCR2U6UEM",
            "name": "rgtthibodeau",
            "is_restricted": false,
            "is_ultra_restricted": false
        },
        "blocks": [
            {
                "type": "rich_text",
                "block_id": "mL5",
                "elements": [
                    {
                        "type": "rich_text_section",
                        "elements": [
                            {
                                "type": "text",
                                "text": "ready when you are "
                            },
                            {
                                "type": "user",
                                "user_id": "U010DDZ3FJR"
                            }
                        ]
                    }
                ]
            }
        ]
    },
    {
        "client_msg_id": "773c3e28-954e-452d-8f1f-f35144685844",
        "type": "message",
        "text": "Awesome, I'll be on in a couple mins",
        "user": "U010DDZ3FJR",
        "ts": "1610654600.002800",
        "team": "TCR2U6UEM",
        "user_team": "TCR2U6UEM",
        "source_team": "TCR2U6UEM",
        "user_profile": {
            "avatar_hash": "fda0a36a8605",
            "image_72": "https:\/\/avatars.slack-edge.com\/2020-09-18\/1386993799393_fda0a36a86053c692b20_72.jpg",
            "first_name": "Luke",
            "real_name": "Luke Aschenbrenner",
            "display_name": "Luke Aschenbrenner",
            "team": "TCR2U6UEM",
            "name": "ashbren21",
            "is_restricted": false,
            "is_ultra_restricted": false
        },
        "blocks": [
            {
                "type": "rich_text",
                "block_id": "WbC",
                "elements": [
                    {
                        "type": "rich_text_section",
                        "elements": [
                            {
                                "type": "text",
                                "text": "Awesome, I'll be on in a couple mins"
                            }
                        ]
                    }
                ]
            }
        ]
    },
    {
        "client_msg_id": "0c9519ba-a71a-4037-aef2-8f706084a699",
        "type": "message",
        "text": "<https:\/\/iowacityschools-org.zoom.us\/j\/95945406435?pwd=Vk8wK2FWWENDeUk3RHk1My9meEFHdz09|https:\/\/iowacityschools-org.zoom.us\/j\/95945406435?pwd=Vk8wK2FWWENDeUk3RHk1My9meEFHdz09>",
        "user": "U018GF7AFJB",
        "ts": "1610654667.003000",
        "team": "TCR2U6UEM",
        "user_team": "TCR2U6UEM",
        "source_team": "TCR2U6UEM",
        "user_profile": {
            "avatar_hash": "c31861bbc361",
            "image_72": "https:\/\/avatars.slack-edge.com\/2020-08-16\/1316598132593_c31861bbc3618c961c77_72.jpg",
            "first_name": "",
            "real_name": "Nolan Vibhakar",
            "display_name": "Nolan Vibhakar",
            "team": "TCR2U6UEM",
            "name": "novib21",
            "is_restricted": false,
            "is_ultra_restricted": false
        },
        "blocks": [
            {
                "type": "rich_text",
                "block_id": "o9cjY",
                "elements": [
                    {
                        "type": "rich_text_section",
                        "elements": [
                            {
                                "type": "link",
                                "url": "https:\/\/iowacityschools-org.zoom.us\/j\/95945406435?pwd=Vk8wK2FWWENDeUk3RHk1My9meEFHdz09",
                                "text": "https:\/\/iowacityschools-org.zoom.us\/j\/95945406435?pwd=Vk8wK2FWWENDeUk3RHk1My9meEFHdz09"
                            }
                        ]
                    }
                ]
            }
        ]
    },
    {
        "client_msg_id": "ddf4c181-158e-47b2-b5c2-d6bbf5b0083a",
        "type": "message",
        "text": "<@U018GF7AFJB> Can you let me in",
        "user": "U010DDZ3FJR",
        "ts": "1610655157.003600",
        "team": "TCR2U6UEM",
        "user_team": "TCR2U6UEM",
        "source_team": "TCR2U6UEM",
        "user_profile": {
            "avatar_hash": "fda0a36a8605",
            "image_72": "https:\/\/avatars.slack-edge.com\/2020-09-18\/1386993799393_fda0a36a86053c692b20_72.jpg",
            "first_name": "Luke",
            "real_name": "Luke Aschenbrenner",
            "display_name": "Luke Aschenbrenner",
            "team": "TCR2U6UEM",
            "name": "ashbren21",
            "is_restricted": false,
            "is_ultra_restricted": false
        },
        "blocks": [
            {
                "type": "rich_text",
                "block_id": "irxSb",
                "elements": [
                    {
                        "type": "rich_text_section",
                        "elements": [
                            {
                                "type": "user",
                                "user_id": "U018GF7AFJB"
                            },
                            {
                                "type": "text",
                                "text": " Can you let me in"
                            }
                        ]
                    }
                ]
            }
        ]
    },
    {
        "client_msg_id": "1e00cb8d-cf30-407e-b356-aa62e1cc0c25",
        "type": "message",
        "text": "• <tcp:\/\/2.tcp.ngrok.io:18316>\n",
        "user": "U016G7WR3KJ",
        "ts": "1610655389.003800",
        "team": "TCR2U6UEM",
        "user_team": "TCR2U6UEM",
        "source_team": "TCR2U6UEM",
        "user_profile": {
            "avatar_hash": "bbe6b64d1e6f",
            "image_72": "https:\/\/avatars.slack-edge.com\/2020-09-12\/1359637227778_bbe6b64d1e6f191982dd_72.jpg",
            "first_name": "Robbie",
            "real_name": "Robbie Thibodeau",
            "display_name": "Robbie Thibodeau",
            "team": "TCR2U6UEM",
            "name": "rgtthibodeau",
            "is_restricted": false,
            "is_ultra_restricted": false
        },
        "blocks": [
            {
                "type": "rich_text",
                "block_id": "QHZ8",
                "elements": [
                    {
                        "type": "rich_text_list",
                        "elements": [
                            {
                                "type": "rich_text_section",
                                "elements": [
                                    {
                                        "type": "link",
                                        "url": "tcp:\/\/2.tcp.ngrok.io:18316"
                                    }
                                ]
                            }
                        ],
                        "style": "bullet",
                        "indent": 0
                    },
                    {
                        "type": "rich_text_section",
                        "elements": []
                    }
                ]
            }
        ]
    },
    {
        "client_msg_id": "ecabcab3-822e-4c00-bb88-698e94f962b8",
        "type": "message",
        "text": "• <http:\/\/d4eceb7f99ef.ngrok.io>\n",
        "user": "U016G7WR3KJ",
        "ts": "1610655396.004000",
        "team": "TCR2U6UEM",
        "user_team": "TCR2U6UEM",
        "source_team": "TCR2U6UEM",
        "user_profile": {
            "avatar_hash": "bbe6b64d1e6f",
            "image_72": "https:\/\/avatars.slack-edge.com\/2020-09-12\/1359637227778_bbe6b64d1e6f191982dd_72.jpg",
            "first_name": "Robbie",
            "real_name": "Robbie Thibodeau",
            "display_name": "Robbie Thibodeau",
            "team": "TCR2U6UEM",
            "name": "rgtthibodeau",
            "is_restricted": false,
            "is_ultra_restricted": false
        },
        "blocks": [
            {
                "type": "rich_text",
                "block_id": "OxPt",
                "elements": [
                    {
                        "type": "rich_text_list",
                        "elements": [
                            {
                                "type": "rich_text_section",
                                "elements": [
                                    {
                                        "type": "link",
                                        "url": "http:\/\/d4eceb7f99ef.ngrok.io"
                                    }
                                ]
                            }
                        ],
                        "style": "bullet",
                        "indent": 0
                    },
                    {
                        "type": "rich_text_section",
                        "elements": []
                    }
                ]
            }
        ]
    },
    {
        "client_msg_id": "2ea6a5a9-a427-4dca-a072-f5bcf523bdff",
        "type": "message",
        "text": "• <https:\/\/c1e759e815d4.ngrok.io>\n",
        "user": "U016G7WR3KJ",
        "ts": "1610655405.004200",
        "team": "TCR2U6UEM",
        "user_team": "TCR2U6UEM",
        "source_team": "TCR2U6UEM",
        "user_profile": {
            "avatar_hash": "bbe6b64d1e6f",
            "image_72": "https:\/\/avatars.slack-edge.com\/2020-09-12\/1359637227778_bbe6b64d1e6f191982dd_72.jpg",
            "first_name": "Robbie",
            "real_name": "Robbie Thibodeau",
            "display_name": "Robbie Thibodeau",
            "team": "TCR2U6UEM",
            "name": "rgtthibodeau",
            "is_restricted": false,
            "is_ultra_restricted": false
        },
        "blocks": [
            {
                "type": "rich_text",
                "block_id": "IM0+",
                "elements": [
                    {
                        "type": "rich_text_list",
                        "elements": [
                            {
                                "type": "rich_text_section",
                                "elements": [
                                    {
                                        "type": "link",
                                        "url": "https:\/\/c1e759e815d4.ngrok.io"
                                    }
                                ]
                            }
                        ],
                        "style": "bullet",
                        "indent": 0
                    },
                    {
                        "type": "rich_text_section",
                        "elements": []
                    }
                ]
            }
        ]
    },
    {
        "type": "message",
        "text": "",
        "files": [
            {
                "id": "F01JS1KQ542",
                "created": 1610655852,
                "timestamp": 1610655852,
                "name": "image.png",
                "title": "image.png",
                "mimetype": "image\/png",
                "filetype": "png",
                "pretty_type": "PNG",
                "user": "U010DDZ3FJR",
                "editable": false,
                "size": 507139,
                "mode": "hosted",
                "is_external": false,
                "external_type": "",
                "is_public": true,
                "public_url_shared": false,
                "display_as_bot": false,
                "username": "",
                "url_private": "https:\/\/files.slack.com\/files-pri\/TCR2U6UEM-F01JS1KQ542\/image.png?t=xoxe-433096232497-1684125439971-1696548615153-cd1d3d402b441a7d6039d167da7d37bd",
                "url_private_download": "https:\/\/files.slack.com\/files-pri\/TCR2U6UEM-F01JS1KQ542\/download\/image.png?t=xoxe-433096232497-1684125439971-1696548615153-cd1d3d402b441a7d6039d167da7d37bd",
                "thumb_64": "https:\/\/files.slack.com\/files-tmb\/TCR2U6UEM-F01JS1KQ542-caf9a339f8\/image_64.png?t=xoxe-433096232497-1684125439971-1696548615153-cd1d3d402b441a7d6039d167da7d37bd",
                "thumb_80": "https:\/\/files.slack.com\/files-tmb\/TCR2U6UEM-F01JS1KQ542-caf9a339f8\/image_80.png?t=xoxe-433096232497-1684125439971-1696548615153-cd1d3d402b441a7d6039d167da7d37bd",
                "thumb_360": "https:\/\/files.slack.com\/files-tmb\/TCR2U6UEM-F01JS1KQ542-caf9a339f8\/image_360.png?t=xoxe-433096232497-1684125439971-1696548615153-cd1d3d402b441a7d6039d167da7d37bd",
                "thumb_360_w": 360,
                "thumb_360_h": 203,
                "thumb_480": "https:\/\/files.slack.com\/files-tmb\/TCR2U6UEM-F01JS1KQ542-caf9a339f8\/image_480.png?t=xoxe-433096232497-1684125439971-1696548615153-cd1d3d402b441a7d6039d167da7d37bd",
                "thumb_480_w": 480,
                "thumb_480_h": 270,
                "thumb_160": "https:\/\/files.slack.com\/files-tmb\/TCR2U6UEM-F01JS1KQ542-caf9a339f8\/image_160.png?t=xoxe-433096232497-1684125439971-1696548615153-cd1d3d402b441a7d6039d167da7d37bd",
                "thumb_720": "https:\/\/files.slack.com\/files-tmb\/TCR2U6UEM-F01JS1KQ542-caf9a339f8\/image_720.png?t=xoxe-433096232497-1684125439971-1696548615153-cd1d3d402b441a7d6039d167da7d37bd",
                "thumb_720_w": 720,
                "thumb_720_h": 405,
                "thumb_800": "https:\/\/files.slack.com\/files-tmb\/TCR2U6UEM-F01JS1KQ542-caf9a339f8\/image_800.png?t=xoxe-433096232497-1684125439971-1696548615153-cd1d3d402b441a7d6039d167da7d37bd",
                "thumb_800_w": 800,
                "thumb_800_h": 450,
                "thumb_960": "https:\/\/files.slack.com\/files-tmb\/TCR2U6UEM-F01JS1KQ542-caf9a339f8\/image_960.png?t=xoxe-433096232497-1684125439971-1696548615153-cd1d3d402b441a7d6039d167da7d37bd",
                "thumb_960_w": 960,
                "thumb_960_h": 540,
                "thumb_1024": "https:\/\/files.slack.com\/files-tmb\/TCR2U6UEM-F01JS1KQ542-caf9a339f8\/image_1024.png?t=xoxe-433096232497-1684125439971-1696548615153-cd1d3d402b441a7d6039d167da7d37bd",
                "thumb_1024_w": 1024,
                "thumb_1024_h": 576,
                "original_w": 1920,
                "original_h": 1080,
                "thumb_tiny": "AwAbADB\/9ng\/x\/pR\/Z3o\/wClXt2DigNntRYrmM86fhSxkAAGTxTFtY2OFnB4z0NahAZSpzyMVD9lTAG5sUrBzFX7ARgGT9KX+zx1D8e4q6\/UU7qKLBzDG+8aVPvfhWV9qnyf3jU37XP\/AM9Wpkm1RWMt1ORzK1KLqfa37xqANViQ3FPHTmsL7Zcf89Wp63c5\/wCWrUAf\/9k=",
                "permalink": "https:\/\/rawbaconrobotics.slack.com\/files\/U010DDZ3FJR\/F01JS1KQ542\/image.png",
                "permalink_public": "https:\/\/slack-files.com\/TCR2U6UEM-F01JS1KQ542-e1f6459aaa",
                "is_starred": false,
                "has_rich_preview": false
            }
        ],
        "upload": false,
        "user": "U010DDZ3FJR",
        "display_as_bot": false,
        "ts": "1610655856.004300"
    },
    {
        "type": "message",
        "text": "",
        "files": [
            {
                "id": "F01JK9U117G",
                "created": 1610656986,
                "timestamp": 1610656986,
                "name": "IMG_20210114_144255.jpg",
                "title": "IMG_20210114_144255.jpg",
                "mimetype": "image\/jpeg",
                "filetype": "jpg",
                "pretty_type": "JPEG",
                "user": "U010DDZ3FJR",
                "editable": false,
                "size": 1287620,
                "mode": "hosted",
                "is_external": false,
                "external_type": "",
                "is_public": true,
                "public_url_shared": false,
                "display_as_bot": false,
                "username": "",
                "url_private": "https:\/\/files.slack.com\/files-pri\/TCR2U6UEM-F01JK9U117G\/img_20210114_144255.jpg?t=xoxe-433096232497-1684125439971-1696548615153-cd1d3d402b441a7d6039d167da7d37bd",
                "url_private_download": "https:\/\/files.slack.com\/files-pri\/TCR2U6UEM-F01JK9U117G\/download\/img_20210114_144255.jpg?t=xoxe-433096232497-1684125439971-1696548615153-cd1d3d402b441a7d6039d167da7d37bd",
                "thumb_64": "https:\/\/files.slack.com\/files-tmb\/TCR2U6UEM-F01JK9U117G-efb34de650\/img_20210114_144255_64.jpg?t=xoxe-433096232497-1684125439971-1696548615153-cd1d3d402b441a7d6039d167da7d37bd",
                "thumb_80": "https:\/\/files.slack.com\/files-tmb\/TCR2U6UEM-F01JK9U117G-efb34de650\/img_20210114_144255_80.jpg?t=xoxe-433096232497-1684125439971-1696548615153-cd1d3d402b441a7d6039d167da7d37bd",
                "thumb_360": "https:\/\/files.slack.com\/files-tmb\/TCR2U6UEM-F01JK9U117G-efb34de650\/img_20210114_144255_360.jpg?t=xoxe-433096232497-1684125439971-1696548615153-cd1d3d402b441a7d6039d167da7d37bd",
                "thumb_360_w": 270,
                "thumb_360_h": 360,
                "thumb_480": "https:\/\/files.slack.com\/files-tmb\/TCR2U6UEM-F01JK9U117G-efb34de650\/img_20210114_144255_480.jpg?t=xoxe-433096232497-1684125439971-1696548615153-cd1d3d402b441a7d6039d167da7d37bd",
                "thumb_480_w": 360,
                "thumb_480_h": 480,
                "thumb_160": "https:\/\/files.slack.com\/files-tmb\/TCR2U6UEM-F01JK9U117G-efb34de650\/img_20210114_144255_160.jpg?t=xoxe-433096232497-1684125439971-1696548615153-cd1d3d402b441a7d6039d167da7d37bd",
                "thumb_720": "https:\/\/files.slack.com\/files-tmb\/TCR2U6UEM-F01JK9U117G-efb34de650\/img_20210114_144255_720.jpg?t=xoxe-433096232497-1684125439971-1696548615153-cd1d3d402b441a7d6039d167da7d37bd",
                "thumb_720_w": 540,
                "thumb_720_h": 720,
                "thumb_800": "https:\/\/files.slack.com\/files-tmb\/TCR2U6UEM-F01JK9U117G-efb34de650\/img_20210114_144255_800.jpg?t=xoxe-433096232497-1684125439971-1696548615153-cd1d3d402b441a7d6039d167da7d37bd",
                "thumb_800_w": 800,
                "thumb_800_h": 1067,
                "thumb_960": "https:\/\/files.slack.com\/files-tmb\/TCR2U6UEM-F01JK9U117G-efb34de650\/img_20210114_144255_960.jpg?t=xoxe-433096232497-1684125439971-1696548615153-cd1d3d402b441a7d6039d167da7d37bd",
                "thumb_960_w": 720,
                "thumb_960_h": 960,
                "thumb_1024": "https:\/\/files.slack.com\/files-tmb\/TCR2U6UEM-F01JK9U117G-efb34de650\/img_20210114_144255_1024.jpg?t=xoxe-433096232497-1684125439971-1696548615153-cd1d3d402b441a7d6039d167da7d37bd",
                "thumb_1024_w": 768,
                "thumb_1024_h": 1024,
                "original_w": 3000,
                "original_h": 4000,
                "thumb_tiny": "AwAwACQjQHBwKnUVXQnYpHpUoY+ppDJcUEVHuPqaepyDmmAwjmjFNdctnn86bt+v\/fVAiKE5hT6VKDVeA\/uR7GpQT6UASZp6n5ahzTgfloAjnl2vj2qP7RUN02Zj7CocmgCzbMAhBIHNWAw9RWeDjtS5oA0M0E1n7vrRuPqaAHSZaRjjvTdp9KNx9aNx9aAP\/9k=",
                "permalink": "https:\/\/rawbaconrobotics.slack.com\/files\/U010DDZ3FJR\/F01JK9U117G\/img_20210114_144255.jpg",
                "permalink_public": "https:\/\/slack-files.com\/TCR2U6UEM-F01JK9U117G-7b3aa59c1c",
                "is_starred": false,
                "has_rich_preview": false
            }
        ],
        "upload": false,
        "blocks": [
            {
                "type": "rich_text",
                "block_id": "\/QS",
                "elements": [
                    {
                        "type": "rich_text_section",
                        "elements": []
                    }
                ]
            }
        ],
        "user": "U010DDZ3FJR",
        "display_as_bot": false,
        "ts": "1610656993.004600",
        "client_msg_id": "86012dfb-2caf-48cd-9a74-1e792ab39229"
    },
    {
        "client_msg_id": "c632cb7b-92a3-4681-9e98-ceac272687ea",
        "type": "message",
        "text": "<@U018GF7AFJB> can you let me into the zoom",
        "user": "U0193D42LHJ",
        "ts": "1610657664.005100",
        "team": "TCR2U6UEM",
        "user_team": "TCR2U6UEM",
        "source_team": "TCR2U6UEM",
        "user_profile": {
            "avatar_hash": "ac92a4993882",
            "image_72": "https:\/\/avatars.slack-edge.com\/2020-09-18\/1380577414884_ac92a4993882a5db4876_72.png",
            "first_name": "Elliot",
            "real_name": "Elliot Schmidt",
            "display_name": "Elliot",
            "team": "TCR2U6UEM",
            "name": "elliotschmidt2002",
            "is_restricted": false,
            "is_ultra_restricted": false
        },
        "blocks": [
            {
                "type": "rich_text",
                "block_id": "ap1",
                "elements": [
                    {
                        "type": "rich_text_section",
                        "elements": [
                            {
                                "type": "user",
                                "user_id": "U018GF7AFJB"
                            },
                            {
                                "type": "text",
                                "text": " can you let me into the zoom"
                            }
                        ]
                    }
                ]
            }
        ]
    },
    {
        "client_msg_id": "4714c9d3-3202-440a-9032-cd39624e91e0",
        "type": "message",
        "text": "thank",
        "user": "U0193D42LHJ",
        "ts": "1610657679.005300",
        "team": "TCR2U6UEM",
        "user_team": "TCR2U6UEM",
        "source_team": "TCR2U6UEM",
        "user_profile": {
            "avatar_hash": "ac92a4993882",
            "image_72": "https:\/\/avatars.slack-edge.com\/2020-09-18\/1380577414884_ac92a4993882a5db4876_72.png",
            "first_name": "Elliot",
            "real_name": "Elliot Schmidt",
            "display_name": "Elliot",
            "team": "TCR2U6UEM",
            "name": "elliotschmidt2002",
            "is_restricted": false,
            "is_ultra_restricted": false
        },
        "blocks": [
            {
                "type": "rich_text",
                "block_id": "aRup",
                "elements": [
                    {
                        "type": "rich_text_section",
                        "elements": [
                            {
                                "type": "text",
                                "text": "thank"
                            }
                        ]
                    }
                ]
            }
        ]
    }
]