[
    {
        "type": "message",
        "subtype": "channel_join",
        "ts": "1597378333.000200",
        "user": "U010DDZ3FJR",
        "text": "<@U010DDZ3FJR> has joined the channel"
    },
    {
        "type": "message",
        "text": "Join voice\/video:",
        "user": "U010DDZ3FJR",
        "ts": "1597378345.000300",
        "team": "TCR2U6UEM",
        "user_team": "TCR2U6UEM",
        "source_team": "TCR2U6UEM",
        "user_profile": {
            "avatar_hash": "fda0a36a8605",
            "image_72": "https:\/\/avatars.slack-edge.com\/2020-09-18\/1386993799393_fda0a36a86053c692b20_72.jpg",
            "first_name": "Luke",
            "real_name": "Luke Aschenbrenner",
            "display_name": "Luke Aschenbrenner",
            "team": "TCR2U6UEM",
            "name": "ashbren21",
            "is_restricted": false,
            "is_ultra_restricted": false
        },
        "edited": {
            "user": "U010DDZ3FJR",
            "ts": "1597378438.000000"
        },
        "blocks": [
            {
                "type": "rich_text",
                "block_id": "7\/jJT",
                "elements": [
                    {
                        "type": "rich_text_section",
                        "elements": [
                            {
                                "type": "text",
                                "text": "Join voice\/video:"
                            }
                        ]
                    }
                ]
            }
        ]
    },
    {
        "type": "message",
        "subtype": "bot_message",
        "text": "",
        "ts": "1597378345.000400",
        "bot_id": "B018TA12REH",
        "attachments": [
            {
                "fallback": "Meeting started on <https:\/\/meet.jit.si>",
                "title": "Meeting started on <https:\/\/meet.jit.si>",
                "id": 1,
                "color": "3AA3E3",
                "actions": [
                    {
                        "id": "1",
                        "text": "Join",
                        "type": "button",
                        "style": "primary",
                        "url": "https:\/\/meet.jit.si\/rawbaconrobotics\/ScornfulCrownsMeetEverywhere",
                        "name": "join"
                    }
                ]
            }
        ]
    }
]