[
    {
        "client_msg_id": "6ff99d03-b0d7-4f6d-8181-8f138451bf81",
        "type": "message",
        "text": "<https:\/\/calendar.google.com\/calendar\/u\/0?cid=ZTNmaWRwNmJvN3VuaGh1dWtpYW9zcmdmcXNAZ3JvdXAuY2FsZW5kYXIuZ29vZ2xlLmNvbQ>",
        "user": "U010DDZ3FJR",
        "ts": "1599851096.001200",
        "team": "TCR2U6UEM",
        "user_team": "TCR2U6UEM",
        "source_team": "TCR2U6UEM",
        "user_profile": {
            "avatar_hash": "fda0a36a8605",
            "image_72": "https:\/\/avatars.slack-edge.com\/2020-09-18\/1386993799393_fda0a36a86053c692b20_72.jpg",
            "first_name": "Luke",
            "real_name": "Luke Aschenbrenner",
            "display_name": "Luke Aschenbrenner",
            "team": "TCR2U6UEM",
            "name": "ashbren21",
            "is_restricted": false,
            "is_ultra_restricted": false
        },
        "attachments": [
            {
                "title": "Google Calendar",
                "title_link": "https:\/\/calendar.google.com\/calendar\/u\/0?cid=ZTNmaWRwNmJvN3VuaGh1dWtpYW9zcmdmcXNAZ3JvdXAuY2FsZW5kYXIuZ29vZ2xlLmNvbQ",
                "text": "With Google's free online calendar, it’s easy to keep track of life’s important events all in one place.",
                "fallback": "Google Calendar",
                "from_url": "https:\/\/calendar.google.com\/calendar\/u\/0?cid=ZTNmaWRwNmJvN3VuaGh1dWtpYW9zcmdmcXNAZ3JvdXAuY2FsZW5kYXIuZ29vZ2xlLmNvbQ",
                "service_icon": "https:\/\/accounts.google.com\/favicon.ico",
                "service_name": "accounts.google.com",
                "id": 1,
                "original_url": "https:\/\/calendar.google.com\/calendar\/u\/0?cid=ZTNmaWRwNmJvN3VuaGh1dWtpYW9zcmdmcXNAZ3JvdXAuY2FsZW5kYXIuZ29vZ2xlLmNvbQ"
            }
        ],
        "blocks": [
            {
                "type": "rich_text",
                "block_id": "BSC",
                "elements": [
                    {
                        "type": "rich_text_section",
                        "elements": [
                            {
                                "type": "link",
                                "url": "https:\/\/calendar.google.com\/calendar\/u\/0?cid=ZTNmaWRwNmJvN3VuaGh1dWtpYW9zcmdmcXNAZ3JvdXAuY2FsZW5kYXIuZ29vZ2xlLmNvbQ"
                            }
                        ]
                    }
                ]
            }
        ]
    }
]