[
    {
        "type": "message",
        "subtype": "bot_message",
        "text": "",
        "ts": "1611784801.000100",
        "username": "Raw Bacon 2020-2021",
        "bot_id": "B019YPK3L4F",
        "attachments": [
            {
                "fallback": "Robotics Zoom: <!date^1611785700^{date_short_pretty} from {time}|January 27th, 2021 from 4:15 PM> to <!date^1611789300^{time}|5:15 PM GMT-0600>",
                "text": "<!date^1611785700^{date_short_pretty} from {time}|January 27th, 2021 from 4:15 PM> to <!date^1611789300^{time}|5:15 PM GMT-0600>",
                "pretext": "Event starting in 15 minutes:",
                "title": "Robotics Zoom",
                "id": 1,
                "title_link": "https:\/\/www.google.com\/calendar\/event?eid=MzUyOWJxcHRsOTl1cnNyMTE5bnNxdmM2Z2tfMjAyMTAxMjdUMjIxNTAwWiBlM2ZpZHA2Ym83dW5oaHV1a2lhb3NyZ2Zxc0Bn",
                "color": "f83a22",
                "mrkdwn_in": [
                    "text",
                    "pretext"
                ]
            }
        ]
    }
]