[
    {
        "type": "message",
        "text": "10\/3\/2018 Latch.jpg Has been uploaded by Elliot Schmidt<https:\/\/drive.google.com\/a\/iccsd.k12.ia.us\/file\/d\/16oNcpwwSqY9YtoOtvF86gI1z_yApW_VZ\/preview?usp=drivesdk>",
        "files": [
            {
                "id": "FD64ZUYCQ",
                "created": 1538623636,
                "timestamp": 1538623636,
                "name": "2018 Latch.jpg",
                "title": "2018 Latch",
                "mimetype": "image\/jpeg",
                "filetype": "jpg",
                "pretty_type": "JPEG",
                "user": "UCQTZ5F6C",
                "editable": false,
                "size": 3370935,
                "mode": "hosted",
                "is_external": false,
                "external_type": "",
                "is_public": true,
                "public_url_shared": false,
                "display_as_bot": false,
                "username": "",
                "url_private": "https:\/\/files.slack.com\/files-pri\/TCR2U6UEM-FD64ZUYCQ\/2018_latch.jpg?t=xoxe-433096232497-1684125439971-1696548615153-cd1d3d402b441a7d6039d167da7d37bd",
                "url_private_download": "https:\/\/files.slack.com\/files-pri\/TCR2U6UEM-FD64ZUYCQ\/download\/2018_latch.jpg?t=xoxe-433096232497-1684125439971-1696548615153-cd1d3d402b441a7d6039d167da7d37bd",
                "thumb_64": "https:\/\/files.slack.com\/files-tmb\/TCR2U6UEM-FD64ZUYCQ-3d10eb142f\/2018_latch_64.jpg?t=xoxe-433096232497-1684125439971-1696548615153-cd1d3d402b441a7d6039d167da7d37bd",
                "thumb_80": "https:\/\/files.slack.com\/files-tmb\/TCR2U6UEM-FD64ZUYCQ-3d10eb142f\/2018_latch_80.jpg?t=xoxe-433096232497-1684125439971-1696548615153-cd1d3d402b441a7d6039d167da7d37bd",
                "thumb_360": "https:\/\/files.slack.com\/files-tmb\/TCR2U6UEM-FD64ZUYCQ-3d10eb142f\/2018_latch_360.jpg?t=xoxe-433096232497-1684125439971-1696548615153-cd1d3d402b441a7d6039d167da7d37bd",
                "thumb_360_w": 360,
                "thumb_360_h": 270,
                "thumb_480": "https:\/\/files.slack.com\/files-tmb\/TCR2U6UEM-FD64ZUYCQ-3d10eb142f\/2018_latch_480.jpg?t=xoxe-433096232497-1684125439971-1696548615153-cd1d3d402b441a7d6039d167da7d37bd",
                "thumb_480_w": 480,
                "thumb_480_h": 360,
                "thumb_160": "https:\/\/files.slack.com\/files-tmb\/TCR2U6UEM-FD64ZUYCQ-3d10eb142f\/2018_latch_160.jpg?t=xoxe-433096232497-1684125439971-1696548615153-cd1d3d402b441a7d6039d167da7d37bd",
                "thumb_720": "https:\/\/files.slack.com\/files-tmb\/TCR2U6UEM-FD64ZUYCQ-3d10eb142f\/2018_latch_720.jpg?t=xoxe-433096232497-1684125439971-1696548615153-cd1d3d402b441a7d6039d167da7d37bd",
                "thumb_720_w": 720,
                "thumb_720_h": 540,
                "thumb_800": "https:\/\/files.slack.com\/files-tmb\/TCR2U6UEM-FD64ZUYCQ-3d10eb142f\/2018_latch_800.jpg?t=xoxe-433096232497-1684125439971-1696548615153-cd1d3d402b441a7d6039d167da7d37bd",
                "thumb_800_w": 800,
                "thumb_800_h": 600,
                "thumb_960": "https:\/\/files.slack.com\/files-tmb\/TCR2U6UEM-FD64ZUYCQ-3d10eb142f\/2018_latch_960.jpg?t=xoxe-433096232497-1684125439971-1696548615153-cd1d3d402b441a7d6039d167da7d37bd",
                "thumb_960_w": 960,
                "thumb_960_h": 720,
                "thumb_1024": "https:\/\/files.slack.com\/files-tmb\/TCR2U6UEM-FD64ZUYCQ-3d10eb142f\/2018_latch_1024.jpg?t=xoxe-433096232497-1684125439971-1696548615153-cd1d3d402b441a7d6039d167da7d37bd",
                "thumb_1024_w": 1024,
                "thumb_1024_h": 768,
                "image_exif_rotation": 1,
                "original_w": 4032,
                "original_h": 3024,
                "permalink": "https:\/\/rawbaconrobotics.slack.com\/files\/UCQTZ5F6C\/FD64ZUYCQ\/2018_latch.jpg",
                "permalink_public": "https:\/\/slack-files.com\/TCR2U6UEM-FD64ZUYCQ-3c5856aad9",
                "is_starred": false,
                "has_rich_preview": false
            }
        ],
        "upload": true,
        "user": "UCQTZ5F6C",
        "display_as_bot": false,
        "ts": "1538623644.000100"
    },
    {
        "type": "message",
        "text": "10\/3\/2018 Lift assembly.jpg Has been uploaded by Elliot Schmidt<https:\/\/drive.google.com\/a\/iccsd.k12.ia.us\/file\/d\/1bSL0t5K1gzaql74jC01OuqPHP3yfWIus\/preview?usp=drivesdk>",
        "files": [
            {
                "id": "FD6MDVCCC",
                "created": 1538623638,
                "timestamp": 1538623638,
                "name": "2018 Lift assembly.jpg",
                "title": "2018 Lift assembly",
                "mimetype": "image\/jpeg",
                "filetype": "jpg",
                "pretty_type": "JPEG",
                "user": "UCQTZ5F6C",
                "editable": false,
                "size": 2952339,
                "mode": "hosted",
                "is_external": false,
                "external_type": "",
                "is_public": true,
                "public_url_shared": false,
                "display_as_bot": false,
                "username": "",
                "url_private": "https:\/\/files.slack.com\/files-pri\/TCR2U6UEM-FD6MDVCCC\/2018_lift_assembly.jpg?t=xoxe-433096232497-1684125439971-1696548615153-cd1d3d402b441a7d6039d167da7d37bd",
                "url_private_download": "https:\/\/files.slack.com\/files-pri\/TCR2U6UEM-FD6MDVCCC\/download\/2018_lift_assembly.jpg?t=xoxe-433096232497-1684125439971-1696548615153-cd1d3d402b441a7d6039d167da7d37bd",
                "thumb_64": "https:\/\/files.slack.com\/files-tmb\/TCR2U6UEM-FD6MDVCCC-e2fbc3e30b\/2018_lift_assembly_64.jpg?t=xoxe-433096232497-1684125439971-1696548615153-cd1d3d402b441a7d6039d167da7d37bd",
                "thumb_80": "https:\/\/files.slack.com\/files-tmb\/TCR2U6UEM-FD6MDVCCC-e2fbc3e30b\/2018_lift_assembly_80.jpg?t=xoxe-433096232497-1684125439971-1696548615153-cd1d3d402b441a7d6039d167da7d37bd",
                "thumb_360": "https:\/\/files.slack.com\/files-tmb\/TCR2U6UEM-FD6MDVCCC-e2fbc3e30b\/2018_lift_assembly_360.jpg?t=xoxe-433096232497-1684125439971-1696548615153-cd1d3d402b441a7d6039d167da7d37bd",
                "thumb_360_w": 360,
                "thumb_360_h": 270,
                "thumb_480": "https:\/\/files.slack.com\/files-tmb\/TCR2U6UEM-FD6MDVCCC-e2fbc3e30b\/2018_lift_assembly_480.jpg?t=xoxe-433096232497-1684125439971-1696548615153-cd1d3d402b441a7d6039d167da7d37bd",
                "thumb_480_w": 480,
                "thumb_480_h": 360,
                "thumb_160": "https:\/\/files.slack.com\/files-tmb\/TCR2U6UEM-FD6MDVCCC-e2fbc3e30b\/2018_lift_assembly_160.jpg?t=xoxe-433096232497-1684125439971-1696548615153-cd1d3d402b441a7d6039d167da7d37bd",
                "thumb_720": "https:\/\/files.slack.com\/files-tmb\/TCR2U6UEM-FD6MDVCCC-e2fbc3e30b\/2018_lift_assembly_720.jpg?t=xoxe-433096232497-1684125439971-1696548615153-cd1d3d402b441a7d6039d167da7d37bd",
                "thumb_720_w": 720,
                "thumb_720_h": 540,
                "thumb_800": "https:\/\/files.slack.com\/files-tmb\/TCR2U6UEM-FD6MDVCCC-e2fbc3e30b\/2018_lift_assembly_800.jpg?t=xoxe-433096232497-1684125439971-1696548615153-cd1d3d402b441a7d6039d167da7d37bd",
                "thumb_800_w": 800,
                "thumb_800_h": 600,
                "thumb_960": "https:\/\/files.slack.com\/files-tmb\/TCR2U6UEM-FD6MDVCCC-e2fbc3e30b\/2018_lift_assembly_960.jpg?t=xoxe-433096232497-1684125439971-1696548615153-cd1d3d402b441a7d6039d167da7d37bd",
                "thumb_960_w": 960,
                "thumb_960_h": 720,
                "thumb_1024": "https:\/\/files.slack.com\/files-tmb\/TCR2U6UEM-FD6MDVCCC-e2fbc3e30b\/2018_lift_assembly_1024.jpg?t=xoxe-433096232497-1684125439971-1696548615153-cd1d3d402b441a7d6039d167da7d37bd",
                "thumb_1024_w": 1024,
                "thumb_1024_h": 768,
                "image_exif_rotation": 1,
                "original_w": 4032,
                "original_h": 3024,
                "permalink": "https:\/\/rawbaconrobotics.slack.com\/files\/UCQTZ5F6C\/FD6MDVCCC\/2018_lift_assembly.jpg",
                "permalink_public": "https:\/\/slack-files.com\/TCR2U6UEM-FD6MDVCCC-0f8b470652",
                "is_starred": false,
                "has_rich_preview": false
            }
        ],
        "upload": true,
        "user": "UCQTZ5F6C",
        "display_as_bot": false,
        "ts": "1538623645.000100"
    },
    {
        "type": "message",
        "text": "10\/3\/2018 Block\/Ball intake.jpg Has been uploaded by Elliot Schmidt<https:\/\/drive.google.com\/a\/iccsd.k12.ia.us\/file\/d\/12AGen71jt3wgjn7bXnVi3G04XgkNaDun\/preview?usp=drivesdk>",
        "files": [
            {
                "id": "FD6SM9NUS",
                "created": 1538623637,
                "timestamp": 1538623637,
                "name": "Ball intake.jpg",
                "title": "Ball intake",
                "mimetype": "image\/jpeg",
                "filetype": "jpg",
                "pretty_type": "JPEG",
                "user": "UCQTZ5F6C",
                "editable": false,
                "size": 4752807,
                "mode": "hosted",
                "is_external": false,
                "external_type": "",
                "is_public": true,
                "public_url_shared": false,
                "display_as_bot": false,
                "username": "",
                "url_private": "https:\/\/files.slack.com\/files-pri\/TCR2U6UEM-FD6SM9NUS\/ball_intake.jpg?t=xoxe-433096232497-1684125439971-1696548615153-cd1d3d402b441a7d6039d167da7d37bd",
                "url_private_download": "https:\/\/files.slack.com\/files-pri\/TCR2U6UEM-FD6SM9NUS\/download\/ball_intake.jpg?t=xoxe-433096232497-1684125439971-1696548615153-cd1d3d402b441a7d6039d167da7d37bd",
                "thumb_64": "https:\/\/files.slack.com\/files-tmb\/TCR2U6UEM-FD6SM9NUS-3ec761c270\/ball_intake_64.jpg?t=xoxe-433096232497-1684125439971-1696548615153-cd1d3d402b441a7d6039d167da7d37bd",
                "thumb_80": "https:\/\/files.slack.com\/files-tmb\/TCR2U6UEM-FD6SM9NUS-3ec761c270\/ball_intake_80.jpg?t=xoxe-433096232497-1684125439971-1696548615153-cd1d3d402b441a7d6039d167da7d37bd",
                "thumb_360": "https:\/\/files.slack.com\/files-tmb\/TCR2U6UEM-FD6SM9NUS-3ec761c270\/ball_intake_360.jpg?t=xoxe-433096232497-1684125439971-1696548615153-cd1d3d402b441a7d6039d167da7d37bd",
                "thumb_360_w": 360,
                "thumb_360_h": 270,
                "thumb_480": "https:\/\/files.slack.com\/files-tmb\/TCR2U6UEM-FD6SM9NUS-3ec761c270\/ball_intake_480.jpg?t=xoxe-433096232497-1684125439971-1696548615153-cd1d3d402b441a7d6039d167da7d37bd",
                "thumb_480_w": 480,
                "thumb_480_h": 360,
                "thumb_160": "https:\/\/files.slack.com\/files-tmb\/TCR2U6UEM-FD6SM9NUS-3ec761c270\/ball_intake_160.jpg?t=xoxe-433096232497-1684125439971-1696548615153-cd1d3d402b441a7d6039d167da7d37bd",
                "thumb_720": "https:\/\/files.slack.com\/files-tmb\/TCR2U6UEM-FD6SM9NUS-3ec761c270\/ball_intake_720.jpg?t=xoxe-433096232497-1684125439971-1696548615153-cd1d3d402b441a7d6039d167da7d37bd",
                "thumb_720_w": 720,
                "thumb_720_h": 540,
                "thumb_800": "https:\/\/files.slack.com\/files-tmb\/TCR2U6UEM-FD6SM9NUS-3ec761c270\/ball_intake_800.jpg?t=xoxe-433096232497-1684125439971-1696548615153-cd1d3d402b441a7d6039d167da7d37bd",
                "thumb_800_w": 800,
                "thumb_800_h": 600,
                "thumb_960": "https:\/\/files.slack.com\/files-tmb\/TCR2U6UEM-FD6SM9NUS-3ec761c270\/ball_intake_960.jpg?t=xoxe-433096232497-1684125439971-1696548615153-cd1d3d402b441a7d6039d167da7d37bd",
                "thumb_960_w": 960,
                "thumb_960_h": 720,
                "thumb_1024": "https:\/\/files.slack.com\/files-tmb\/TCR2U6UEM-FD6SM9NUS-3ec761c270\/ball_intake_1024.jpg?t=xoxe-433096232497-1684125439971-1696548615153-cd1d3d402b441a7d6039d167da7d37bd",
                "thumb_1024_w": 1024,
                "thumb_1024_h": 768,
                "image_exif_rotation": 1,
                "original_w": 4032,
                "original_h": 3024,
                "permalink": "https:\/\/rawbaconrobotics.slack.com\/files\/UCQTZ5F6C\/FD6SM9NUS\/ball_intake.jpg",
                "permalink_public": "https:\/\/slack-files.com\/TCR2U6UEM-FD6SM9NUS-074495cdd0",
                "is_starred": false,
                "has_rich_preview": false
            }
        ],
        "upload": true,
        "user": "UCQTZ5F6C",
        "display_as_bot": false,
        "ts": "1538623645.000400"
    },
    {
        "type": "message",
        "text": "10\/3\/2018 Latch.jpg Has been uploaded by Elliot Schmidt<https:\/\/drive.google.com\/a\/iccsd.k12.ia.us\/file\/d\/1Er_WAi-lEp3rTdouZPBKD3l3uH4-ZZLS\/preview?usp=drivesdk>",
        "files": [
            {
                "id": "FD72NF9FF",
                "created": 1538623639,
                "timestamp": 1538623639,
                "name": "2018 Latch.jpg",
                "title": "2018 Latch",
                "mimetype": "image\/jpeg",
                "filetype": "jpg",
                "pretty_type": "JPEG",
                "user": "UCQTZ5F6C",
                "editable": false,
                "size": 2823198,
                "mode": "hosted",
                "is_external": false,
                "external_type": "",
                "is_public": true,
                "public_url_shared": false,
                "display_as_bot": false,
                "username": "",
                "url_private": "https:\/\/files.slack.com\/files-pri\/TCR2U6UEM-FD72NF9FF\/2018_latch.jpg?t=xoxe-433096232497-1684125439971-1696548615153-cd1d3d402b441a7d6039d167da7d37bd",
                "url_private_download": "https:\/\/files.slack.com\/files-pri\/TCR2U6UEM-FD72NF9FF\/download\/2018_latch.jpg?t=xoxe-433096232497-1684125439971-1696548615153-cd1d3d402b441a7d6039d167da7d37bd",
                "thumb_64": "https:\/\/files.slack.com\/files-tmb\/TCR2U6UEM-FD72NF9FF-b11a8634ba\/2018_latch_64.jpg?t=xoxe-433096232497-1684125439971-1696548615153-cd1d3d402b441a7d6039d167da7d37bd",
                "thumb_80": "https:\/\/files.slack.com\/files-tmb\/TCR2U6UEM-FD72NF9FF-b11a8634ba\/2018_latch_80.jpg?t=xoxe-433096232497-1684125439971-1696548615153-cd1d3d402b441a7d6039d167da7d37bd",
                "thumb_360": "https:\/\/files.slack.com\/files-tmb\/TCR2U6UEM-FD72NF9FF-b11a8634ba\/2018_latch_360.jpg?t=xoxe-433096232497-1684125439971-1696548615153-cd1d3d402b441a7d6039d167da7d37bd",
                "thumb_360_w": 360,
                "thumb_360_h": 270,
                "thumb_480": "https:\/\/files.slack.com\/files-tmb\/TCR2U6UEM-FD72NF9FF-b11a8634ba\/2018_latch_480.jpg?t=xoxe-433096232497-1684125439971-1696548615153-cd1d3d402b441a7d6039d167da7d37bd",
                "thumb_480_w": 480,
                "thumb_480_h": 360,
                "thumb_160": "https:\/\/files.slack.com\/files-tmb\/TCR2U6UEM-FD72NF9FF-b11a8634ba\/2018_latch_160.jpg?t=xoxe-433096232497-1684125439971-1696548615153-cd1d3d402b441a7d6039d167da7d37bd",
                "thumb_720": "https:\/\/files.slack.com\/files-tmb\/TCR2U6UEM-FD72NF9FF-b11a8634ba\/2018_latch_720.jpg?t=xoxe-433096232497-1684125439971-1696548615153-cd1d3d402b441a7d6039d167da7d37bd",
                "thumb_720_w": 720,
                "thumb_720_h": 540,
                "thumb_800": "https:\/\/files.slack.com\/files-tmb\/TCR2U6UEM-FD72NF9FF-b11a8634ba\/2018_latch_800.jpg?t=xoxe-433096232497-1684125439971-1696548615153-cd1d3d402b441a7d6039d167da7d37bd",
                "thumb_800_w": 800,
                "thumb_800_h": 600,
                "thumb_960": "https:\/\/files.slack.com\/files-tmb\/TCR2U6UEM-FD72NF9FF-b11a8634ba\/2018_latch_960.jpg?t=xoxe-433096232497-1684125439971-1696548615153-cd1d3d402b441a7d6039d167da7d37bd",
                "thumb_960_w": 960,
                "thumb_960_h": 720,
                "thumb_1024": "https:\/\/files.slack.com\/files-tmb\/TCR2U6UEM-FD72NF9FF-b11a8634ba\/2018_latch_1024.jpg?t=xoxe-433096232497-1684125439971-1696548615153-cd1d3d402b441a7d6039d167da7d37bd",
                "thumb_1024_w": 1024,
                "thumb_1024_h": 768,
                "image_exif_rotation": 1,
                "original_w": 4032,
                "original_h": 3024,
                "permalink": "https:\/\/rawbaconrobotics.slack.com\/files\/UCQTZ5F6C\/FD72NF9FF\/2018_latch.jpg",
                "permalink_public": "https:\/\/slack-files.com\/TCR2U6UEM-FD72NF9FF-cc21bb4656",
                "is_starred": false,
                "has_rich_preview": false
            }
        ],
        "upload": true,
        "user": "UCQTZ5F6C",
        "display_as_bot": false,
        "ts": "1538623645.000700"
    },
    {
        "type": "message",
        "text": "10\/3\/2018 Latch.jpg Has been uploaded by Elliot Schmidt<https:\/\/drive.google.com\/a\/iccsd.k12.ia.us\/file\/d\/1qmedHKfK9snoy5DlJutfiFNBmPKiokQl\/preview?usp=drivesdk>",
        "files": [
            {
                "id": "FD72NFU7P",
                "created": 1538623642,
                "timestamp": 1538623642,
                "name": "2018 Latch.jpg",
                "title": "2018 Latch",
                "mimetype": "image\/jpeg",
                "filetype": "jpg",
                "pretty_type": "JPEG",
                "user": "UCQTZ5F6C",
                "editable": false,
                "size": 1785534,
                "mode": "hosted",
                "is_external": false,
                "external_type": "",
                "is_public": true,
                "public_url_shared": false,
                "display_as_bot": false,
                "username": "",
                "url_private": "https:\/\/files.slack.com\/files-pri\/TCR2U6UEM-FD72NFU7P\/2018_latch.jpg?t=xoxe-433096232497-1684125439971-1696548615153-cd1d3d402b441a7d6039d167da7d37bd",
                "url_private_download": "https:\/\/files.slack.com\/files-pri\/TCR2U6UEM-FD72NFU7P\/download\/2018_latch.jpg?t=xoxe-433096232497-1684125439971-1696548615153-cd1d3d402b441a7d6039d167da7d37bd",
                "thumb_64": "https:\/\/files.slack.com\/files-tmb\/TCR2U6UEM-FD72NFU7P-a634aaa916\/2018_latch_64.jpg?t=xoxe-433096232497-1684125439971-1696548615153-cd1d3d402b441a7d6039d167da7d37bd",
                "thumb_80": "https:\/\/files.slack.com\/files-tmb\/TCR2U6UEM-FD72NFU7P-a634aaa916\/2018_latch_80.jpg?t=xoxe-433096232497-1684125439971-1696548615153-cd1d3d402b441a7d6039d167da7d37bd",
                "thumb_360": "https:\/\/files.slack.com\/files-tmb\/TCR2U6UEM-FD72NFU7P-a634aaa916\/2018_latch_360.jpg?t=xoxe-433096232497-1684125439971-1696548615153-cd1d3d402b441a7d6039d167da7d37bd",
                "thumb_360_w": 360,
                "thumb_360_h": 270,
                "thumb_480": "https:\/\/files.slack.com\/files-tmb\/TCR2U6UEM-FD72NFU7P-a634aaa916\/2018_latch_480.jpg?t=xoxe-433096232497-1684125439971-1696548615153-cd1d3d402b441a7d6039d167da7d37bd",
                "thumb_480_w": 480,
                "thumb_480_h": 360,
                "thumb_160": "https:\/\/files.slack.com\/files-tmb\/TCR2U6UEM-FD72NFU7P-a634aaa916\/2018_latch_160.jpg?t=xoxe-433096232497-1684125439971-1696548615153-cd1d3d402b441a7d6039d167da7d37bd",
                "thumb_720": "https:\/\/files.slack.com\/files-tmb\/TCR2U6UEM-FD72NFU7P-a634aaa916\/2018_latch_720.jpg?t=xoxe-433096232497-1684125439971-1696548615153-cd1d3d402b441a7d6039d167da7d37bd",
                "thumb_720_w": 720,
                "thumb_720_h": 540,
                "thumb_800": "https:\/\/files.slack.com\/files-tmb\/TCR2U6UEM-FD72NFU7P-a634aaa916\/2018_latch_800.jpg?t=xoxe-433096232497-1684125439971-1696548615153-cd1d3d402b441a7d6039d167da7d37bd",
                "thumb_800_w": 800,
                "thumb_800_h": 600,
                "thumb_960": "https:\/\/files.slack.com\/files-tmb\/TCR2U6UEM-FD72NFU7P-a634aaa916\/2018_latch_960.jpg?t=xoxe-433096232497-1684125439971-1696548615153-cd1d3d402b441a7d6039d167da7d37bd",
                "thumb_960_w": 960,
                "thumb_960_h": 720,
                "thumb_1024": "https:\/\/files.slack.com\/files-tmb\/TCR2U6UEM-FD72NFU7P-a634aaa916\/2018_latch_1024.jpg?t=xoxe-433096232497-1684125439971-1696548615153-cd1d3d402b441a7d6039d167da7d37bd",
                "thumb_1024_w": 1024,
                "thumb_1024_h": 768,
                "image_exif_rotation": 1,
                "original_w": 4032,
                "original_h": 3024,
                "permalink": "https:\/\/rawbaconrobotics.slack.com\/files\/UCQTZ5F6C\/FD72NFU7P\/2018_latch.jpg",
                "permalink_public": "https:\/\/slack-files.com\/TCR2U6UEM-FD72NFU7P-78533c7f1f",
                "is_starred": false,
                "has_rich_preview": false
            }
        ],
        "upload": true,
        "user": "UCQTZ5F6C",
        "display_as_bot": false,
        "ts": "1538623648.000100"
    },
    {
        "type": "message",
        "text": "10\/3\/2018 Latch.jpg Has been uploaded by Elliot Schmidt<https:\/\/drive.google.com\/a\/iccsd.k12.ia.us\/file\/d\/1QtxSxCjf6R6tolzwS_uJsABmYXMT9Lik\/preview?usp=drivesdk>",
        "files": [
            {
                "id": "FD6SMA62E",
                "created": 1538623640,
                "timestamp": 1538623640,
                "name": "2018 Latch.jpg",
                "title": "2018 Latch",
                "mimetype": "image\/jpeg",
                "filetype": "jpg",
                "pretty_type": "JPEG",
                "user": "UCQTZ5F6C",
                "editable": false,
                "size": 3134778,
                "mode": "hosted",
                "is_external": false,
                "external_type": "",
                "is_public": true,
                "public_url_shared": false,
                "display_as_bot": false,
                "username": "",
                "url_private": "https:\/\/files.slack.com\/files-pri\/TCR2U6UEM-FD6SMA62E\/2018_latch.jpg?t=xoxe-433096232497-1684125439971-1696548615153-cd1d3d402b441a7d6039d167da7d37bd",
                "url_private_download": "https:\/\/files.slack.com\/files-pri\/TCR2U6UEM-FD6SMA62E\/download\/2018_latch.jpg?t=xoxe-433096232497-1684125439971-1696548615153-cd1d3d402b441a7d6039d167da7d37bd",
                "thumb_64": "https:\/\/files.slack.com\/files-tmb\/TCR2U6UEM-FD6SMA62E-833987b29c\/2018_latch_64.jpg?t=xoxe-433096232497-1684125439971-1696548615153-cd1d3d402b441a7d6039d167da7d37bd",
                "thumb_80": "https:\/\/files.slack.com\/files-tmb\/TCR2U6UEM-FD6SMA62E-833987b29c\/2018_latch_80.jpg?t=xoxe-433096232497-1684125439971-1696548615153-cd1d3d402b441a7d6039d167da7d37bd",
                "thumb_360": "https:\/\/files.slack.com\/files-tmb\/TCR2U6UEM-FD6SMA62E-833987b29c\/2018_latch_360.jpg?t=xoxe-433096232497-1684125439971-1696548615153-cd1d3d402b441a7d6039d167da7d37bd",
                "thumb_360_w": 360,
                "thumb_360_h": 270,
                "thumb_480": "https:\/\/files.slack.com\/files-tmb\/TCR2U6UEM-FD6SMA62E-833987b29c\/2018_latch_480.jpg?t=xoxe-433096232497-1684125439971-1696548615153-cd1d3d402b441a7d6039d167da7d37bd",
                "thumb_480_w": 480,
                "thumb_480_h": 360,
                "thumb_160": "https:\/\/files.slack.com\/files-tmb\/TCR2U6UEM-FD6SMA62E-833987b29c\/2018_latch_160.jpg?t=xoxe-433096232497-1684125439971-1696548615153-cd1d3d402b441a7d6039d167da7d37bd",
                "thumb_720": "https:\/\/files.slack.com\/files-tmb\/TCR2U6UEM-FD6SMA62E-833987b29c\/2018_latch_720.jpg?t=xoxe-433096232497-1684125439971-1696548615153-cd1d3d402b441a7d6039d167da7d37bd",
                "thumb_720_w": 720,
                "thumb_720_h": 540,
                "thumb_800": "https:\/\/files.slack.com\/files-tmb\/TCR2U6UEM-FD6SMA62E-833987b29c\/2018_latch_800.jpg?t=xoxe-433096232497-1684125439971-1696548615153-cd1d3d402b441a7d6039d167da7d37bd",
                "thumb_800_w": 800,
                "thumb_800_h": 600,
                "thumb_960": "https:\/\/files.slack.com\/files-tmb\/TCR2U6UEM-FD6SMA62E-833987b29c\/2018_latch_960.jpg?t=xoxe-433096232497-1684125439971-1696548615153-cd1d3d402b441a7d6039d167da7d37bd",
                "thumb_960_w": 960,
                "thumb_960_h": 720,
                "thumb_1024": "https:\/\/files.slack.com\/files-tmb\/TCR2U6UEM-FD6SMA62E-833987b29c\/2018_latch_1024.jpg?t=xoxe-433096232497-1684125439971-1696548615153-cd1d3d402b441a7d6039d167da7d37bd",
                "thumb_1024_w": 1024,
                "thumb_1024_h": 768,
                "image_exif_rotation": 1,
                "original_w": 4032,
                "original_h": 3024,
                "permalink": "https:\/\/rawbaconrobotics.slack.com\/files\/UCQTZ5F6C\/FD6SMA62E\/2018_latch.jpg",
                "permalink_public": "https:\/\/slack-files.com\/TCR2U6UEM-FD6SMA62E-8e101fc3a7",
                "is_starred": false,
                "has_rich_preview": false
            }
        ],
        "upload": true,
        "user": "UCQTZ5F6C",
        "display_as_bot": false,
        "ts": "1538623648.000400"
    },
    {
        "type": "message",
        "text": "10\/3\/2018 Latch.jpg Has been uploaded by Elliot Schmidt<https:\/\/drive.google.com\/a\/iccsd.k12.ia.us\/file\/d\/1VX6XsU8CvldMQhFD_BDYPFLxDmniMuem\/preview?usp=drivesdk>",
        "files": [
            {
                "id": "FD650067J",
                "created": 1538623640,
                "timestamp": 1538623640,
                "name": "2018 Latch.jpg",
                "title": "2018 Latch",
                "mimetype": "image\/jpeg",
                "filetype": "jpg",
                "pretty_type": "JPEG",
                "user": "UCQTZ5F6C",
                "editable": false,
                "size": 1904974,
                "mode": "hosted",
                "is_external": false,
                "external_type": "",
                "is_public": true,
                "public_url_shared": false,
                "display_as_bot": false,
                "username": "",
                "url_private": "https:\/\/files.slack.com\/files-pri\/TCR2U6UEM-FD650067J\/2018_latch.jpg?t=xoxe-433096232497-1684125439971-1696548615153-cd1d3d402b441a7d6039d167da7d37bd",
                "url_private_download": "https:\/\/files.slack.com\/files-pri\/TCR2U6UEM-FD650067J\/download\/2018_latch.jpg?t=xoxe-433096232497-1684125439971-1696548615153-cd1d3d402b441a7d6039d167da7d37bd",
                "thumb_64": "https:\/\/files.slack.com\/files-tmb\/TCR2U6UEM-FD650067J-7f9b1f6259\/2018_latch_64.jpg?t=xoxe-433096232497-1684125439971-1696548615153-cd1d3d402b441a7d6039d167da7d37bd",
                "thumb_80": "https:\/\/files.slack.com\/files-tmb\/TCR2U6UEM-FD650067J-7f9b1f6259\/2018_latch_80.jpg?t=xoxe-433096232497-1684125439971-1696548615153-cd1d3d402b441a7d6039d167da7d37bd",
                "thumb_360": "https:\/\/files.slack.com\/files-tmb\/TCR2U6UEM-FD650067J-7f9b1f6259\/2018_latch_360.jpg?t=xoxe-433096232497-1684125439971-1696548615153-cd1d3d402b441a7d6039d167da7d37bd",
                "thumb_360_w": 360,
                "thumb_360_h": 270,
                "thumb_480": "https:\/\/files.slack.com\/files-tmb\/TCR2U6UEM-FD650067J-7f9b1f6259\/2018_latch_480.jpg?t=xoxe-433096232497-1684125439971-1696548615153-cd1d3d402b441a7d6039d167da7d37bd",
                "thumb_480_w": 480,
                "thumb_480_h": 360,
                "thumb_160": "https:\/\/files.slack.com\/files-tmb\/TCR2U6UEM-FD650067J-7f9b1f6259\/2018_latch_160.jpg?t=xoxe-433096232497-1684125439971-1696548615153-cd1d3d402b441a7d6039d167da7d37bd",
                "thumb_720": "https:\/\/files.slack.com\/files-tmb\/TCR2U6UEM-FD650067J-7f9b1f6259\/2018_latch_720.jpg?t=xoxe-433096232497-1684125439971-1696548615153-cd1d3d402b441a7d6039d167da7d37bd",
                "thumb_720_w": 720,
                "thumb_720_h": 540,
                "thumb_800": "https:\/\/files.slack.com\/files-tmb\/TCR2U6UEM-FD650067J-7f9b1f6259\/2018_latch_800.jpg?t=xoxe-433096232497-1684125439971-1696548615153-cd1d3d402b441a7d6039d167da7d37bd",
                "thumb_800_w": 800,
                "thumb_800_h": 600,
                "thumb_960": "https:\/\/files.slack.com\/files-tmb\/TCR2U6UEM-FD650067J-7f9b1f6259\/2018_latch_960.jpg?t=xoxe-433096232497-1684125439971-1696548615153-cd1d3d402b441a7d6039d167da7d37bd",
                "thumb_960_w": 960,
                "thumb_960_h": 720,
                "thumb_1024": "https:\/\/files.slack.com\/files-tmb\/TCR2U6UEM-FD650067J-7f9b1f6259\/2018_latch_1024.jpg?t=xoxe-433096232497-1684125439971-1696548615153-cd1d3d402b441a7d6039d167da7d37bd",
                "thumb_1024_w": 1024,
                "thumb_1024_h": 768,
                "image_exif_rotation": 1,
                "original_w": 4032,
                "original_h": 3024,
                "permalink": "https:\/\/rawbaconrobotics.slack.com\/files\/UCQTZ5F6C\/FD650067J\/2018_latch.jpg",
                "permalink_public": "https:\/\/slack-files.com\/TCR2U6UEM-FD650067J-7b3d6bc365",
                "is_starred": false,
                "has_rich_preview": false
            }
        ],
        "upload": true,
        "user": "UCQTZ5F6C",
        "display_as_bot": false,
        "ts": "1538623649.000100"
    },
    {
        "type": "message",
        "text": "10\/3\/2018 Latch.jpg Has been uploaded by Elliot Schmidt<https:\/\/drive.google.com\/a\/iccsd.k12.ia.us\/file\/d\/1fSD2zhIVuAvuTMng2Vsvo86fvJ3gtSzG\/preview?usp=drivesdk>",
        "files": [
            {
                "id": "FD87VDFP0",
                "created": 1538623642,
                "timestamp": 1538623642,
                "name": "2018 Latch.jpg",
                "title": "2018 Latch",
                "mimetype": "image\/jpeg",
                "filetype": "jpg",
                "pretty_type": "JPEG",
                "user": "UCQTZ5F6C",
                "editable": false,
                "size": 1875325,
                "mode": "hosted",
                "is_external": false,
                "external_type": "",
                "is_public": true,
                "public_url_shared": false,
                "display_as_bot": false,
                "username": "",
                "url_private": "https:\/\/files.slack.com\/files-pri\/TCR2U6UEM-FD87VDFP0\/2018_latch.jpg?t=xoxe-433096232497-1684125439971-1696548615153-cd1d3d402b441a7d6039d167da7d37bd",
                "url_private_download": "https:\/\/files.slack.com\/files-pri\/TCR2U6UEM-FD87VDFP0\/download\/2018_latch.jpg?t=xoxe-433096232497-1684125439971-1696548615153-cd1d3d402b441a7d6039d167da7d37bd",
                "thumb_64": "https:\/\/files.slack.com\/files-tmb\/TCR2U6UEM-FD87VDFP0-1ad03a65ce\/2018_latch_64.jpg?t=xoxe-433096232497-1684125439971-1696548615153-cd1d3d402b441a7d6039d167da7d37bd",
                "thumb_80": "https:\/\/files.slack.com\/files-tmb\/TCR2U6UEM-FD87VDFP0-1ad03a65ce\/2018_latch_80.jpg?t=xoxe-433096232497-1684125439971-1696548615153-cd1d3d402b441a7d6039d167da7d37bd",
                "thumb_360": "https:\/\/files.slack.com\/files-tmb\/TCR2U6UEM-FD87VDFP0-1ad03a65ce\/2018_latch_360.jpg?t=xoxe-433096232497-1684125439971-1696548615153-cd1d3d402b441a7d6039d167da7d37bd",
                "thumb_360_w": 360,
                "thumb_360_h": 270,
                "thumb_480": "https:\/\/files.slack.com\/files-tmb\/TCR2U6UEM-FD87VDFP0-1ad03a65ce\/2018_latch_480.jpg?t=xoxe-433096232497-1684125439971-1696548615153-cd1d3d402b441a7d6039d167da7d37bd",
                "thumb_480_w": 480,
                "thumb_480_h": 360,
                "thumb_160": "https:\/\/files.slack.com\/files-tmb\/TCR2U6UEM-FD87VDFP0-1ad03a65ce\/2018_latch_160.jpg?t=xoxe-433096232497-1684125439971-1696548615153-cd1d3d402b441a7d6039d167da7d37bd",
                "thumb_720": "https:\/\/files.slack.com\/files-tmb\/TCR2U6UEM-FD87VDFP0-1ad03a65ce\/2018_latch_720.jpg?t=xoxe-433096232497-1684125439971-1696548615153-cd1d3d402b441a7d6039d167da7d37bd",
                "thumb_720_w": 720,
                "thumb_720_h": 540,
                "thumb_800": "https:\/\/files.slack.com\/files-tmb\/TCR2U6UEM-FD87VDFP0-1ad03a65ce\/2018_latch_800.jpg?t=xoxe-433096232497-1684125439971-1696548615153-cd1d3d402b441a7d6039d167da7d37bd",
                "thumb_800_w": 800,
                "thumb_800_h": 600,
                "thumb_960": "https:\/\/files.slack.com\/files-tmb\/TCR2U6UEM-FD87VDFP0-1ad03a65ce\/2018_latch_960.jpg?t=xoxe-433096232497-1684125439971-1696548615153-cd1d3d402b441a7d6039d167da7d37bd",
                "thumb_960_w": 960,
                "thumb_960_h": 720,
                "thumb_1024": "https:\/\/files.slack.com\/files-tmb\/TCR2U6UEM-FD87VDFP0-1ad03a65ce\/2018_latch_1024.jpg?t=xoxe-433096232497-1684125439971-1696548615153-cd1d3d402b441a7d6039d167da7d37bd",
                "thumb_1024_w": 1024,
                "thumb_1024_h": 768,
                "image_exif_rotation": 1,
                "original_w": 4032,
                "original_h": 3024,
                "permalink": "https:\/\/rawbaconrobotics.slack.com\/files\/UCQTZ5F6C\/FD87VDFP0\/2018_latch.jpg",
                "permalink_public": "https:\/\/slack-files.com\/TCR2U6UEM-FD87VDFP0-d2a80e231c",
                "is_starred": false,
                "has_rich_preview": false
            }
        ],
        "upload": true,
        "user": "UCQTZ5F6C",
        "display_as_bot": false,
        "ts": "1538623650.000100"
    }
]