[
    {
        "type": "message",
        "text": "Marker dispenser 9\/19\/2018.JPG Has been uploaded by Tyler Cermak<https:\/\/drive.google.com\/a\/iccsd.k12.ia.us\/file\/d\/1pcf1JU_i_Jiq51xtqezosAMCYuV91T9u\/preview?usp=drivesdk>",
        "files": [
            {
                "id": "FCX25Q7AM",
                "created": 1537454880,
                "timestamp": 1537454880,
                "name": "2018.JPG",
                "title": "2018",
                "mimetype": "image\/jpeg",
                "filetype": "jpg",
                "pretty_type": "JPEG",
                "user": "UCQTZ5F6C",
                "editable": false,
                "size": 3082835,
                "mode": "hosted",
                "is_external": false,
                "external_type": "",
                "is_public": true,
                "public_url_shared": false,
                "display_as_bot": false,
                "username": "",
                "url_private": "https:\/\/files.slack.com\/files-pri\/TCR2U6UEM-FCX25Q7AM\/2018.jpg?t=xoxe-433096232497-1684125439971-1696548615153-cd1d3d402b441a7d6039d167da7d37bd",
                "url_private_download": "https:\/\/files.slack.com\/files-pri\/TCR2U6UEM-FCX25Q7AM\/download\/2018.jpg?t=xoxe-433096232497-1684125439971-1696548615153-cd1d3d402b441a7d6039d167da7d37bd",
                "thumb_64": "https:\/\/files.slack.com\/files-tmb\/TCR2U6UEM-FCX25Q7AM-9343a519b9\/2018_64.jpg?t=xoxe-433096232497-1684125439971-1696548615153-cd1d3d402b441a7d6039d167da7d37bd",
                "thumb_80": "https:\/\/files.slack.com\/files-tmb\/TCR2U6UEM-FCX25Q7AM-9343a519b9\/2018_80.jpg?t=xoxe-433096232497-1684125439971-1696548615153-cd1d3d402b441a7d6039d167da7d37bd",
                "thumb_360": "https:\/\/files.slack.com\/files-tmb\/TCR2U6UEM-FCX25Q7AM-9343a519b9\/2018_360.jpg?t=xoxe-433096232497-1684125439971-1696548615153-cd1d3d402b441a7d6039d167da7d37bd",
                "thumb_360_w": 360,
                "thumb_360_h": 270,
                "thumb_480": "https:\/\/files.slack.com\/files-tmb\/TCR2U6UEM-FCX25Q7AM-9343a519b9\/2018_480.jpg?t=xoxe-433096232497-1684125439971-1696548615153-cd1d3d402b441a7d6039d167da7d37bd",
                "thumb_480_w": 480,
                "thumb_480_h": 360,
                "thumb_160": "https:\/\/files.slack.com\/files-tmb\/TCR2U6UEM-FCX25Q7AM-9343a519b9\/2018_160.jpg?t=xoxe-433096232497-1684125439971-1696548615153-cd1d3d402b441a7d6039d167da7d37bd",
                "thumb_720": "https:\/\/files.slack.com\/files-tmb\/TCR2U6UEM-FCX25Q7AM-9343a519b9\/2018_720.jpg?t=xoxe-433096232497-1684125439971-1696548615153-cd1d3d402b441a7d6039d167da7d37bd",
                "thumb_720_w": 720,
                "thumb_720_h": 540,
                "thumb_800": "https:\/\/files.slack.com\/files-tmb\/TCR2U6UEM-FCX25Q7AM-9343a519b9\/2018_800.jpg?t=xoxe-433096232497-1684125439971-1696548615153-cd1d3d402b441a7d6039d167da7d37bd",
                "thumb_800_w": 800,
                "thumb_800_h": 600,
                "thumb_960": "https:\/\/files.slack.com\/files-tmb\/TCR2U6UEM-FCX25Q7AM-9343a519b9\/2018_960.jpg?t=xoxe-433096232497-1684125439971-1696548615153-cd1d3d402b441a7d6039d167da7d37bd",
                "thumb_960_w": 960,
                "thumb_960_h": 720,
                "thumb_1024": "https:\/\/files.slack.com\/files-tmb\/TCR2U6UEM-FCX25Q7AM-9343a519b9\/2018_1024.jpg?t=xoxe-433096232497-1684125439971-1696548615153-cd1d3d402b441a7d6039d167da7d37bd",
                "thumb_1024_w": 1024,
                "thumb_1024_h": 768,
                "image_exif_rotation": 1,
                "original_w": 4032,
                "original_h": 3024,
                "permalink": "https:\/\/rawbaconrobotics.slack.com\/files\/UCQTZ5F6C\/FCX25Q7AM\/2018.jpg",
                "permalink_public": "https:\/\/slack-files.com\/TCR2U6UEM-FCX25Q7AM-6a0dcca34c",
                "is_starred": false,
                "has_rich_preview": false
            }
        ],
        "upload": true,
        "user": "UCQTZ5F6C",
        "display_as_bot": false,
        "ts": "1537454889.000100"
    },
    {
        "type": "message",
        "text": "Marker dispenser 9\/19\/2018..JPG Has been uploaded by Tyler Cermak<https:\/\/drive.google.com\/a\/iccsd.k12.ia.us\/file\/d\/1Ngzo1bkkr_s7GPjD3L308mdGm_b-4WqD\/preview?usp=drivesdk>",
        "files": [
            {
                "id": "FCXQG2YG5",
                "created": 1537454881,
                "timestamp": 1537454881,
                "name": "2018..JPG",
                "title": "2018.",
                "mimetype": "image\/jpeg",
                "filetype": "jpg",
                "pretty_type": "JPEG",
                "user": "UCQTZ5F6C",
                "editable": false,
                "size": 2941374,
                "mode": "hosted",
                "is_external": false,
                "external_type": "",
                "is_public": true,
                "public_url_shared": false,
                "display_as_bot": false,
                "username": "",
                "url_private": "https:\/\/files.slack.com\/files-pri\/TCR2U6UEM-FCXQG2YG5\/2018..jpg?t=xoxe-433096232497-1684125439971-1696548615153-cd1d3d402b441a7d6039d167da7d37bd",
                "url_private_download": "https:\/\/files.slack.com\/files-pri\/TCR2U6UEM-FCXQG2YG5\/download\/2018..jpg?t=xoxe-433096232497-1684125439971-1696548615153-cd1d3d402b441a7d6039d167da7d37bd",
                "thumb_64": "https:\/\/files.slack.com\/files-tmb\/TCR2U6UEM-FCXQG2YG5-b9a7483a57\/2018._64.jpg?t=xoxe-433096232497-1684125439971-1696548615153-cd1d3d402b441a7d6039d167da7d37bd",
                "thumb_80": "https:\/\/files.slack.com\/files-tmb\/TCR2U6UEM-FCXQG2YG5-b9a7483a57\/2018._80.jpg?t=xoxe-433096232497-1684125439971-1696548615153-cd1d3d402b441a7d6039d167da7d37bd",
                "thumb_360": "https:\/\/files.slack.com\/files-tmb\/TCR2U6UEM-FCXQG2YG5-b9a7483a57\/2018._360.jpg?t=xoxe-433096232497-1684125439971-1696548615153-cd1d3d402b441a7d6039d167da7d37bd",
                "thumb_360_w": 360,
                "thumb_360_h": 270,
                "thumb_480": "https:\/\/files.slack.com\/files-tmb\/TCR2U6UEM-FCXQG2YG5-b9a7483a57\/2018._480.jpg?t=xoxe-433096232497-1684125439971-1696548615153-cd1d3d402b441a7d6039d167da7d37bd",
                "thumb_480_w": 480,
                "thumb_480_h": 360,
                "thumb_160": "https:\/\/files.slack.com\/files-tmb\/TCR2U6UEM-FCXQG2YG5-b9a7483a57\/2018._160.jpg?t=xoxe-433096232497-1684125439971-1696548615153-cd1d3d402b441a7d6039d167da7d37bd",
                "thumb_720": "https:\/\/files.slack.com\/files-tmb\/TCR2U6UEM-FCXQG2YG5-b9a7483a57\/2018._720.jpg?t=xoxe-433096232497-1684125439971-1696548615153-cd1d3d402b441a7d6039d167da7d37bd",
                "thumb_720_w": 720,
                "thumb_720_h": 540,
                "thumb_800": "https:\/\/files.slack.com\/files-tmb\/TCR2U6UEM-FCXQG2YG5-b9a7483a57\/2018._800.jpg?t=xoxe-433096232497-1684125439971-1696548615153-cd1d3d402b441a7d6039d167da7d37bd",
                "thumb_800_w": 800,
                "thumb_800_h": 600,
                "thumb_960": "https:\/\/files.slack.com\/files-tmb\/TCR2U6UEM-FCXQG2YG5-b9a7483a57\/2018._960.jpg?t=xoxe-433096232497-1684125439971-1696548615153-cd1d3d402b441a7d6039d167da7d37bd",
                "thumb_960_w": 960,
                "thumb_960_h": 720,
                "thumb_1024": "https:\/\/files.slack.com\/files-tmb\/TCR2U6UEM-FCXQG2YG5-b9a7483a57\/2018._1024.jpg?t=xoxe-433096232497-1684125439971-1696548615153-cd1d3d402b441a7d6039d167da7d37bd",
                "thumb_1024_w": 1024,
                "thumb_1024_h": 768,
                "image_exif_rotation": 1,
                "original_w": 4032,
                "original_h": 3024,
                "permalink": "https:\/\/rawbaconrobotics.slack.com\/files\/UCQTZ5F6C\/FCXQG2YG5\/2018..jpg",
                "permalink_public": "https:\/\/slack-files.com\/TCR2U6UEM-FCXQG2YG5-3bab22a63d",
                "is_starred": false,
                "has_rich_preview": false
            }
        ],
        "upload": true,
        "user": "UCQTZ5F6C",
        "display_as_bot": false,
        "ts": "1537454891.000100"
    },
    {
        "type": "message",
        "text": "Drivetrain bottom view 9\/19\/2018.JPG Has been uploaded by Tyler Cermak<https:\/\/drive.google.com\/a\/iccsd.k12.ia.us\/file\/d\/1eCgZIEYy-5sY5VIhr2WDlFU-vKckqsN1\/preview?usp=drivesdk>",
        "files": [
            {
                "id": "FCXKES3QS",
                "created": 1537454883,
                "timestamp": 1537454883,
                "name": "2018.JPG",
                "title": "2018",
                "mimetype": "image\/jpeg",
                "filetype": "jpg",
                "pretty_type": "JPEG",
                "user": "UCQTZ5F6C",
                "editable": false,
                "size": 2827279,
                "mode": "hosted",
                "is_external": false,
                "external_type": "",
                "is_public": true,
                "public_url_shared": false,
                "display_as_bot": false,
                "username": "",
                "url_private": "https:\/\/files.slack.com\/files-pri\/TCR2U6UEM-FCXKES3QS\/2018.jpg?t=xoxe-433096232497-1684125439971-1696548615153-cd1d3d402b441a7d6039d167da7d37bd",
                "url_private_download": "https:\/\/files.slack.com\/files-pri\/TCR2U6UEM-FCXKES3QS\/download\/2018.jpg?t=xoxe-433096232497-1684125439971-1696548615153-cd1d3d402b441a7d6039d167da7d37bd",
                "thumb_64": "https:\/\/files.slack.com\/files-tmb\/TCR2U6UEM-FCXKES3QS-d1763f828d\/2018_64.jpg?t=xoxe-433096232497-1684125439971-1696548615153-cd1d3d402b441a7d6039d167da7d37bd",
                "thumb_80": "https:\/\/files.slack.com\/files-tmb\/TCR2U6UEM-FCXKES3QS-d1763f828d\/2018_80.jpg?t=xoxe-433096232497-1684125439971-1696548615153-cd1d3d402b441a7d6039d167da7d37bd",
                "thumb_360": "https:\/\/files.slack.com\/files-tmb\/TCR2U6UEM-FCXKES3QS-d1763f828d\/2018_360.jpg?t=xoxe-433096232497-1684125439971-1696548615153-cd1d3d402b441a7d6039d167da7d37bd",
                "thumb_360_w": 270,
                "thumb_360_h": 360,
                "thumb_480": "https:\/\/files.slack.com\/files-tmb\/TCR2U6UEM-FCXKES3QS-d1763f828d\/2018_480.jpg?t=xoxe-433096232497-1684125439971-1696548615153-cd1d3d402b441a7d6039d167da7d37bd",
                "thumb_480_w": 360,
                "thumb_480_h": 480,
                "thumb_160": "https:\/\/files.slack.com\/files-tmb\/TCR2U6UEM-FCXKES3QS-d1763f828d\/2018_160.jpg?t=xoxe-433096232497-1684125439971-1696548615153-cd1d3d402b441a7d6039d167da7d37bd",
                "thumb_720": "https:\/\/files.slack.com\/files-tmb\/TCR2U6UEM-FCXKES3QS-d1763f828d\/2018_720.jpg?t=xoxe-433096232497-1684125439971-1696548615153-cd1d3d402b441a7d6039d167da7d37bd",
                "thumb_720_w": 540,
                "thumb_720_h": 720,
                "thumb_800": "https:\/\/files.slack.com\/files-tmb\/TCR2U6UEM-FCXKES3QS-d1763f828d\/2018_800.jpg?t=xoxe-433096232497-1684125439971-1696548615153-cd1d3d402b441a7d6039d167da7d37bd",
                "thumb_800_w": 800,
                "thumb_800_h": 1067,
                "thumb_960": "https:\/\/files.slack.com\/files-tmb\/TCR2U6UEM-FCXKES3QS-d1763f828d\/2018_960.jpg?t=xoxe-433096232497-1684125439971-1696548615153-cd1d3d402b441a7d6039d167da7d37bd",
                "thumb_960_w": 720,
                "thumb_960_h": 960,
                "thumb_1024": "https:\/\/files.slack.com\/files-tmb\/TCR2U6UEM-FCXKES3QS-d1763f828d\/2018_1024.jpg?t=xoxe-433096232497-1684125439971-1696548615153-cd1d3d402b441a7d6039d167da7d37bd",
                "thumb_1024_w": 768,
                "thumb_1024_h": 1024,
                "image_exif_rotation": 6,
                "original_w": 4032,
                "original_h": 3024,
                "permalink": "https:\/\/rawbaconrobotics.slack.com\/files\/UCQTZ5F6C\/FCXKES3QS\/2018.jpg",
                "permalink_public": "https:\/\/slack-files.com\/TCR2U6UEM-FCXKES3QS-116e75c6ea",
                "is_starred": false,
                "has_rich_preview": false
            }
        ],
        "upload": true,
        "user": "UCQTZ5F6C",
        "display_as_bot": false,
        "ts": "1537454892.000100"
    },
    {
        "type": "message",
        "text": "Drivetrain top view 9\/19\/2018.JPG Has been uploaded by Tyler Cermak<https:\/\/drive.google.com\/a\/iccsd.k12.ia.us\/file\/d\/1d7IGL1BrWNIqAf8KY_AXJU8B4wyiZdgp\/preview?usp=drivesdk>",
        "files": [
            {
                "id": "FCXKERTA6",
                "created": 1537454882,
                "timestamp": 1537454882,
                "name": "2018.JPG",
                "title": "2018",
                "mimetype": "image\/jpeg",
                "filetype": "jpg",
                "pretty_type": "JPEG",
                "user": "UCQTZ5F6C",
                "editable": false,
                "size": 2678128,
                "mode": "hosted",
                "is_external": false,
                "external_type": "",
                "is_public": true,
                "public_url_shared": false,
                "display_as_bot": false,
                "username": "",
                "url_private": "https:\/\/files.slack.com\/files-pri\/TCR2U6UEM-FCXKERTA6\/2018.jpg?t=xoxe-433096232497-1684125439971-1696548615153-cd1d3d402b441a7d6039d167da7d37bd",
                "url_private_download": "https:\/\/files.slack.com\/files-pri\/TCR2U6UEM-FCXKERTA6\/download\/2018.jpg?t=xoxe-433096232497-1684125439971-1696548615153-cd1d3d402b441a7d6039d167da7d37bd",
                "thumb_64": "https:\/\/files.slack.com\/files-tmb\/TCR2U6UEM-FCXKERTA6-6f9787d9e9\/2018_64.jpg?t=xoxe-433096232497-1684125439971-1696548615153-cd1d3d402b441a7d6039d167da7d37bd",
                "thumb_80": "https:\/\/files.slack.com\/files-tmb\/TCR2U6UEM-FCXKERTA6-6f9787d9e9\/2018_80.jpg?t=xoxe-433096232497-1684125439971-1696548615153-cd1d3d402b441a7d6039d167da7d37bd",
                "thumb_360": "https:\/\/files.slack.com\/files-tmb\/TCR2U6UEM-FCXKERTA6-6f9787d9e9\/2018_360.jpg?t=xoxe-433096232497-1684125439971-1696548615153-cd1d3d402b441a7d6039d167da7d37bd",
                "thumb_360_w": 270,
                "thumb_360_h": 360,
                "thumb_480": "https:\/\/files.slack.com\/files-tmb\/TCR2U6UEM-FCXKERTA6-6f9787d9e9\/2018_480.jpg?t=xoxe-433096232497-1684125439971-1696548615153-cd1d3d402b441a7d6039d167da7d37bd",
                "thumb_480_w": 360,
                "thumb_480_h": 480,
                "thumb_160": "https:\/\/files.slack.com\/files-tmb\/TCR2U6UEM-FCXKERTA6-6f9787d9e9\/2018_160.jpg?t=xoxe-433096232497-1684125439971-1696548615153-cd1d3d402b441a7d6039d167da7d37bd",
                "thumb_720": "https:\/\/files.slack.com\/files-tmb\/TCR2U6UEM-FCXKERTA6-6f9787d9e9\/2018_720.jpg?t=xoxe-433096232497-1684125439971-1696548615153-cd1d3d402b441a7d6039d167da7d37bd",
                "thumb_720_w": 540,
                "thumb_720_h": 720,
                "thumb_800": "https:\/\/files.slack.com\/files-tmb\/TCR2U6UEM-FCXKERTA6-6f9787d9e9\/2018_800.jpg?t=xoxe-433096232497-1684125439971-1696548615153-cd1d3d402b441a7d6039d167da7d37bd",
                "thumb_800_w": 800,
                "thumb_800_h": 1067,
                "thumb_960": "https:\/\/files.slack.com\/files-tmb\/TCR2U6UEM-FCXKERTA6-6f9787d9e9\/2018_960.jpg?t=xoxe-433096232497-1684125439971-1696548615153-cd1d3d402b441a7d6039d167da7d37bd",
                "thumb_960_w": 720,
                "thumb_960_h": 960,
                "thumb_1024": "https:\/\/files.slack.com\/files-tmb\/TCR2U6UEM-FCXKERTA6-6f9787d9e9\/2018_1024.jpg?t=xoxe-433096232497-1684125439971-1696548615153-cd1d3d402b441a7d6039d167da7d37bd",
                "thumb_1024_w": 768,
                "thumb_1024_h": 1024,
                "image_exif_rotation": 6,
                "original_w": 4032,
                "original_h": 3024,
                "permalink": "https:\/\/rawbaconrobotics.slack.com\/files\/UCQTZ5F6C\/FCXKERTA6\/2018.jpg",
                "permalink_public": "https:\/\/slack-files.com\/TCR2U6UEM-FCXKERTA6-c66c3dc0ff",
                "is_starred": false,
                "has_rich_preview": false
            }
        ],
        "upload": true,
        "user": "UCQTZ5F6C",
        "display_as_bot": false,
        "ts": "1537454892.000400"
    }
]