[
    {
        "type": "message",
        "subtype": "bot_message",
        "text": "Remote pilot demo 11_11_2020.mp4 has been uploaded at 2020-11-12T00:37:18.408Z by Robert Crawford. Link: <https:\/\/drive.google.com\/file\/d\/1ZnBNq1SJmBtAeh9zD0zQTPKNdSb8QLBY\/view?usp=drivesdk>",
        "ts": "1605141552.000100",
        "username": "Google Drive Upload",
        "icons": {
            "image_48": "https:\/\/s3-us-west-2.amazonaws.com\/slack-files2\/bot_icons\/2020-03-25\/1014950346595_48.png"
        },
        "bot_id": "B01022DUX6F"
    },
    {
        "type": "message",
        "subtype": "bot_message",
        "text": "Chassis Design has been uploaded at 2020-11-12T06:24:09.884Z by Elliot Schmidt. Link: <https:\/\/docs.google.com\/document\/d\/15Gt_LkIipThNzGg3_F6fa57OS2J3W1BTW7NCCfePyls\/edit?usp=drivesdk>",
        "ts": "1605163045.000200",
        "username": "Google Drive Upload",
        "icons": {
            "image_48": "https:\/\/s3-us-west-2.amazonaws.com\/slack-files2\/bot_icons\/2018-09-11\/433108187809_48.png"
        },
        "bot_id": "B01022DUX6F"
    },
    {
        "type": "message",
        "subtype": "bot_message",
        "text": "Modular Mounting Design has been uploaded at 2020-11-12T06:13:08.546Z by Elliot Schmidt. Link: <https:\/\/docs.google.com\/document\/d\/1gg8nVIV6cFZXY4w5wxeK044F6kAKDgeoiJKx-IpQp5A\/edit?usp=drivesdk>",
        "ts": "1605163046.000300",
        "username": "Google Drive Upload",
        "icons": {
            "image_48": "https:\/\/s3-us-west-2.amazonaws.com\/slack-files2\/bot_icons\/2018-09-11\/433108187809_48.png"
        },
        "bot_id": "B01022DUX6F"
    },
    {
        "type": "message",
        "subtype": "bot_message",
        "text": "Rev A Module Bottome.png has been uploaded at 2020-11-12T07:14:07.082Z by Elliot Schmidt. Link: <https:\/\/drive.google.com\/file\/d\/1CrYZjtrOiTFPQAeSlVZ8ZrLAXiS6XC2P\/view?usp=drivesdk>",
        "ts": "1605165664.000400",
        "username": "Google Drive Upload",
        "icons": {
            "image_48": "https:\/\/s3-us-west-2.amazonaws.com\/slack-files2\/bot_icons\/2020-09-16\/1361907952326_48.png"
        },
        "bot_id": "B01022DUX6F"
    },
    {
        "type": "message",
        "subtype": "bot_message",
        "text": "Rev A Module Left.png has been uploaded at 2020-11-12T07:14:12.166Z by Elliot Schmidt. Link: <https:\/\/drive.google.com\/file\/d\/1l35wCutQHl1e0Ct_inmI2C-y4MVI-Ojn\/view?usp=drivesdk>",
        "ts": "1605165665.000500",
        "username": "Google Drive Upload",
        "icons": {
            "image_48": "https:\/\/s3-us-west-2.amazonaws.com\/slack-files2\/bot_icons\/2020-09-16\/1361907952326_48.png"
        },
        "bot_id": "B01022DUX6F"
    },
    {
        "type": "message",
        "subtype": "bot_message",
        "text": "Rev A Module Right.png has been uploaded at 2020-11-12T07:14:14.852Z by Elliot Schmidt. Link: <https:\/\/drive.google.com\/file\/d\/1Q4vW6WmqNhGhQY4MipWCk0blciiO02o3\/view?usp=drivesdk>",
        "ts": "1605165666.000600",
        "username": "Google Drive Upload",
        "icons": {
            "image_48": "https:\/\/s3-us-west-2.amazonaws.com\/slack-files2\/bot_icons\/2020-09-16\/1361907952326_48.png"
        },
        "bot_id": "B01022DUX6F"
    },
    {
        "type": "message",
        "subtype": "bot_message",
        "text": "Rev A Module ISO.png has been uploaded at 2020-11-12T07:14:09.556Z by Elliot Schmidt. Link: <https:\/\/drive.google.com\/file\/d\/1r_3DaGtY4X1oYN-3L5JPXDGrdbu6VuKg\/view?usp=drivesdk>",
        "ts": "1605165667.000700",
        "username": "Google Drive Upload",
        "icons": {
            "image_48": "https:\/\/s3-us-west-2.amazonaws.com\/slack-files2\/bot_icons\/2020-09-16\/1361907952326_48.png"
        },
        "bot_id": "B01022DUX6F"
    },
    {
        "type": "message",
        "subtype": "bot_message",
        "text": "RevAB Combo Bottom Left.png has been uploaded at 2020-11-12T07:14:17.402Z by Elliot Schmidt. Link: <https:\/\/drive.google.com\/file\/d\/1EYq8KnDo9EkYjoKk70G01RAvlWgqYBvn\/view?usp=drivesdk>",
        "ts": "1605165668.000800",
        "username": "Google Drive Upload",
        "icons": {
            "image_48": "https:\/\/s3-us-west-2.amazonaws.com\/slack-files2\/bot_icons\/2020-09-16\/1361907952326_48.png"
        },
        "bot_id": "B01022DUX6F"
    },
    {
        "type": "message",
        "subtype": "bot_message",
        "text": "RevAB Combo Left.png has been uploaded at 2020-11-12T07:14:22.896Z by Elliot Schmidt. Link: <https:\/\/drive.google.com\/file\/d\/1yEhARnZuqLw23ATnIaovZ3tnuOqW_mtk\/view?usp=drivesdk>",
        "ts": "1605165669.000900",
        "username": "Google Drive Upload",
        "icons": {
            "image_48": "https:\/\/s3-us-west-2.amazonaws.com\/slack-files2\/bot_icons\/2020-09-16\/1361907952326_48.png"
        },
        "bot_id": "B01022DUX6F"
    },
    {
        "type": "message",
        "subtype": "bot_message",
        "text": "RevAB Combo Right.png has been uploaded at 2020-11-12T07:14:25.465Z by Elliot Schmidt. Link: <https:\/\/drive.google.com\/file\/d\/1J5B4ncItX8lZeDsBjjCa8Hi8cSzgKjwM\/view?usp=drivesdk>",
        "ts": "1605165670.001000",
        "username": "Google Drive Upload",
        "icons": {
            "image_48": "https:\/\/s3-us-west-2.amazonaws.com\/slack-files2\/bot_icons\/2020-09-16\/1361907952326_48.png"
        },
        "bot_id": "B01022DUX6F"
    },
    {
        "type": "message",
        "subtype": "bot_message",
        "text": "RevAB Combo ISO.png has been uploaded at 2020-11-12T07:14:20.057Z by Elliot Schmidt. Link: <https:\/\/drive.google.com\/file\/d\/13ZQInsH4NRekNzmTmXjGtgh7iqIeEm9r\/view?usp=drivesdk>",
        "ts": "1605165671.001100",
        "username": "Google Drive Upload",
        "icons": {
            "image_48": "https:\/\/s3-us-west-2.amazonaws.com\/slack-files2\/bot_icons\/2020-09-16\/1361907952326_48.png"
        },
        "bot_id": "B01022DUX6F"
    },
    {
        "type": "message",
        "subtype": "bot_message",
        "text": "Odometry Module Design - Line chart 1 has been uploaded at 2020-11-12T07:29:33.718Z by Elliot Schmidt. Link: <https:\/\/docs.google.com\/spreadsheets\/d\/18s8WohoDfCxG0cUpGBc8VlxEGDmSgmPuWHhk-tKYcfc\/edit?usp=drivesdk>",
        "ts": "1605166640.001300",
        "username": "Google Drive Upload",
        "icons": {
            "image_48": "https:\/\/s3-us-west-2.amazonaws.com\/slack-files2\/bot_icons\/2020-09-15\/1371960314164_48.png"
        },
        "bot_id": "B01022DUX6F"
    },
    {
        "type": "message",
        "subtype": "bot_message",
        "text": "2020_11_12 1_47 AM Office Lens (1).jpg has been uploaded at 2020-11-12T07:48:22.474Z by Elliot Schmidt. Link: <https:\/\/drive.google.com\/file\/d\/1_tWbwqNfbzNOG36Goo0_YTiVIa84_EL-\/view?usp=drivesdk>",
        "ts": "1605167496.001400",
        "username": "Google Drive Upload",
        "icons": {
            "image_48": "https:\/\/s3-us-west-2.amazonaws.com\/slack-files2\/bot_icons\/2018-10-02\/447295945121_48.png"
        },
        "bot_id": "B01022DUX6F"
    },
    {
        "type": "message",
        "subtype": "bot_message",
        "text": "2020_11_12 1_47 AM Office Lens (2).jpg has been uploaded at 2020-11-12T07:48:20.333Z by Elliot Schmidt. Link: <https:\/\/drive.google.com\/file\/d\/1_nD0z5fgyPTs0Vna4BIM_HzCJ6D96rUd\/view?usp=drivesdk>",
        "ts": "1605167497.001500",
        "username": "Google Drive Upload",
        "icons": {
            "image_48": "https:\/\/s3-us-west-2.amazonaws.com\/slack-files2\/bot_icons\/2018-10-02\/447295945121_48.png"
        },
        "bot_id": "B01022DUX6F"
    },
    {
        "type": "message",
        "subtype": "bot_message",
        "text": "2020_11_12 1_47 AM Office Lens (3).jpg has been uploaded at 2020-11-12T07:48:18.195Z by Elliot Schmidt. Link: <https:\/\/drive.google.com\/file\/d\/1_bEYeBqRHBoDYtLwwgaF2BsJ3RyO9t8B\/view?usp=drivesdk>",
        "ts": "1605167498.001600",
        "username": "Google Drive Upload",
        "icons": {
            "image_48": "https:\/\/s3-us-west-2.amazonaws.com\/slack-files2\/bot_icons\/2018-10-02\/447295945121_48.png"
        },
        "bot_id": "B01022DUX6F"
    },
    {
        "type": "message",
        "subtype": "bot_message",
        "text": "2020_11_12 1_47 AM Office Lens (4).jpg has been uploaded at 2020-11-12T07:48:15.584Z by Elliot Schmidt. Link: <https:\/\/drive.google.com\/file\/d\/1_ajCRGusy8LbOw80czpLqwdn752cREzz\/view?usp=drivesdk>",
        "ts": "1605167499.001700",
        "username": "Google Drive Upload",
        "icons": {
            "image_48": "https:\/\/s3-us-west-2.amazonaws.com\/slack-files2\/bot_icons\/2018-10-02\/447295945121_48.png"
        },
        "bot_id": "B01022DUX6F"
    }
]