[
    {
        "type": "message",
        "subtype": "bot_message",
        "text": "Build Log for 10\/6\/2020 has been uploaded at 2020-10-07T01:32:39.770Z by Cecilia Clark. Link: <https:\/\/docs.google.com\/document\/d\/1_dwsUbCDCETfJbuUr0AoIIgisyfdVg0c-HoEJQ6L6NI\/edit?usp=drivesdk>",
        "ts": "1602034835.000100",
        "username": "Google Drive Upload",
        "icons": {
            "image_48": "https:\/\/s3-us-west-2.amazonaws.com\/slack-files2\/bot_icons\/2018-09-11\/433108187809_48.png"
        },
        "bot_id": "B01022DUX6F"
    }
]