[
    {
        "type": "message",
        "subtype": "bot_message",
        "text": "IMG_20200530_153753.jpg has been uploaded at 2020-05-30T21:07:21.586Z by Luke Aschenbrenner. Link: <https:\/\/drive.google.com\/file\/d\/19w4GrF5igcxDIjvgpRgVcPlqfe5MMYwt\/view?usp=drivesdk>",
        "ts": "1590873560.000100",
        "username": "Google Drive Upload",
        "icons": {
            "image_48": "https:\/\/s3-us-west-2.amazonaws.com\/slack-files2\/bot_icons\/2018-10-02\/447295945121_48.png"
        },
        "bot_id": "B01022DUX6F"
    },
    {
        "type": "message",
        "subtype": "bot_message",
        "text": "Screenshot_20200530-155124.jpg has been uploaded at 2020-05-30T21:07:20.607Z by Luke Aschenbrenner. Link: <https:\/\/drive.google.com\/file\/d\/19tusQt5PbEhNQTvAg63VOajmHLCIBZU0\/view?usp=drivesdk>",
        "ts": "1590873561.000200",
        "username": "Google Drive Upload",
        "icons": {
            "image_48": "https:\/\/s3-us-west-2.amazonaws.com\/slack-files2\/bot_icons\/2018-10-02\/447295945121_48.png"
        },
        "bot_id": "B01022DUX6F"
    },
    {
        "type": "message",
        "subtype": "bot_message",
        "text": "IMG_20200530_152251.jpg has been uploaded at 2020-05-30T21:07:18.537Z by Luke Aschenbrenner. Link: <https:\/\/drive.google.com\/file\/d\/19sL8ovyQtFSYNeRnCFXH9LNzVKgqaCun\/view?usp=drivesdk>",
        "ts": "1590873562.000300",
        "username": "Google Drive Upload",
        "icons": {
            "image_48": "https:\/\/s3-us-west-2.amazonaws.com\/slack-files2\/bot_icons\/2018-10-02\/447295945121_48.png"
        },
        "bot_id": "B01022DUX6F"
    },
    {
        "type": "message",
        "subtype": "bot_message",
        "text": "IMG_20200530_110231.jpg has been uploaded at 2020-05-30T21:07:18.530Z by Luke Aschenbrenner. Link: <https:\/\/drive.google.com\/file\/d\/19aHaBsuX4Y1Hh9OGTdYGw8YqeXEYiJrV\/view?usp=drivesdk>",
        "ts": "1590873563.000400",
        "username": "Google Drive Upload",
        "icons": {
            "image_48": "https:\/\/s3-us-west-2.amazonaws.com\/slack-files2\/bot_icons\/2018-10-02\/447295945121_48.png"
        },
        "bot_id": "B01022DUX6F"
    },
    {
        "type": "message",
        "subtype": "bot_message",
        "text": "IMG_20200530_151029.jpg has been uploaded at 2020-05-30T21:07:18.521Z by Luke Aschenbrenner. Link: <https:\/\/drive.google.com\/file\/d\/19l5Jw7a1bACnrBzETYa8uWq11kzKwiX3\/view?usp=drivesdk>",
        "ts": "1590873564.000500",
        "username": "Google Drive Upload",
        "icons": {
            "image_48": "https:\/\/s3-us-west-2.amazonaws.com\/slack-files2\/bot_icons\/2018-10-02\/447295945121_48.png"
        },
        "bot_id": "B01022DUX6F"
    },
    {
        "type": "message",
        "subtype": "bot_message",
        "text": "IMG_20200530_155131.jpg has been uploaded at 2020-05-30T21:07:18.499Z by Luke Aschenbrenner. Link: <https:\/\/drive.google.com\/file\/d\/19QMeOm3OFDjqsjLpwswdGNc8Trxh4P_p\/view?usp=drivesdk>",
        "ts": "1590873565.000600",
        "username": "Google Drive Upload",
        "icons": {
            "image_48": "https:\/\/s3-us-west-2.amazonaws.com\/slack-files2\/bot_icons\/2018-10-02\/447295945121_48.png"
        },
        "bot_id": "B01022DUX6F"
    }
]