[
    {
        "type": "message",
        "subtype": "bot_message",
        "text": "RawBaconTShirtImage.svg has been uploaded at 2020-10-27T22:05:43.764Z by Luke Aschenbrenner. Link: <https:\/\/drive.google.com\/file\/d\/1yJhyGoWxUFSaoLoRNYhxbjrlwqCVKbjX\/view?usp=drivesdk>",
        "ts": "1603836545.000100",
        "username": "Google Drive Upload",
        "icons": {
            "image_48": "https:\/\/s3-us-west-2.amazonaws.com\/slack-files2\/bot_icons\/2020-10-27\/1470452952369_48.png"
        },
        "bot_id": "B01022DUX6F"
    }
]