[
    {
        "type": "message",
        "subtype": "bot_message",
        "text": "connect-to-coders-remotely (1).zip has been uploaded at 2020-12-11T02:47:21.957Z by Luke Aschenbrenner. Link: <https:\/\/drive.google.com\/file\/d\/1zcDIGUoxY5GC1MRs9eqzq860l_YIG7ar\/view?usp=drivesdk>",
        "ts": "1607655014.000100",
        "username": "Google Drive Upload",
        "icons": {
            "image_48": "https:\/\/s3-us-west-2.amazonaws.com\/slack-files2\/bot_icons\/2019-01-09\/521795897686_48.png"
        },
        "bot_id": "B01022DUX6F"
    },
    {
        "type": "message",
        "subtype": "bot_message",
        "text": "Copy of connect-to-coders-remotely.zip has been uploaded at 2020-12-11T02:46:25.009Z by Nolan Vibhakar. Link: <https:\/\/drive.google.com\/file\/d\/1ZasfJxymeL3kK7T6Vl05kImx1dmn0nNH\/view?usp=drivesdk>",
        "ts": "1607655015.000200",
        "username": "Google Drive Upload",
        "icons": {
            "image_48": "https:\/\/s3-us-west-2.amazonaws.com\/slack-files2\/bot_icons\/2020-05-22\/1141403714675_48.png"
        },
        "bot_id": "B01022DUX6F"
    }
]