[
    {
        "type": "message",
        "subtype": "bot_message",
        "text": "Meet 1 Raw Footage.mp4 has been uploaded at 2020-12-29T19:19:47.352Z by Raw Bacon. Link: <https:\/\/drive.google.com\/file\/d\/1YwSNMLEGy5KN6y_ykRauSSOKvrJJ6sDJ\/view?usp=drivesdk>",
        "ts": "1609270435.000100",
        "username": "Google Drive Upload",
        "icons": {
            "image_48": "https:\/\/s3-us-west-2.amazonaws.com\/slack-files2\/bot_icons\/2020-03-25\/1014950346595_48.png"
        },
        "bot_id": "B01022DUX6F"
    },
    {
        "type": "message",
        "subtype": "bot_message",
        "text": "Meet 1.mp4 has been uploaded at 2020-12-29T19:43:52.507Z by Raw Bacon. Link: <https:\/\/drive.google.com\/file\/d\/1oI3-CF8KYpfKW7IUbowkrC24JmceJRpS\/view?usp=drivesdk>",
        "ts": "1609271303.000200",
        "username": "Google Drive Upload",
        "icons": {
            "image_48": "https:\/\/s3-us-west-2.amazonaws.com\/slack-files2\/bot_icons\/2020-03-25\/1014950346595_48.png"
        },
        "bot_id": "B01022DUX6F"
    }
]