[
    {
        "type": "message",
        "subtype": "bot_message",
        "text": "Coding Log has been uploaded at 2020-09-16T21:51:04.629Z by Nolan Vibhakar. Link: <https:\/\/docs.google.com\/document\/d\/1ijEqEJFMxoQdwX2DcXvTYdJlvCIRIVpuvaTOtsgEPdc\/edit?usp=drivesdk>",
        "ts": "1600293106.001800",
        "username": "Google Drive Upload",
        "icons": {
            "image_48": "https:\/\/s3-us-west-2.amazonaws.com\/slack-files2\/bot_icons\/2018-09-11\/433108187809_48.png"
        },
        "bot_id": "B01022DUX6F"
    },
    {
        "type": "message",
        "subtype": "bot_message",
        "text": "Screen Shot 2020-09-16 at 4.37.27 PM.png has been uploaded at 2020-09-16T21:41:52.914Z by Nolan Vibhakar. Link: <https:\/\/drive.google.com\/file\/d\/1hDRD-2dvXyA-21HuUh2CqBy5ft19FPo0\/view?usp=drivesdk>",
        "ts": "1600293107.001900",
        "username": "Google Drive Upload",
        "icons": {
            "image_48": "https:\/\/s3-us-west-2.amazonaws.com\/slack-files2\/bot_icons\/2020-09-16\/1361907952326_48.png"
        },
        "bot_id": "B01022DUX6F"
    },
    {
        "type": "message",
        "subtype": "bot_message",
        "text": "UltimateGoalVaultTest.ipj.bak has been uploaded at 2020-09-16T22:29:41.329Z by Robert Thibodeau. Link: <https:\/\/drive.google.com\/file\/d\/1-3k9btbfC5PxN598lHt99RIBP544ywpc\/view?usp=drivesdk>",
        "ts": "1600295653.002000",
        "username": "Google Drive Upload",
        "icons": {
            "image_48": "https:\/\/s3-us-west-2.amazonaws.com\/slack-files2\/bot_icons\/2020-09-16\/1361981172198_48.png"
        },
        "bot_id": "B01022DUX6F"
    },
    {
        "type": "message",
        "subtype": "bot_message",
        "text": "UltimateGoalVaultTest.ipj has been uploaded at 2020-09-16T22:29:40.901Z by Robert Thibodeau. Link: <https:\/\/drive.google.com\/file\/d\/1cFj0tu7BJUOjx7c53wwK-X__1q5wEsnb\/view?usp=drivesdk>",
        "ts": "1600295654.002100",
        "username": "Google Drive Upload",
        "icons": {
            "image_48": "https:\/\/s3-us-west-2.amazonaws.com\/slack-files2\/bot_icons\/2020-09-16\/1361981172198_48.png"
        },
        "bot_id": "B01022DUX6F"
    },
    {
        "type": "message",
        "subtype": "bot_message",
        "text": "Builders Log has been uploaded at 2020-09-16T21:48:24.580Z by Adam Holmes. Link: <https:\/\/docs.google.com\/document\/d\/1kSIhNFUtL-by9N3PSGdS-ooepXw7xWna6sfNS-6yo1w\/edit?usp=drivesdk>",
        "ts": "1600295655.002200",
        "username": "Google Drive Upload",
        "icons": {
            "image_48": "https:\/\/s3-us-west-2.amazonaws.com\/slack-files2\/bot_icons\/2018-09-11\/433108187809_48.png"
        },
        "bot_id": "B01022DUX6F"
    },
    {
        "type": "message",
        "subtype": "bot_message",
        "text": "10mmdome.0001.ipt has been uploaded at 2020-09-16T22:48:53.511Z by Robert Thibodeau. Link: <https:\/\/drive.google.com\/file\/d\/1-ZjebpoLQMQP8cA0UKumeGn6y9ILGQVi\/view?usp=drivesdk>",
        "ts": "1600296558.002300",
        "username": "Google Drive Upload",
        "icons": {
            "image_48": "https:\/\/s3-us-west-2.amazonaws.com\/slack-files2\/bot_icons\/2020-03-19\/1002276850547_48.png"
        },
        "bot_id": "B01022DUX6F"
    },
    {
        "type": "message",
        "subtype": "bot_message",
        "text": "10mmdome.ipt has been uploaded at 2020-09-16T22:42:48.571Z by Robert Thibodeau. Link: <https:\/\/drive.google.com\/file\/d\/1-Y8Fm0i7y0j1aTsALctKh0M945vXVoun\/view?usp=drivesdk>",
        "ts": "1600296559.002400",
        "username": "Google Drive Upload",
        "icons": {
            "image_48": "https:\/\/s3-us-west-2.amazonaws.com\/slack-files2\/bot_icons\/2020-03-19\/1002276850547_48.png"
        },
        "bot_id": "B01022DUX6F"
    },
    {
        "type": "message",
        "subtype": "bot_message",
        "text": "1incube.ipt has been uploaded at 2020-09-16T22:41:06.016Z by Robert Thibodeau. Link: <https:\/\/drive.google.com\/file\/d\/1-7RWV7rTvfmdQualsSUacO7xE6X6uR5P\/view?usp=drivesdk>",
        "ts": "1600296560.002500",
        "username": "Google Drive Upload",
        "icons": {
            "image_48": "https:\/\/s3-us-west-2.amazonaws.com\/slack-files2\/bot_icons\/2020-03-19\/1002276850547_48.png"
        },
        "bot_id": "B01022DUX6F"
    },
    {
        "type": "message",
        "subtype": "bot_message",
        "text": "lockfile.lck has been uploaded at 2020-09-16T22:41:05.926Z by Robert Thibodeau. Link: <https:\/\/drive.google.com\/file\/d\/1-9SbnZW2YgdiyNhvKjW1hsj-BCLVQ7XM\/view?usp=drivesdk>",
        "ts": "1600296561.002600",
        "username": "Google Drive Upload",
        "icons": {
            "image_48": "https:\/\/s3-us-west-2.amazonaws.com\/slack-files2\/bot_icons\/2020-03-19\/1002276850547_48.png"
        },
        "bot_id": "B01022DUX6F"
    },
    {
        "type": "message",
        "subtype": "bot_message",
        "text": "Cubeanddome.iam has been uploaded at 2020-09-16T22:50:27.507Z by Robert Thibodeau. Link: <https:\/\/drive.google.com\/file\/d\/1-fi5CbKIKPWuLQeYDdoW-MQLQOxlZov_\/view?usp=drivesdk>",
        "ts": "1600297498.002700",
        "username": "Google Drive Upload",
        "icons": {
            "image_48": "https:\/\/s3-us-west-2.amazonaws.com\/slack-files2\/bot_icons\/2020-03-19\/1002276850547_48.png"
        },
        "bot_id": "B01022DUX6F"
    },
    {
        "type": "message",
        "subtype": "bot_message",
        "text": "1incube.0001.ipt has been uploaded at 2020-09-16T22:50:26.503Z by Robert Thibodeau. Link: <https:\/\/drive.google.com\/file\/d\/1-g-ltbwxSMUIlLJ-Hmuweapdug4Sj2ca\/view?usp=drivesdk>",
        "ts": "1600297499.002800",
        "username": "Google Drive Upload",
        "icons": {
            "image_48": "https:\/\/s3-us-west-2.amazonaws.com\/slack-files2\/bot_icons\/2020-03-19\/1002276850547_48.png"
        },
        "bot_id": "B01022DUX6F"
    },
    {
        "type": "message",
        "subtype": "bot_message",
        "text": "10mmdome.0002.ipt has been uploaded at 2020-09-16T22:50:25.360Z by Robert Thibodeau. Link: <https:\/\/drive.google.com\/file\/d\/1-hssk2IX6pCIdHRSdHL1BrfxGiU0zIMT\/view?usp=drivesdk>",
        "ts": "1600297500.002900",
        "username": "Google Drive Upload",
        "icons": {
            "image_48": "https:\/\/s3-us-west-2.amazonaws.com\/slack-files2\/bot_icons\/2020-03-19\/1002276850547_48.png"
        },
        "bot_id": "B01022DUX6F"
    }
]