[
    {
        "client_msg_id": "2dc3fe01-53e0-4445-a02a-592cd603beef",
        "type": "message",
        "text": "Nice looks like it works",
        "user": "U010DDZ3FJR",
        "ts": "1584716517.000300",
        "team": "TCR2U6UEM",
        "user_team": "TCR2U6UEM",
        "source_team": "TCR2U6UEM",
        "user_profile": {
            "avatar_hash": "fda0a36a8605",
            "image_72": "https:\/\/avatars.slack-edge.com\/2020-09-18\/1386993799393_fda0a36a86053c692b20_72.jpg",
            "first_name": "Luke",
            "real_name": "Luke Aschenbrenner",
            "display_name": "Luke Aschenbrenner",
            "team": "TCR2U6UEM",
            "name": "ashbren21",
            "is_restricted": false,
            "is_ultra_restricted": false
        },
        "blocks": [
            {
                "type": "rich_text",
                "block_id": "CVlgd",
                "elements": [
                    {
                        "type": "rich_text_section",
                        "elements": [
                            {
                                "type": "text",
                                "text": "Nice looks like it works"
                            }
                        ]
                    }
                ]
            }
        ]
    },
    {
        "type": "message",
        "subtype": "channel_name",
        "ts": "1584724098.000100",
        "user": "U010DDZ3FJR",
        "text": "<@U010DDZ3FJR> has renamed the channel from \"drive_uploads\" to \"_drive_uploads\"",
        "old_name": "drive_uploads",
        "name": "_drive_uploads"
    },
    {
        "type": "message",
        "subtype": "channel_name",
        "ts": "1584724176.000200",
        "user": "U010DDZ3FJR",
        "text": "<@U010DDZ3FJR> has renamed the channel from \"_drive_uploads\" to \"ĺ_drive_uploads\"",
        "old_name": "_drive_uploads",
        "name": "ĺ_drive_uploads"
    },
    {
        "type": "message",
        "subtype": "channel_name",
        "ts": "1584724194.000300",
        "user": "U010DDZ3FJR",
        "text": "<@U010DDZ3FJR> has renamed the channel from \"ĺ_drive_uploads\" to \"z_drive_uploads\"",
        "old_name": "ĺ_drive_uploads",
        "name": "z_drive_uploads"
    },
    {
        "client_msg_id": "8331d54a-c5a9-4d59-be65-fd2b51fb16eb",
        "type": "message",
        "text": "&gt; Bot integration: *Zapier*\nAllows for a ton of \"zaps\" to be used in slack, kind of like IFTTT. Whenever a specific action is performed on a specific service (Slack, Google Drive Folder, Microsoft Planner, etc.) another action will be done automatically by Zapier.\n&gt; Current usage:\n• When a file is uploaded to Google Drive, a message is sent to this channel!\n_*TODO: Explore more of Zapier's features, add other managers to the Zapier account (not sure if possible?)*_",
        "user": "U010DDZ3FJR",
        "ts": "1584744042.002800",
        "team": "TCR2U6UEM",
        "user_team": "TCR2U6UEM",
        "source_team": "TCR2U6UEM",
        "user_profile": {
            "avatar_hash": "fda0a36a8605",
            "image_72": "https:\/\/avatars.slack-edge.com\/2020-09-18\/1386993799393_fda0a36a86053c692b20_72.jpg",
            "first_name": "Luke",
            "real_name": "Luke Aschenbrenner",
            "display_name": "Luke Aschenbrenner",
            "team": "TCR2U6UEM",
            "name": "ashbren21",
            "is_restricted": false,
            "is_ultra_restricted": false
        },
        "blocks": [
            {
                "type": "rich_text",
                "block_id": "Q7d3b",
                "elements": [
                    {
                        "type": "rich_text_quote",
                        "elements": [
                            {
                                "type": "text",
                                "text": "Bot integration: "
                            },
                            {
                                "type": "text",
                                "text": "Zapier",
                                "style": {
                                    "bold": true
                                }
                            }
                        ]
                    },
                    {
                        "type": "rich_text_section",
                        "elements": [
                            {
                                "type": "text",
                                "text": "Allows for a ton of \"zaps\" to be used in slack, kind of like IFTTT. Whenever a specific action is performed on a specific service (Slack, Google Drive Folder, Microsoft Planner, etc.) another action will be done automatically by Zapier.\n"
                            }
                        ]
                    },
                    {
                        "type": "rich_text_quote",
                        "elements": [
                            {
                                "type": "text",
                                "text": "Current usage:"
                            }
                        ]
                    },
                    {
                        "type": "rich_text_list",
                        "elements": [
                            {
                                "type": "rich_text_section",
                                "elements": [
                                    {
                                        "type": "text",
                                        "text": "When a file is uploaded to Google Drive, a message is sent to this channel!"
                                    }
                                ]
                            }
                        ],
                        "style": "bullet",
                        "indent": 0
                    },
                    {
                        "type": "rich_text_section",
                        "elements": [
                            {
                                "type": "text",
                                "text": "TODO: Explore more of Zapier's features, add other managers to the Zapier account (not sure if possible?)",
                                "style": {
                                    "bold": true,
                                    "italic": true
                                }
                            }
                        ]
                    }
                ]
            }
        ]
    }
]