[
    {
        "type": "message",
        "subtype": "bot_message",
        "text": "Meet Reflection 1 has been uploaded at 2021-01-14T18:32:04.400Z by Keith Friestad. Link: <https:\/\/docs.google.com\/document\/d\/1f7vHwTlrMJM0ZAyCQO4Xi96hRbnJgS9WM3aslRMkBZo\/edit?usp=drivesdk>",
        "ts": "1610654663.000100",
        "username": "Google Drive Upload",
        "icons": {
            "image_48": "https:\/\/s3-us-west-2.amazonaws.com\/slack-files2\/bot_icons\/2018-09-11\/433108187809_48.png"
        },
        "bot_id": "B01022DUX6F"
    },
    {
        "type": "message",
        "subtype": "bot_message",
        "text": "IMG_20201207_194708.jpg has been uploaded at 2021-01-14T20:25:41.363Z by Keith Friestad. Link: <https:\/\/drive.google.com\/file\/d\/1TYskLJTGTcsi-_dHUm_uCjcry2Yl2mkD\/view?usp=drivesdk>",
        "ts": "1610656265.000200",
        "username": "Google Drive Upload",
        "icons": {
            "image_48": "https:\/\/s3-us-west-2.amazonaws.com\/slack-files2\/bot_icons\/2018-10-02\/447295945121_48.png"
        },
        "bot_id": "B01022DUX6F"
    },
    {
        "type": "message",
        "subtype": "bot_message",
        "text": "Image from iOS (2).jpg has been uploaded at 2021-01-14T20:25:42.386Z by Keith Friestad. Link: <https:\/\/drive.google.com\/file\/d\/1kgdEaZYjKFe8fxXaG7nUWnvoMhd01wiq\/view?usp=drivesdk>",
        "ts": "1610656266.000300",
        "username": "Google Drive Upload",
        "icons": {
            "image_48": "https:\/\/s3-us-west-2.amazonaws.com\/slack-files2\/bot_icons\/2018-10-02\/447295945121_48.png"
        },
        "bot_id": "B01022DUX6F"
    },
    {
        "type": "message",
        "subtype": "bot_message",
        "text": "Image from iOS (1).jpg has been uploaded at 2021-01-14T20:25:17.635Z by Keith Friestad. Link: <https:\/\/drive.google.com\/file\/d\/1_Wg8m5Z8N4qGOvaTefL8tOrwygjoNAr2\/view?usp=drivesdk>",
        "ts": "1610656267.000400",
        "username": "Google Drive Upload",
        "icons": {
            "image_48": "https:\/\/s3-us-west-2.amazonaws.com\/slack-files2\/bot_icons\/2018-10-02\/447295945121_48.png"
        },
        "bot_id": "B01022DUX6F"
    },
    {
        "type": "message",
        "subtype": "bot_message",
        "text": "Image from iOS.jpg has been uploaded at 2021-01-14T20:20:08.674Z by Keith Friestad. Link: <https:\/\/drive.google.com\/file\/d\/1T8jaNpLuYsg-0QYTA9igAZMA-XCVzDAr\/view?usp=drivesdk>",
        "ts": "1610656268.000500",
        "username": "Google Drive Upload",
        "icons": {
            "image_48": "https:\/\/s3-us-west-2.amazonaws.com\/slack-files2\/bot_icons\/2018-10-02\/447295945121_48.png"
        },
        "bot_id": "B01022DUX6F"
    },
    {
        "type": "message",
        "subtype": "bot_message",
        "text": "Team 8743 Engineering Portfolio has been uploaded at 2021-01-13T22:29:20.771Z by Ferguson Ward. Link: <https:\/\/docs.google.com\/document\/d\/178A4v3eDw1ldwkAEksTW4vBu8fWw2q3MEFqdrjGwTGs\/edit?usp=drivesdk>",
        "ts": "1610659626.000600",
        "username": "Google Drive Upload",
        "icons": {
            "image_48": "https:\/\/s3-us-west-2.amazonaws.com\/slack-files2\/bot_icons\/2018-09-11\/433108187809_48.png"
        },
        "bot_id": "B01022DUX6F"
    }
]