[
    {
        "type": "message",
        "subtype": "bot_message",
        "text": "Virtual Pit has been uploaded at 2021-01-23T05:17:48.209Z by Cecilia Clark. Link: <https:\/\/drive.google.com\/file\/d\/19ABi_v5ThbeQi5OcXCOuYbLCPiZc89YS\/view?usp=drivesdk>",
        "ts": "1611379548.000100",
        "username": "Google Drive Upload",
        "icons": {
            "image_48": "https:\/\/s3-us-west-2.amazonaws.com\/slack-files2\/bot_icons\/2020-05-22\/1141403714675_48.png"
        },
        "bot_id": "B01022DUX6F"
    }
]