[
    {
        "type": "message",
        "subtype": "channel_join",
        "ts": "1599940463.000200",
        "user": "U018X7N6MMG",
        "text": "<@U018X7N6MMG> has joined the channel"
    },
    {
        "type": "message",
        "subtype": "channel_purpose",
        "ts": "1599940464.000300",
        "user": "U018X7N6MMG",
        "text": "<@U018X7N6MMG> set the channel purpose: PICTURES ONLY ALL DISCUSSION MUST BE IN THREADS. ",
        "purpose": "PICTURES ONLY ALL DISCUSSION MUST BE IN THREADS. "
    },
    {
        "type": "message",
        "text": "Intake and launcher v1.0",
        "files": [
            {
                "id": "F01AKQWM8EP",
                "created": 1599940510,
                "timestamp": 1599940510,
                "name": "Image from iOS.jpg",
                "title": "Image from iOS",
                "mimetype": "image\/jpeg",
                "filetype": "jpg",
                "pretty_type": "JPEG",
                "user": "U018X7N6MMG",
                "editable": false,
                "size": 979631,
                "mode": "hosted",
                "is_external": false,
                "external_type": "",
                "is_public": true,
                "public_url_shared": false,
                "display_as_bot": false,
                "username": "",
                "url_private": "https:\/\/files.slack.com\/files-pri\/TCR2U6UEM-F01AKQWM8EP\/image_from_ios.jpg?t=xoxe-433096232497-1684125439971-1696548615153-cd1d3d402b441a7d6039d167da7d37bd",
                "url_private_download": "https:\/\/files.slack.com\/files-pri\/TCR2U6UEM-F01AKQWM8EP\/download\/image_from_ios.jpg?t=xoxe-433096232497-1684125439971-1696548615153-cd1d3d402b441a7d6039d167da7d37bd",
                "thumb_64": "https:\/\/files.slack.com\/files-tmb\/TCR2U6UEM-F01AKQWM8EP-724425ed95\/image_from_ios_64.jpg?t=xoxe-433096232497-1684125439971-1696548615153-cd1d3d402b441a7d6039d167da7d37bd",
                "thumb_80": "https:\/\/files.slack.com\/files-tmb\/TCR2U6UEM-F01AKQWM8EP-724425ed95\/image_from_ios_80.jpg?t=xoxe-433096232497-1684125439971-1696548615153-cd1d3d402b441a7d6039d167da7d37bd",
                "thumb_360": "https:\/\/files.slack.com\/files-tmb\/TCR2U6UEM-F01AKQWM8EP-724425ed95\/image_from_ios_360.jpg?t=xoxe-433096232497-1684125439971-1696548615153-cd1d3d402b441a7d6039d167da7d37bd",
                "thumb_360_w": 270,
                "thumb_360_h": 360,
                "thumb_480": "https:\/\/files.slack.com\/files-tmb\/TCR2U6UEM-F01AKQWM8EP-724425ed95\/image_from_ios_480.jpg?t=xoxe-433096232497-1684125439971-1696548615153-cd1d3d402b441a7d6039d167da7d37bd",
                "thumb_480_w": 360,
                "thumb_480_h": 480,
                "thumb_160": "https:\/\/files.slack.com\/files-tmb\/TCR2U6UEM-F01AKQWM8EP-724425ed95\/image_from_ios_160.jpg?t=xoxe-433096232497-1684125439971-1696548615153-cd1d3d402b441a7d6039d167da7d37bd",
                "thumb_720": "https:\/\/files.slack.com\/files-tmb\/TCR2U6UEM-F01AKQWM8EP-724425ed95\/image_from_ios_720.jpg?t=xoxe-433096232497-1684125439971-1696548615153-cd1d3d402b441a7d6039d167da7d37bd",
                "thumb_720_w": 540,
                "thumb_720_h": 720,
                "thumb_800": "https:\/\/files.slack.com\/files-tmb\/TCR2U6UEM-F01AKQWM8EP-724425ed95\/image_from_ios_800.jpg?t=xoxe-433096232497-1684125439971-1696548615153-cd1d3d402b441a7d6039d167da7d37bd",
                "thumb_800_w": 800,
                "thumb_800_h": 1067,
                "thumb_960": "https:\/\/files.slack.com\/files-tmb\/TCR2U6UEM-F01AKQWM8EP-724425ed95\/image_from_ios_960.jpg?t=xoxe-433096232497-1684125439971-1696548615153-cd1d3d402b441a7d6039d167da7d37bd",
                "thumb_960_w": 720,
                "thumb_960_h": 960,
                "thumb_1024": "https:\/\/files.slack.com\/files-tmb\/TCR2U6UEM-F01AKQWM8EP-724425ed95\/image_from_ios_1024.jpg?t=xoxe-433096232497-1684125439971-1696548615153-cd1d3d402b441a7d6039d167da7d37bd",
                "thumb_1024_w": 768,
                "thumb_1024_h": 1024,
                "original_w": 3024,
                "original_h": 4032,
                "thumb_tiny": "AwAwACTQzSZprGmk0AP3UwtSbqYWoAimY7h24pm406TlvwplIC6TimlqRjUZNMBxamE00mkzzSACc80lLRQBKxphNNMqf31\/Om+Yn99fzoAcTSU0yJ\/fX86PMT+8v50AOopnmJ\/eH50eYn94fnSGf\/\/Z",
                "permalink": "https:\/\/rawbaconrobotics.slack.com\/files\/U018X7N6MMG\/F01AKQWM8EP\/image_from_ios.jpg",
                "permalink_public": "https:\/\/slack-files.com\/TCR2U6UEM-F01AKQWM8EP-91c5842b00",
                "is_starred": false,
                "has_rich_preview": false
            }
        ],
        "upload": true,
        "blocks": [
            {
                "type": "rich_text",
                "block_id": "v2qgF",
                "elements": [
                    {
                        "type": "rich_text_section",
                        "elements": [
                            {
                                "type": "text",
                                "text": "Intake and launcher v1.0"
                            }
                        ]
                    }
                ]
            }
        ],
        "user": "U018X7N6MMG",
        "display_as_bot": false,
        "ts": "1599940527.000700",
        "client_msg_id": "01E62152-51E1-41F3-AEBC-A921DC5A490E"
    },
    {
        "type": "message",
        "subtype": "channel_join",
        "ts": "1599941177.001400",
        "user": "U016G7WR3KJ",
        "text": "<@U016G7WR3KJ> has joined the channel",
        "inviter": "U018X7N6MMG"
    },
    {
        "type": "message",
        "subtype": "channel_join",
        "ts": "1599941177.001500",
        "user": "U016G7WR3KJ",
        "text": "<@U016G7WR3KJ> has joined the channel",
        "inviter": "U018X7N6MMG"
    },
    {
        "type": "message",
        "subtype": "channel_join",
        "ts": "1599941177.001800",
        "user": "U018X7N3K42",
        "text": "<@U018X7N3K42> has joined the channel",
        "inviter": "U018X7N6MMG"
    },
    {
        "type": "message",
        "subtype": "channel_join",
        "ts": "1599941177.001900",
        "user": "U018X7N3K42",
        "text": "<@U018X7N3K42> has joined the channel",
        "inviter": "U018X7N6MMG"
    },
    {
        "type": "message",
        "subtype": "channel_join",
        "ts": "1599941177.002200",
        "user": "U018XDQ596F",
        "text": "<@U018XDQ596F> has joined the channel",
        "inviter": "U018X7N6MMG"
    },
    {
        "type": "message",
        "subtype": "channel_join",
        "ts": "1599941177.002300",
        "user": "U018XDQ596F",
        "text": "<@U018XDQ596F> has joined the channel",
        "inviter": "U018X7N6MMG"
    },
    {
        "type": "message",
        "subtype": "channel_join",
        "ts": "1599941177.002700",
        "user": "U010DDZ3FJR",
        "text": "<@U010DDZ3FJR> has joined the channel",
        "inviter": "U018X7N6MMG"
    },
    {
        "type": "message",
        "subtype": "channel_join",
        "ts": "1599941177.002900",
        "user": "U018URES8KV",
        "text": "<@U018URES8KV> has joined the channel",
        "inviter": "U018X7N6MMG"
    },
    {
        "type": "message",
        "subtype": "channel_join",
        "ts": "1599941177.003300",
        "user": "U010DHXLPQQ",
        "text": "<@U010DHXLPQQ> has joined the channel",
        "inviter": "U018X7N6MMG"
    },
    {
        "type": "message",
        "subtype": "channel_join",
        "ts": "1599941177.003500",
        "user": "U010DHXLPQQ",
        "text": "<@U010DHXLPQQ> has joined the channel",
        "inviter": "U018X7N6MMG"
    },
    {
        "type": "message",
        "subtype": "channel_join",
        "ts": "1599941177.004000",
        "user": "U0139LBQGRH",
        "text": "<@U0139LBQGRH> has joined the channel",
        "inviter": "U018X7N6MMG"
    },
    {
        "type": "message",
        "subtype": "channel_join",
        "ts": "1599941177.004100",
        "user": "U0139LBQGRH",
        "text": "<@U0139LBQGRH> has joined the channel",
        "inviter": "U018X7N6MMG"
    },
    {
        "type": "message",
        "subtype": "channel_join",
        "ts": "1599941177.004400",
        "user": "U0199S1R7H7",
        "text": "<@U0199S1R7H7> has joined the channel",
        "inviter": "U018X7N6MMG"
    },
    {
        "type": "message",
        "subtype": "channel_join",
        "ts": "1599941177.004500",
        "user": "U0199S1R7H7",
        "text": "<@U0199S1R7H7> has joined the channel",
        "inviter": "U018X7N6MMG"
    },
    {
        "type": "message",
        "subtype": "channel_join",
        "ts": "1599941177.004800",
        "user": "U018XDQ8DBM",
        "text": "<@U018XDQ8DBM> has joined the channel",
        "inviter": "U018X7N6MMG"
    },
    {
        "type": "message",
        "subtype": "channel_join",
        "ts": "1599941177.004900",
        "user": "U018XDQ8DBM",
        "text": "<@U018XDQ8DBM> has joined the channel",
        "inviter": "U018X7N6MMG"
    },
    {
        "type": "message",
        "subtype": "channel_join",
        "ts": "1599941177.005200",
        "user": "U010FNPUQP8",
        "text": "<@U010FNPUQP8> has joined the channel",
        "inviter": "U018X7N6MMG"
    },
    {
        "type": "message",
        "subtype": "channel_join",
        "ts": "1599941177.005300",
        "user": "U010FNPUQP8",
        "text": "<@U010FNPUQP8> has joined the channel",
        "inviter": "U018X7N6MMG"
    },
    {
        "type": "message",
        "subtype": "channel_join",
        "ts": "1599941177.005600",
        "user": "U018QFK9G94",
        "text": "<@U018QFK9G94> has joined the channel",
        "inviter": "U018X7N6MMG"
    },
    {
        "type": "message",
        "subtype": "channel_join",
        "ts": "1599941177.005700",
        "user": "U018QFK9G94",
        "text": "<@U018QFK9G94> has joined the channel",
        "inviter": "U018X7N6MMG"
    },
    {
        "type": "message",
        "subtype": "channel_join",
        "ts": "1599941178.006000",
        "user": "U015YJYRXMJ",
        "text": "<@U015YJYRXMJ> has joined the channel",
        "inviter": "U018X7N6MMG"
    },
    {
        "type": "message",
        "subtype": "channel_join",
        "ts": "1599941178.006100",
        "user": "U015YJYRXMJ",
        "text": "<@U015YJYRXMJ> has joined the channel",
        "inviter": "U018X7N6MMG"
    },
    {
        "type": "message",
        "subtype": "channel_join",
        "ts": "1599941178.006300",
        "user": "U018GF7AFJB",
        "text": "<@U018GF7AFJB> has joined the channel",
        "inviter": "U018X7N6MMG"
    },
    {
        "type": "message",
        "subtype": "channel_join",
        "ts": "1599941178.006500",
        "user": "U018GF7AFJB",
        "text": "<@U018GF7AFJB> has joined the channel",
        "inviter": "U018X7N6MMG"
    },
    {
        "type": "message",
        "subtype": "channel_join",
        "ts": "1599941178.007100",
        "user": "U018VS45JLV",
        "text": "<@U018VS45JLV> has joined the channel",
        "inviter": "U018X7N6MMG"
    },
    {
        "type": "message",
        "subtype": "channel_join",
        "ts": "1599941178.007300",
        "user": "U018X7MRG66",
        "text": "<@U018X7MRG66> has joined the channel",
        "inviter": "U018X7N6MMG"
    },
    {
        "type": "message",
        "subtype": "channel_join",
        "ts": "1599941178.008100",
        "user": "U018QFKFVRU",
        "text": "<@U018QFKFVRU> has joined the channel",
        "inviter": "U018X7N6MMG"
    },
    {
        "type": "message",
        "subtype": "channel_join",
        "ts": "1599941178.008200",
        "user": "U018QFKFVRU",
        "text": "<@U018QFKFVRU> has joined the channel",
        "inviter": "U018X7N6MMG"
    },
    {
        "type": "message",
        "subtype": "channel_join",
        "ts": "1599941178.008400",
        "user": "U0193D42LHJ",
        "text": "<@U0193D42LHJ> has joined the channel",
        "inviter": "U018X7N6MMG"
    },
    {
        "type": "message",
        "subtype": "channel_join",
        "ts": "1599941178.008600",
        "user": "U0193D42LHJ",
        "text": "<@U0193D42LHJ> has joined the channel",
        "inviter": "U018X7N6MMG"
    },
    {
        "type": "message",
        "subtype": "channel_join",
        "ts": "1599941178.008800",
        "user": "U018QFKN44W",
        "text": "<@U018QFKN44W> has joined the channel",
        "inviter": "U018X7N6MMG"
    },
    {
        "type": "message",
        "subtype": "channel_join",
        "ts": "1599941178.009000",
        "user": "U0103BWEQSD",
        "text": "<@U0103BWEQSD> has joined the channel",
        "inviter": "U018X7N6MMG"
    },
    {
        "type": "message",
        "subtype": "channel_join",
        "ts": "1599941178.009500",
        "user": "U01ADEF18N6",
        "text": "<@U01ADEF18N6> has joined the channel",
        "inviter": "U018X7N6MMG"
    },
    {
        "type": "message",
        "subtype": "channel_join",
        "ts": "1599941178.009600",
        "user": "U01ADEF18N6",
        "text": "<@U01ADEF18N6> has joined the channel",
        "inviter": "U018X7N6MMG"
    },
    {
        "type": "message",
        "text": "",
        "files": [
            {
                "id": "F01AGGNF8UD",
                "created": 1599942531,
                "timestamp": 1599942531,
                "name": "20200912_152826.jpg",
                "title": "20200912_152826.jpg",
                "mimetype": "image\/jpeg",
                "filetype": "jpg",
                "pretty_type": "JPEG",
                "user": "U018URES8KV",
                "editable": false,
                "size": 677584,
                "mode": "hosted",
                "is_external": false,
                "external_type": "",
                "is_public": true,
                "public_url_shared": false,
                "display_as_bot": false,
                "username": "",
                "url_private": "https:\/\/files.slack.com\/files-pri\/TCR2U6UEM-F01AGGNF8UD\/20200912_152826.jpg?t=xoxe-433096232497-1684125439971-1696548615153-cd1d3d402b441a7d6039d167da7d37bd",
                "url_private_download": "https:\/\/files.slack.com\/files-pri\/TCR2U6UEM-F01AGGNF8UD\/download\/20200912_152826.jpg?t=xoxe-433096232497-1684125439971-1696548615153-cd1d3d402b441a7d6039d167da7d37bd",
                "thumb_64": "https:\/\/files.slack.com\/files-tmb\/TCR2U6UEM-F01AGGNF8UD-9de1073a2e\/20200912_152826_64.jpg?t=xoxe-433096232497-1684125439971-1696548615153-cd1d3d402b441a7d6039d167da7d37bd",
                "thumb_80": "https:\/\/files.slack.com\/files-tmb\/TCR2U6UEM-F01AGGNF8UD-9de1073a2e\/20200912_152826_80.jpg?t=xoxe-433096232497-1684125439971-1696548615153-cd1d3d402b441a7d6039d167da7d37bd",
                "thumb_360": "https:\/\/files.slack.com\/files-tmb\/TCR2U6UEM-F01AGGNF8UD-9de1073a2e\/20200912_152826_360.jpg?t=xoxe-433096232497-1684125439971-1696548615153-cd1d3d402b441a7d6039d167da7d37bd",
                "thumb_360_w": 270,
                "thumb_360_h": 360,
                "thumb_480": "https:\/\/files.slack.com\/files-tmb\/TCR2U6UEM-F01AGGNF8UD-9de1073a2e\/20200912_152826_480.jpg?t=xoxe-433096232497-1684125439971-1696548615153-cd1d3d402b441a7d6039d167da7d37bd",
                "thumb_480_w": 360,
                "thumb_480_h": 480,
                "thumb_160": "https:\/\/files.slack.com\/files-tmb\/TCR2U6UEM-F01AGGNF8UD-9de1073a2e\/20200912_152826_160.jpg?t=xoxe-433096232497-1684125439971-1696548615153-cd1d3d402b441a7d6039d167da7d37bd",
                "thumb_720": "https:\/\/files.slack.com\/files-tmb\/TCR2U6UEM-F01AGGNF8UD-9de1073a2e\/20200912_152826_720.jpg?t=xoxe-433096232497-1684125439971-1696548615153-cd1d3d402b441a7d6039d167da7d37bd",
                "thumb_720_w": 540,
                "thumb_720_h": 720,
                "thumb_800": "https:\/\/files.slack.com\/files-tmb\/TCR2U6UEM-F01AGGNF8UD-9de1073a2e\/20200912_152826_800.jpg?t=xoxe-433096232497-1684125439971-1696548615153-cd1d3d402b441a7d6039d167da7d37bd",
                "thumb_800_w": 800,
                "thumb_800_h": 1067,
                "thumb_960": "https:\/\/files.slack.com\/files-tmb\/TCR2U6UEM-F01AGGNF8UD-9de1073a2e\/20200912_152826_960.jpg?t=xoxe-433096232497-1684125439971-1696548615153-cd1d3d402b441a7d6039d167da7d37bd",
                "thumb_960_w": 720,
                "thumb_960_h": 960,
                "thumb_1024": "https:\/\/files.slack.com\/files-tmb\/TCR2U6UEM-F01AGGNF8UD-9de1073a2e\/20200912_152826_1024.jpg?t=xoxe-433096232497-1684125439971-1696548615153-cd1d3d402b441a7d6039d167da7d37bd",
                "thumb_1024_w": 768,
                "thumb_1024_h": 1024,
                "original_w": 3024,
                "original_h": 4032,
                "thumb_tiny": "AwAwACRi20RH3T09aeLWH+6fzNSJ\/qx9KdnmgCMWsH9z9TS\/Zoh0jWpv4aU0AZt4gWYBQANo6VBg1euk3SA\/7NQeXQMur\/qwPand+lIv+rH0pwHNAh3WlAJpMcU5enNAETx7iD7U3yqsUUAV1Pyj6U8dRVYXEQ\/jHT0p32uH+\/8AoaALQpwqqLyH+8fypftsPqfyoAtUVW+2w+rflR9th9W\/KgD\/2Q==",
                "permalink": "https:\/\/rawbaconrobotics.slack.com\/files\/U018URES8KV\/F01AGGNF8UD\/20200912_152826.jpg",
                "permalink_public": "https:\/\/slack-files.com\/TCR2U6UEM-F01AGGNF8UD-23070fd521",
                "is_starred": false,
                "has_rich_preview": false
            }
        ],
        "upload": true,
        "user": "U018URES8KV",
        "display_as_bot": false,
        "ts": "1599942571.009700",
        "client_msg_id": "5039b0e0-39f2-4af4-9adc-8f805a05f6f9",
        "thread_ts": "1599942571.009700",
        "reply_count": 6,
        "reply_users_count": 3,
        "latest_reply": "1600051482.012800",
        "reply_users": [
            "U018X7N6MMG",
            "U018URES8KV",
            "U018QFKN44W"
        ],
        "replies": [
            {
                "user": "U018X7N6MMG",
                "ts": "1599944447.010500"
            },
            {
                "user": "U018X7N6MMG",
                "ts": "1599944464.011200"
            },
            {
                "user": "U018X7N6MMG",
                "ts": "1599944499.011800"
            },
            {
                "user": "U018URES8KV",
                "ts": "1599944529.012000"
            },
            {
                "user": "U018URES8KV",
                "ts": "1599944535.012200"
            },
            {
                "user": "U018QFKN44W",
                "ts": "1600051482.012800"
            }
        ],
        "subscribed": false
    },
    {
        "client_msg_id": "7FEBECAC-8E38-4522-A1D8-D293A181CAD7",
        "type": "message",
        "text": "Oh I thought it would rotate adjacent to the robot",
        "user": "U018X7N6MMG",
        "ts": "1599944447.010500",
        "team": "TCR2U6UEM",
        "user_team": "TCR2U6UEM",
        "source_team": "TCR2U6UEM",
        "user_profile": {
            "avatar_hash": "ba89825d3b7b",
            "image_72": "https:\/\/avatars.slack-edge.com\/2020-09-11\/1355949232709_ba89825d3b7bcf995dc9_72.png",
            "first_name": "Keith",
            "real_name": "Keith Friestad",
            "display_name": "",
            "team": "TCR2U6UEM",
            "name": "keith.friestad",
            "is_restricted": false,
            "is_ultra_restricted": false
        },
        "blocks": [
            {
                "type": "rich_text",
                "block_id": "JZRm",
                "elements": [
                    {
                        "type": "rich_text_section",
                        "elements": [
                            {
                                "type": "text",
                                "text": "Oh I thought it would rotate adjacent to the robot"
                            }
                        ]
                    }
                ]
            }
        ],
        "thread_ts": "1599942571.009700",
        "parent_user_id": "U018URES8KV"
    },
    {
        "client_msg_id": "D953F70F-6227-4559-BAC5-2EC7265378D2",
        "type": "message",
        "text": "But that’s probably better cause we can store the arm vertically to save space",
        "user": "U018X7N6MMG",
        "ts": "1599944464.011200",
        "team": "TCR2U6UEM",
        "user_team": "TCR2U6UEM",
        "source_team": "TCR2U6UEM",
        "user_profile": {
            "avatar_hash": "ba89825d3b7b",
            "image_72": "https:\/\/avatars.slack-edge.com\/2020-09-11\/1355949232709_ba89825d3b7bcf995dc9_72.png",
            "first_name": "Keith",
            "real_name": "Keith Friestad",
            "display_name": "",
            "team": "TCR2U6UEM",
            "name": "keith.friestad",
            "is_restricted": false,
            "is_ultra_restricted": false
        },
        "blocks": [
            {
                "type": "rich_text",
                "block_id": "p=ufU",
                "elements": [
                    {
                        "type": "rich_text_section",
                        "elements": [
                            {
                                "type": "text",
                                "text": "But that’s probably better cause we can store the arm vertically to save space"
                            }
                        ]
                    }
                ]
            }
        ],
        "thread_ts": "1599942571.009700",
        "parent_user_id": "U018URES8KV"
    },
    {
        "client_msg_id": "DF9097E6-B7B8-4673-B124-D748075F5027",
        "type": "message",
        "text": "Also we probably only need one side of the grabber to move",
        "user": "U018X7N6MMG",
        "ts": "1599944499.011800",
        "team": "TCR2U6UEM",
        "user_team": "TCR2U6UEM",
        "source_team": "TCR2U6UEM",
        "user_profile": {
            "avatar_hash": "ba89825d3b7b",
            "image_72": "https:\/\/avatars.slack-edge.com\/2020-09-11\/1355949232709_ba89825d3b7bcf995dc9_72.png",
            "first_name": "Keith",
            "real_name": "Keith Friestad",
            "display_name": "",
            "team": "TCR2U6UEM",
            "name": "keith.friestad",
            "is_restricted": false,
            "is_ultra_restricted": false
        },
        "blocks": [
            {
                "type": "rich_text",
                "block_id": "6u28",
                "elements": [
                    {
                        "type": "rich_text_section",
                        "elements": [
                            {
                                "type": "text",
                                "text": "Also we probably only need one side of the grabber to move"
                            }
                        ]
                    }
                ]
            }
        ],
        "thread_ts": "1599942571.009700",
        "parent_user_id": "U018URES8KV"
    },
    {
        "client_msg_id": "c94050bd-556e-4a62-9726-b1d6a38cf01b",
        "type": "message",
        "text": "yeah probably",
        "user": "U018URES8KV",
        "ts": "1599944529.012000",
        "team": "TCR2U6UEM",
        "user_team": "TCR2U6UEM",
        "source_team": "TCR2U6UEM",
        "user_profile": {
            "avatar_hash": "1b6b64ea950d",
            "image_72": "https:\/\/avatars.slack-edge.com\/2020-09-18\/1380553169540_1b6b64ea950dd455ff25_72.jpg",
            "first_name": "Adam",
            "real_name": "Adam Holmes",
            "display_name": "Adam Holmes",
            "team": "TCR2U6UEM",
            "name": "adamup555",
            "is_restricted": false,
            "is_ultra_restricted": false
        },
        "blocks": [
            {
                "type": "rich_text",
                "block_id": "5uj",
                "elements": [
                    {
                        "type": "rich_text_section",
                        "elements": [
                            {
                                "type": "text",
                                "text": "yeah probably"
                            }
                        ]
                    }
                ]
            }
        ],
        "thread_ts": "1599942571.009700",
        "parent_user_id": "U018URES8KV"
    },
    {
        "client_msg_id": "6b3711d9-0a42-4d3c-958f-0aa136274eb4",
        "type": "message",
        "text": "I just copied the vex grabber for now lol",
        "user": "U018URES8KV",
        "ts": "1599944535.012200",
        "team": "TCR2U6UEM",
        "user_team": "TCR2U6UEM",
        "source_team": "TCR2U6UEM",
        "user_profile": {
            "avatar_hash": "1b6b64ea950d",
            "image_72": "https:\/\/avatars.slack-edge.com\/2020-09-18\/1380553169540_1b6b64ea950dd455ff25_72.jpg",
            "first_name": "Adam",
            "real_name": "Adam Holmes",
            "display_name": "Adam Holmes",
            "team": "TCR2U6UEM",
            "name": "adamup555",
            "is_restricted": false,
            "is_ultra_restricted": false
        },
        "blocks": [
            {
                "type": "rich_text",
                "block_id": "Ym6rx",
                "elements": [
                    {
                        "type": "rich_text_section",
                        "elements": [
                            {
                                "type": "text",
                                "text": "I just copied the vex grabber for now lol"
                            }
                        ]
                    }
                ]
            }
        ],
        "thread_ts": "1599942571.009700",
        "parent_user_id": "U018URES8KV"
    }
]