[
    {
        "client_msg_id": "822f0f35-406e-4a1a-89fc-99999263f65b",
        "type": "message",
        "text": "<@U018X7N6MMG> <@U018URES8KV> <@U018X7N3K42> <@U010FNPUQP8> <@U018QFKN44W> , <@U016G7WR3KJ> now that we can do the meet in person, the plan is to have one drive team come In tuesday to practice and one come in Wednesday. Please let me know which day would work for you so we can schedule this.",
        "user": "U018GF7AFJB",
        "ts": "1607779660.003300",
        "team": "TCR2U6UEM",
        "user_team": "TCR2U6UEM",
        "source_team": "TCR2U6UEM",
        "user_profile": {
            "avatar_hash": "c31861bbc361",
            "image_72": "https:\/\/avatars.slack-edge.com\/2020-08-16\/1316598132593_c31861bbc3618c961c77_72.jpg",
            "first_name": "",
            "real_name": "Nolan Vibhakar",
            "display_name": "Nolan Vibhakar",
            "team": "TCR2U6UEM",
            "name": "novib21",
            "is_restricted": false,
            "is_ultra_restricted": false
        },
        "blocks": [
            {
                "type": "rich_text",
                "block_id": "WBIUo",
                "elements": [
                    {
                        "type": "rich_text_section",
                        "elements": [
                            {
                                "type": "user",
                                "user_id": "U018X7N6MMG"
                            },
                            {
                                "type": "text",
                                "text": " "
                            },
                            {
                                "type": "user",
                                "user_id": "U018URES8KV"
                            },
                            {
                                "type": "text",
                                "text": " "
                            },
                            {
                                "type": "user",
                                "user_id": "U018X7N3K42"
                            },
                            {
                                "type": "text",
                                "text": " "
                            },
                            {
                                "type": "user",
                                "user_id": "U010FNPUQP8"
                            },
                            {
                                "type": "text",
                                "text": " "
                            },
                            {
                                "type": "user",
                                "user_id": "U018QFKN44W"
                            },
                            {
                                "type": "text",
                                "text": " , "
                            },
                            {
                                "type": "user",
                                "user_id": "U016G7WR3KJ"
                            },
                            {
                                "type": "text",
                                "text": " now that we can do the meet in person, the plan is to have one drive team come In tuesday to practice and one come in Wednesday. Please let me know which day would work for you so we can schedule this."
                            }
                        ]
                    }
                ]
            }
        ],
        "reactions": [
            {
                "name": "watermelon",
                "users": [
                    "U018URES8KV"
                ],
                "count": 1
            }
        ]
    },
    {
        "client_msg_id": "215bc91c-5dcd-4909-b8d1-4bf7b9ede778",
        "type": "message",
        "text": "I can do either day but I'd pick Wednesday",
        "user": "U010FNPUQP8",
        "ts": "1607779763.004000",
        "team": "TCR2U6UEM",
        "user_team": "TCR2U6UEM",
        "source_team": "TCR2U6UEM",
        "user_profile": {
            "avatar_hash": "09e03a757dfc",
            "image_72": "https:\/\/avatars.slack-edge.com\/2020-10-16\/1427166742294_09e03a757dfcc5429a42_72.jpg",
            "first_name": "Fergie",
            "real_name": "Fergie",
            "display_name": "Fergie",
            "team": "TCR2U6UEM",
            "name": "fergusonward314",
            "is_restricted": false,
            "is_ultra_restricted": false
        },
        "blocks": [
            {
                "type": "rich_text",
                "block_id": "aby",
                "elements": [
                    {
                        "type": "rich_text_section",
                        "elements": [
                            {
                                "type": "text",
                                "text": "I can do either day but I'd pick Wednesday"
                            }
                        ]
                    }
                ]
            }
        ]
    },
    {
        "client_msg_id": "89305893-99AC-4381-8D8E-EA86D5F48042",
        "type": "message",
        "text": "I can do either",
        "user": "U018X7N6MMG",
        "ts": "1607794651.004400",
        "team": "TCR2U6UEM",
        "user_team": "TCR2U6UEM",
        "source_team": "TCR2U6UEM",
        "user_profile": {
            "avatar_hash": "ba89825d3b7b",
            "image_72": "https:\/\/avatars.slack-edge.com\/2020-09-11\/1355949232709_ba89825d3b7bcf995dc9_72.png",
            "first_name": "Keith",
            "real_name": "Keith Friestad",
            "display_name": "",
            "team": "TCR2U6UEM",
            "name": "keith.friestad",
            "is_restricted": false,
            "is_ultra_restricted": false
        },
        "blocks": [
            {
                "type": "rich_text",
                "block_id": "QAP",
                "elements": [
                    {
                        "type": "rich_text_section",
                        "elements": [
                            {
                                "type": "text",
                                "text": "I can do either"
                            }
                        ]
                    }
                ]
            }
        ]
    },
    {
        "client_msg_id": "99b79f9f-11ef-4076-ae93-a9065a4bbd21",
        "type": "message",
        "text": "Yeah same",
        "user": "U016G7WR3KJ",
        "ts": "1607794695.004700",
        "team": "TCR2U6UEM",
        "user_team": "TCR2U6UEM",
        "source_team": "TCR2U6UEM",
        "user_profile": {
            "avatar_hash": "bbe6b64d1e6f",
            "image_72": "https:\/\/avatars.slack-edge.com\/2020-09-12\/1359637227778_bbe6b64d1e6f191982dd_72.jpg",
            "first_name": "Robbie",
            "real_name": "Robbie Thibodeau",
            "display_name": "Robbie Thibodeau",
            "team": "TCR2U6UEM",
            "name": "rgtthibodeau",
            "is_restricted": false,
            "is_ultra_restricted": false
        },
        "blocks": [
            {
                "type": "rich_text",
                "block_id": "=0M",
                "elements": [
                    {
                        "type": "rich_text_section",
                        "elements": [
                            {
                                "type": "text",
                                "text": "Yeah same"
                            }
                        ]
                    }
                ]
            }
        ]
    },
    {
        "client_msg_id": "207887d1-ddc0-4512-b110-15f84e08d2dd",
        "type": "message",
        "text": "I'd go with wednnwdsad",
        "user": "U016G7WR3KJ",
        "ts": "1607794710.005000",
        "team": "TCR2U6UEM",
        "user_team": "TCR2U6UEM",
        "source_team": "TCR2U6UEM",
        "user_profile": {
            "avatar_hash": "bbe6b64d1e6f",
            "image_72": "https:\/\/avatars.slack-edge.com\/2020-09-12\/1359637227778_bbe6b64d1e6f191982dd_72.jpg",
            "first_name": "Robbie",
            "real_name": "Robbie Thibodeau",
            "display_name": "Robbie Thibodeau",
            "team": "TCR2U6UEM",
            "name": "rgtthibodeau",
            "is_restricted": false,
            "is_ultra_restricted": false
        },
        "blocks": [
            {
                "type": "rich_text",
                "block_id": "feIO",
                "elements": [
                    {
                        "type": "rich_text_section",
                        "elements": [
                            {
                                "type": "text",
                                "text": "I'd go with wednnwdsad"
                            }
                        ]
                    }
                ]
            }
        ]
    },
    {
        "client_msg_id": "ba71fe70-de14-4d4c-b733-69552768ece1",
        "type": "message",
        "text": "When  would we do it on Wednesday",
        "user": "U010FNPUQP8",
        "ts": "1607794745.005400",
        "team": "TCR2U6UEM",
        "user_team": "TCR2U6UEM",
        "source_team": "TCR2U6UEM",
        "user_profile": {
            "avatar_hash": "09e03a757dfc",
            "image_72": "https:\/\/avatars.slack-edge.com\/2020-10-16\/1427166742294_09e03a757dfcc5429a42_72.jpg",
            "first_name": "Fergie",
            "real_name": "Fergie",
            "display_name": "Fergie",
            "team": "TCR2U6UEM",
            "name": "fergusonward314",
            "is_restricted": false,
            "is_ultra_restricted": false
        },
        "blocks": [
            {
                "type": "rich_text",
                "block_id": "z54",
                "elements": [
                    {
                        "type": "rich_text_section",
                        "elements": [
                            {
                                "type": "text",
                                "text": "When  would we do it on Wednesday"
                            }
                        ]
                    }
                ]
            }
        ]
    },
    {
        "client_msg_id": "aa45ed15-c290-4ca9-966b-e8b9ef29728f",
        "type": "message",
        "text": "4 to 6",
        "user": "U018URES8KV",
        "ts": "1607795015.005700",
        "team": "TCR2U6UEM",
        "user_team": "TCR2U6UEM",
        "source_team": "TCR2U6UEM",
        "user_profile": {
            "avatar_hash": "1b6b64ea950d",
            "image_72": "https:\/\/avatars.slack-edge.com\/2020-09-18\/1380553169540_1b6b64ea950dd455ff25_72.jpg",
            "first_name": "Adam",
            "real_name": "Adam Holmes",
            "display_name": "Adam Holmes",
            "team": "TCR2U6UEM",
            "name": "adamup555",
            "is_restricted": false,
            "is_ultra_restricted": false
        },
        "blocks": [
            {
                "type": "rich_text",
                "block_id": "ciz1",
                "elements": [
                    {
                        "type": "rich_text_section",
                        "elements": [
                            {
                                "type": "text",
                                "text": "4 to 6"
                            }
                        ]
                    }
                ]
            }
        ]
    },
    {
        "client_msg_id": "15facb86-f6be-4f59-8269-0094b38c9fbb",
        "type": "message",
        "text": "I can do either",
        "user": "U018URES8KV",
        "ts": "1607795017.005900",
        "team": "TCR2U6UEM",
        "user_team": "TCR2U6UEM",
        "source_team": "TCR2U6UEM",
        "user_profile": {
            "avatar_hash": "1b6b64ea950d",
            "image_72": "https:\/\/avatars.slack-edge.com\/2020-09-18\/1380553169540_1b6b64ea950dd455ff25_72.jpg",
            "first_name": "Adam",
            "real_name": "Adam Holmes",
            "display_name": "Adam Holmes",
            "team": "TCR2U6UEM",
            "name": "adamup555",
            "is_restricted": false,
            "is_ultra_restricted": false
        },
        "blocks": [
            {
                "type": "rich_text",
                "block_id": "o2Q",
                "elements": [
                    {
                        "type": "rich_text_section",
                        "elements": [
                            {
                                "type": "text",
                                "text": "I can do either"
                            }
                        ]
                    }
                ]
            }
        ]
    },
    {
        "client_msg_id": "1d3a9cde-623d-45da-918a-448338f0ef90",
        "type": "message",
        "text": "<@U018X7N3K42>",
        "user": "U018GF7AFJB",
        "ts": "1607823361.007500",
        "team": "TCR2U6UEM",
        "user_team": "TCR2U6UEM",
        "source_team": "TCR2U6UEM",
        "user_profile": {
            "avatar_hash": "c31861bbc361",
            "image_72": "https:\/\/avatars.slack-edge.com\/2020-08-16\/1316598132593_c31861bbc3618c961c77_72.jpg",
            "first_name": "",
            "real_name": "Nolan Vibhakar",
            "display_name": "Nolan Vibhakar",
            "team": "TCR2U6UEM",
            "name": "novib21",
            "is_restricted": false,
            "is_ultra_restricted": false
        },
        "blocks": [
            {
                "type": "rich_text",
                "block_id": "9ohbL",
                "elements": [
                    {
                        "type": "rich_text_section",
                        "elements": [
                            {
                                "type": "user",
                                "user_id": "U018X7N3K42"
                            }
                        ]
                    }
                ]
            }
        ]
    },
    {
        "client_msg_id": "EC685687-A327-40E7-B1FA-A6DD081E7A8A",
        "type": "message",
        "text": "Haha sorry I can do wednesday as long as it’s before 6:30",
        "user": "U018X7N3K42",
        "ts": "1607823386.008000",
        "team": "TCR2U6UEM",
        "user_team": "TCR2U6UEM",
        "source_team": "TCR2U6UEM",
        "user_profile": {
            "avatar_hash": "g50b311404ea",
            "image_72": "https:\/\/secure.gravatar.com\/avatar\/50b311404eaf5a4cbd50a42846f515df.jpg?s=72&d=https%3A%2F%2Fa.slack-edge.com%2Fdf10d%2Fimg%2Favatars%2Fava_0016-72.png",
            "first_name": "",
            "real_name": "Nathan Bradford",
            "display_name": "Nathan Bradford",
            "team": "TCR2U6UEM",
            "name": "nabra22",
            "is_restricted": false,
            "is_ultra_restricted": false
        },
        "blocks": [
            {
                "type": "rich_text",
                "block_id": "b9vP",
                "elements": [
                    {
                        "type": "rich_text_section",
                        "elements": [
                            {
                                "type": "text",
                                "text": "Haha sorry I can do wednesday as long as it’s before 6:30"
                            }
                        ]
                    }
                ]
            }
        ]
    },
    {
        "client_msg_id": "49e88fd8-66a7-4b89-8462-bcfbeab7f18d",
        "type": "message",
        "text": "Cool",
        "user": "U018GF7AFJB",
        "ts": "1607823398.008300",
        "team": "TCR2U6UEM",
        "user_team": "TCR2U6UEM",
        "source_team": "TCR2U6UEM",
        "user_profile": {
            "avatar_hash": "c31861bbc361",
            "image_72": "https:\/\/avatars.slack-edge.com\/2020-08-16\/1316598132593_c31861bbc3618c961c77_72.jpg",
            "first_name": "",
            "real_name": "Nolan Vibhakar",
            "display_name": "Nolan Vibhakar",
            "team": "TCR2U6UEM",
            "name": "novib21",
            "is_restricted": false,
            "is_ultra_restricted": false
        },
        "blocks": [
            {
                "type": "rich_text",
                "block_id": "le8",
                "elements": [
                    {
                        "type": "rich_text_section",
                        "elements": [
                            {
                                "type": "text",
                                "text": "Cool"
                            }
                        ]
                    }
                ]
            }
        ]
    },
    {
        "client_msg_id": "8d5622d5-4480-40d7-bb3e-8ded4616a72a",
        "type": "message",
        "text": "<@U016G7WR3KJ> would you be able to do Tuesday?",
        "user": "U018GF7AFJB",
        "ts": "1607823419.008900",
        "team": "TCR2U6UEM",
        "user_team": "TCR2U6UEM",
        "source_team": "TCR2U6UEM",
        "user_profile": {
            "avatar_hash": "c31861bbc361",
            "image_72": "https:\/\/avatars.slack-edge.com\/2020-08-16\/1316598132593_c31861bbc3618c961c77_72.jpg",
            "first_name": "",
            "real_name": "Nolan Vibhakar",
            "display_name": "Nolan Vibhakar",
            "team": "TCR2U6UEM",
            "name": "novib21",
            "is_restricted": false,
            "is_ultra_restricted": false
        },
        "blocks": [
            {
                "type": "rich_text",
                "block_id": "HEW",
                "elements": [
                    {
                        "type": "rich_text_section",
                        "elements": [
                            {
                                "type": "user",
                                "user_id": "U016G7WR3KJ"
                            },
                            {
                                "type": "text",
                                "text": " would you be able to do Tuesday?"
                            }
                        ]
                    }
                ]
            }
        ]
    },
    {
        "client_msg_id": "4b5ee83c-f48c-49fc-9a5e-a7da562ad8e5",
        "type": "message",
        "text": "I'd prefer not but I could",
        "user": "U016G7WR3KJ",
        "ts": "1607823457.009200",
        "team": "TCR2U6UEM",
        "user_team": "TCR2U6UEM",
        "source_team": "TCR2U6UEM",
        "user_profile": {
            "avatar_hash": "bbe6b64d1e6f",
            "image_72": "https:\/\/avatars.slack-edge.com\/2020-09-12\/1359637227778_bbe6b64d1e6f191982dd_72.jpg",
            "first_name": "Robbie",
            "real_name": "Robbie Thibodeau",
            "display_name": "Robbie Thibodeau",
            "team": "TCR2U6UEM",
            "name": "rgtthibodeau",
            "is_restricted": false,
            "is_ultra_restricted": false
        },
        "blocks": [
            {
                "type": "rich_text",
                "block_id": "jlV",
                "elements": [
                    {
                        "type": "rich_text_section",
                        "elements": [
                            {
                                "type": "text",
                                "text": "I'd prefer not but I could"
                            }
                        ]
                    }
                ]
            }
        ]
    },
    {
        "client_msg_id": "46fcb657-422b-4481-89bd-14b5d94f7019",
        "type": "message",
        "text": "You're are only human player volunteer rn, so I was just wondering if you could be there both days",
        "user": "U018GF7AFJB",
        "ts": "1607823548.011500",
        "team": "TCR2U6UEM",
        "user_team": "TCR2U6UEM",
        "source_team": "TCR2U6UEM",
        "user_profile": {
            "avatar_hash": "c31861bbc361",
            "image_72": "https:\/\/avatars.slack-edge.com\/2020-08-16\/1316598132593_c31861bbc3618c961c77_72.jpg",
            "first_name": "",
            "real_name": "Nolan Vibhakar",
            "display_name": "Nolan Vibhakar",
            "team": "TCR2U6UEM",
            "name": "novib21",
            "is_restricted": false,
            "is_ultra_restricted": false
        },
        "blocks": [
            {
                "type": "rich_text",
                "block_id": "K=jp",
                "elements": [
                    {
                        "type": "rich_text_section",
                        "elements": [
                            {
                                "type": "text",
                                "text": "You're are only human player volunteer rn, so I was just wondering if you could be there both days"
                            }
                        ]
                    }
                ]
            }
        ]
    },
    {
        "client_msg_id": "cbd34383-da20-4c15-aa4c-b926a40134c4",
        "type": "message",
        "text": "If you can only do wednesday that's fine",
        "user": "U018GF7AFJB",
        "ts": "1607823561.011800",
        "team": "TCR2U6UEM",
        "user_team": "TCR2U6UEM",
        "source_team": "TCR2U6UEM",
        "user_profile": {
            "avatar_hash": "c31861bbc361",
            "image_72": "https:\/\/avatars.slack-edge.com\/2020-08-16\/1316598132593_c31861bbc3618c961c77_72.jpg",
            "first_name": "",
            "real_name": "Nolan Vibhakar",
            "display_name": "Nolan Vibhakar",
            "team": "TCR2U6UEM",
            "name": "novib21",
            "is_restricted": false,
            "is_ultra_restricted": false
        },
        "blocks": [
            {
                "type": "rich_text",
                "block_id": "yDxFA",
                "elements": [
                    {
                        "type": "rich_text_section",
                        "elements": [
                            {
                                "type": "text",
                                "text": "If you can only do wednesday that's fine"
                            }
                        ]
                    }
                ]
            }
        ]
    },
    {
        "client_msg_id": "019b4732-2ae6-4a7e-93ef-aec7b51bff22",
        "type": "message",
        "text": "So we will have keith and adam come in tuesday to practice, and then nathan and fergie can come in wednesday to practice",
        "user": "U018GF7AFJB",
        "ts": "1607823593.012800",
        "team": "TCR2U6UEM",
        "user_team": "TCR2U6UEM",
        "source_team": "TCR2U6UEM",
        "user_profile": {
            "avatar_hash": "c31861bbc361",
            "image_72": "https:\/\/avatars.slack-edge.com\/2020-08-16\/1316598132593_c31861bbc3618c961c77_72.jpg",
            "first_name": "",
            "real_name": "Nolan Vibhakar",
            "display_name": "Nolan Vibhakar",
            "team": "TCR2U6UEM",
            "name": "novib21",
            "is_restricted": false,
            "is_ultra_restricted": false
        },
        "blocks": [
            {
                "type": "rich_text",
                "block_id": "P6F",
                "elements": [
                    {
                        "type": "rich_text_section",
                        "elements": [
                            {
                                "type": "text",
                                "text": "So we will have keith and adam come in tuesday to practice, and then nathan and fergie can come in wednesday to practice"
                            }
                        ]
                    }
                ]
            }
        ]
    },
    {
        "client_msg_id": "986dbe99-49f7-46cb-b8b1-f68f798c4a69",
        "type": "message",
        "text": "<@U018URES8KV> if you would be willing to come in wednesday as well to practice coaching since I wont be able to be there on saturday that would be great too",
        "user": "U018GF7AFJB",
        "ts": "1607823680.014100",
        "team": "TCR2U6UEM",
        "user_team": "TCR2U6UEM",
        "source_team": "TCR2U6UEM",
        "user_profile": {
            "avatar_hash": "c31861bbc361",
            "image_72": "https:\/\/avatars.slack-edge.com\/2020-08-16\/1316598132593_c31861bbc3618c961c77_72.jpg",
            "first_name": "",
            "real_name": "Nolan Vibhakar",
            "display_name": "Nolan Vibhakar",
            "team": "TCR2U6UEM",
            "name": "novib21",
            "is_restricted": false,
            "is_ultra_restricted": false
        },
        "blocks": [
            {
                "type": "rich_text",
                "block_id": "MFBx",
                "elements": [
                    {
                        "type": "rich_text_section",
                        "elements": [
                            {
                                "type": "user",
                                "user_id": "U018URES8KV"
                            },
                            {
                                "type": "text",
                                "text": " if you would be willing to come in wednesday as well to practice coaching since I wont be able to be there on saturday that would be great too"
                            }
                        ]
                    }
                ]
            }
        ]
    }
]