[
    {
        "client_msg_id": "80e9b9f3-74fa-4d7c-9614-0d7c353bb529",
        "type": "message",
        "text": "(zoom call link for later)\n<https:\/\/us05web.zoom.us\/j\/5671317713?pwd=b0ZMSlplbmEvYmxzUnVmcHhSRElOQT09>",
        "user": "U010DDZ3FJR",
        "ts": "1605739332.000300",
        "team": "TCR2U6UEM",
        "user_team": "TCR2U6UEM",
        "source_team": "TCR2U6UEM",
        "user_profile": {
            "avatar_hash": "fda0a36a8605",
            "image_72": "https:\/\/avatars.slack-edge.com\/2020-09-18\/1386993799393_fda0a36a86053c692b20_72.jpg",
            "first_name": "Luke",
            "real_name": "Luke Aschenbrenner",
            "display_name": "Luke Aschenbrenner",
            "team": "TCR2U6UEM",
            "name": "ashbren21",
            "is_restricted": false,
            "is_ultra_restricted": false
        },
        "blocks": [
            {
                "type": "rich_text",
                "block_id": "oTv",
                "elements": [
                    {
                        "type": "rich_text_section",
                        "elements": [
                            {
                                "type": "text",
                                "text": "(zoom call link for later)\n"
                            },
                            {
                                "type": "link",
                                "url": "https:\/\/us05web.zoom.us\/j\/5671317713?pwd=b0ZMSlplbmEvYmxzUnVmcHhSRElOQT09"
                            }
                        ]
                    }
                ]
            }
        ]
    }
]