[
    {
        "type": "message",
        "subtype": "channel_join",
        "ts": "1603837107.000200",
        "user": "U018GF7AFJB",
        "text": "<@U018GF7AFJB> has joined the channel"
    },
    {
        "type": "message",
        "subtype": "channel_purpose",
        "ts": "1603837107.000300",
        "user": "U018GF7AFJB",
        "text": "<@U018GF7AFJB> set the channel purpose: channel for drivers to discuss control options and scheduling practice sessions",
        "purpose": "channel for drivers to discuss control options and scheduling practice sessions"
    },
    {
        "client_msg_id": "469a9792-e07e-43f9-8020-63d87eada86c",
        "type": "message",
        "text": "Hey everybody, let's use this channel to talk about driving stuff. If you're interested, make sure to let me know",
        "user": "U018GF7AFJB",
        "ts": "1603837147.001100",
        "team": "TCR2U6UEM",
        "user_team": "TCR2U6UEM",
        "source_team": "TCR2U6UEM",
        "user_profile": {
            "avatar_hash": "c31861bbc361",
            "image_72": "https:\/\/avatars.slack-edge.com\/2020-08-16\/1316598132593_c31861bbc3618c961c77_72.jpg",
            "first_name": "",
            "real_name": "Nolan Vibhakar",
            "display_name": "Nolan Vibhakar",
            "team": "TCR2U6UEM",
            "name": "novib21",
            "is_restricted": false,
            "is_ultra_restricted": false
        },
        "blocks": [
            {
                "type": "rich_text",
                "block_id": "Qsz4",
                "elements": [
                    {
                        "type": "rich_text_section",
                        "elements": [
                            {
                                "type": "text",
                                "text": "Hey everybody, let's use this channel to talk about driving stuff. If you're interested, make sure to let me know"
                            }
                        ]
                    }
                ]
            }
        ]
    },
    {
        "client_msg_id": "9fb23552-99d1-4110-9b81-2bc0682da69c",
        "type": "message",
        "text": "So far I have that <@U018X7N6MMG>, <@U010FNPUQP8>, <@U01ARLRPVEW>, and <@U018URES8KV> want to drive\/coach\/be the human player",
        "user": "U018GF7AFJB",
        "ts": "1603837279.002200",
        "team": "TCR2U6UEM",
        "user_team": "TCR2U6UEM",
        "source_team": "TCR2U6UEM",
        "user_profile": {
            "avatar_hash": "c31861bbc361",
            "image_72": "https:\/\/avatars.slack-edge.com\/2020-08-16\/1316598132593_c31861bbc3618c961c77_72.jpg",
            "first_name": "",
            "real_name": "Nolan Vibhakar",
            "display_name": "Nolan Vibhakar",
            "team": "TCR2U6UEM",
            "name": "novib21",
            "is_restricted": false,
            "is_ultra_restricted": false
        },
        "blocks": [
            {
                "type": "rich_text",
                "block_id": "\/tH",
                "elements": [
                    {
                        "type": "rich_text_section",
                        "elements": [
                            {
                                "type": "text",
                                "text": "So far I have that "
                            },
                            {
                                "type": "user",
                                "user_id": "U018X7N6MMG"
                            },
                            {
                                "type": "text",
                                "text": ", "
                            },
                            {
                                "type": "user",
                                "user_id": "U010FNPUQP8"
                            },
                            {
                                "type": "text",
                                "text": ", "
                            },
                            {
                                "type": "user",
                                "user_id": "U01ARLRPVEW"
                            },
                            {
                                "type": "text",
                                "text": ", and "
                            },
                            {
                                "type": "user",
                                "user_id": "U018URES8KV"
                            },
                            {
                                "type": "text",
                                "text": " want to drive\/coach\/be the human player"
                            }
                        ]
                    }
                ]
            }
        ]
    },
    {
        "type": "message",
        "subtype": "channel_join",
        "ts": "1603838533.002400",
        "user": "U016G7WR3KJ",
        "text": "<@U016G7WR3KJ> has joined the channel",
        "inviter": "U018GF7AFJB"
    },
    {
        "type": "message",
        "subtype": "channel_join",
        "ts": "1603838801.002600",
        "user": "U010DDZ3FJR",
        "text": "<@U010DDZ3FJR> has joined the channel",
        "inviter": "U016G7WR3KJ"
    },
    {
        "type": "message",
        "subtype": "channel_join",
        "ts": "1603838801.002800",
        "user": "U018URES8KV",
        "text": "<@U018URES8KV> has joined the channel",
        "inviter": "U016G7WR3KJ"
    },
    {
        "type": "message",
        "subtype": "channel_join",
        "ts": "1603838802.003000",
        "user": "U01ADEF18N6",
        "text": "<@U01ADEF18N6> has joined the channel",
        "inviter": "U016G7WR3KJ"
    },
    {
        "type": "message",
        "subtype": "channel_join",
        "ts": "1603838802.003200",
        "user": "U01ARLRPVEW",
        "text": "<@U01ARLRPVEW> has joined the channel",
        "inviter": "U016G7WR3KJ"
    },
    {
        "type": "message",
        "subtype": "channel_join",
        "ts": "1603838802.003400",
        "user": "U018X7N3K42",
        "text": "<@U018X7N3K42> has joined the channel",
        "inviter": "U016G7WR3KJ"
    },
    {
        "type": "message",
        "subtype": "channel_join",
        "ts": "1603838802.003600",
        "user": "U01ALNAL79C",
        "text": "<@U01ALNAL79C> has joined the channel",
        "inviter": "U016G7WR3KJ"
    },
    {
        "type": "message",
        "subtype": "channel_join",
        "ts": "1603838802.003800",
        "user": "U0193D49BLL",
        "text": "<@U0193D49BLL> has joined the channel",
        "inviter": "U016G7WR3KJ"
    },
    {
        "type": "message",
        "subtype": "channel_join",
        "ts": "1603838802.004000",
        "user": "U018QFKN44W",
        "text": "<@U018QFKN44W> has joined the channel",
        "inviter": "U016G7WR3KJ"
    },
    {
        "type": "message",
        "subtype": "channel_join",
        "ts": "1603838802.004200",
        "user": "U018XDQ8DBM",
        "text": "<@U018XDQ8DBM> has joined the channel",
        "inviter": "U016G7WR3KJ"
    },
    {
        "type": "message",
        "subtype": "channel_join",
        "ts": "1603838802.004400",
        "user": "U018X7MRG66",
        "text": "<@U018X7MRG66> has joined the channel",
        "inviter": "U016G7WR3KJ"
    },
    {
        "type": "message",
        "subtype": "channel_join",
        "ts": "1603838802.004600",
        "user": "U0193D42LHJ",
        "text": "<@U0193D42LHJ> has joined the channel",
        "inviter": "U016G7WR3KJ"
    },
    {
        "type": "message",
        "subtype": "channel_join",
        "ts": "1603838802.004800",
        "user": "U010FNPUQP8",
        "text": "<@U010FNPUQP8> has joined the channel",
        "inviter": "U016G7WR3KJ"
    },
    {
        "type": "message",
        "subtype": "channel_join",
        "ts": "1603838802.005000",
        "user": "U018X7N6MMG",
        "text": "<@U018X7N6MMG> has joined the channel",
        "inviter": "U016G7WR3KJ"
    },
    {
        "type": "message",
        "subtype": "channel_join",
        "ts": "1603838803.005200",
        "user": "U015YJYRXMJ",
        "text": "<@U015YJYRXMJ> has joined the channel",
        "inviter": "U016G7WR3KJ"
    },
    {
        "type": "message",
        "subtype": "channel_join",
        "ts": "1603838803.005400",
        "user": "U018QFKFVRU",
        "text": "<@U018QFKFVRU> has joined the channel",
        "inviter": "U016G7WR3KJ"
    },
    {
        "type": "message",
        "subtype": "channel_join",
        "ts": "1603838803.005600",
        "user": "U0103BWEQSD",
        "text": "<@U0103BWEQSD> has joined the channel",
        "inviter": "U016G7WR3KJ"
    },
    {
        "type": "message",
        "subtype": "channel_join",
        "ts": "1603838803.005800",
        "user": "U018QFK9G94",
        "text": "<@U018QFK9G94> has joined the channel",
        "inviter": "U016G7WR3KJ"
    },
    {
        "type": "message",
        "subtype": "channel_join",
        "ts": "1603838803.006000",
        "user": "U0139LBQGRH",
        "text": "<@U0139LBQGRH> has joined the channel",
        "inviter": "U016G7WR3KJ"
    },
    {
        "type": "message",
        "subtype": "channel_join",
        "ts": "1603838803.006200",
        "user": "U018XDQ596F",
        "text": "<@U018XDQ596F> has joined the channel",
        "inviter": "U016G7WR3KJ"
    },
    {
        "client_msg_id": "295f5d87-c80c-408f-acc7-177cfaa91340",
        "type": "message",
        "text": "yees",
        "user": "U018X7N6MMG",
        "ts": "1603852580.006400",
        "team": "TCR2U6UEM",
        "user_team": "TCR2U6UEM",
        "source_team": "TCR2U6UEM",
        "user_profile": {
            "avatar_hash": "ba89825d3b7b",
            "image_72": "https:\/\/avatars.slack-edge.com\/2020-09-11\/1355949232709_ba89825d3b7bcf995dc9_72.png",
            "first_name": "Keith",
            "real_name": "Keith Friestad",
            "display_name": "",
            "team": "TCR2U6UEM",
            "name": "keith.friestad",
            "is_restricted": false,
            "is_ultra_restricted": false
        },
        "blocks": [
            {
                "type": "rich_text",
                "block_id": "cvO",
                "elements": [
                    {
                        "type": "rich_text_section",
                        "elements": [
                            {
                                "type": "text",
                                "text": "yees"
                            }
                        ]
                    }
                ]
            }
        ]
    }
]