[
    {
        "type": "message",
        "subtype": "bot_message",
        "text": "Brian Morris *jibbled in* via Slack ",
        "ts": "1605651577.000200",
        "bot_id": "B010G42636Z"
    },
    {
        "type": "message",
        "subtype": "bot_message",
        "text": "Fergie Fergie *jibbled in* via Slack ",
        "ts": "1605651612.000500",
        "bot_id": "B010G42636Z"
    },
    {
        "type": "message",
        "subtype": "bot_message",
        "text": "Nolan Vibhakar *jibbled in* via Slack ",
        "ts": "1605651637.000700",
        "bot_id": "B010G42636Z"
    },
    {
        "type": "message",
        "subtype": "bot_message",
        "text": "Brian Morris *jibbled out* via Auto Jibble Out ",
        "ts": "1605655179.000800",
        "bot_id": "B010G42636Z"
    },
    {
        "type": "message",
        "subtype": "bot_message",
        "text": "Fergie Fergie *jibbled out* via Auto Jibble Out ",
        "ts": "1605655214.000900",
        "bot_id": "B010G42636Z"
    },
    {
        "type": "message",
        "subtype": "bot_message",
        "text": "Nolan Vibhakar *jibbled out* via Auto Jibble Out ",
        "ts": "1605655239.001000",
        "bot_id": "B010G42636Z"
    }
]