[
    {
        "type": "message",
        "subtype": "bot_remove",
        "text": "removed an integration from this channel: <https:\/\/rawbaconrobotics.slack.com\/services\/B0104HGJS1H|Parabol>",
        "user": "U010DDZ3FJR",
        "bot_id": "B0104HGJS1H",
        "bot_link": "<https:\/\/rawbaconrobotics.slack.com\/services\/B0104HGJS1H|Parabol>",
        "ts": "1599839223.000100"
    },
    {
        "client_msg_id": "BC26A829-1946-4339-892C-4CCB0BED3C53",
        "type": "message",
        "text": "Hey how do you join the other channels?",
        "user": "U018QFKN44W",
        "ts": "1599850715.000500",
        "team": "TCR2U6UEM",
        "user_team": "TCR2U6UEM",
        "source_team": "TCR2U6UEM",
        "user_profile": {
            "avatar_hash": "032f80dfd458",
            "image_72": "https:\/\/avatars.slack-edge.com\/2020-09-11\/1371096170705_032f80dfd458ccdaccbe_72.png",
            "first_name": "Cecilia",
            "real_name": "Cecilia Clark",
            "display_name": "Ceci",
            "team": "TCR2U6UEM",
            "name": "cecla22",
            "is_restricted": false,
            "is_ultra_restricted": false
        },
        "blocks": [
            {
                "type": "rich_text",
                "block_id": "9nC+u",
                "elements": [
                    {
                        "type": "rich_text_section",
                        "elements": [
                            {
                                "type": "text",
                                "text": "Hey how do you join the other channels?"
                            }
                        ]
                    }
                ]
            }
        ]
    },
    {
        "client_msg_id": "0bfbc80b-218f-494c-81c1-b92fb3bb3853",
        "type": "message",
        "text": "Do t you just click them",
        "user": "U016G7WR3KJ",
        "ts": "1599850798.000800",
        "team": "TCR2U6UEM",
        "user_team": "TCR2U6UEM",
        "source_team": "TCR2U6UEM",
        "user_profile": {
            "avatar_hash": "bbe6b64d1e6f",
            "image_72": "https:\/\/avatars.slack-edge.com\/2020-09-12\/1359637227778_bbe6b64d1e6f191982dd_72.jpg",
            "first_name": "Robbie",
            "real_name": "Robbie Thibodeau",
            "display_name": "Robbie Thibodeau",
            "team": "TCR2U6UEM",
            "name": "rgtthibodeau",
            "is_restricted": false,
            "is_ultra_restricted": false
        },
        "blocks": [
            {
                "type": "rich_text",
                "block_id": "8T\/TY",
                "elements": [
                    {
                        "type": "rich_text_section",
                        "elements": [
                            {
                                "type": "text",
                                "text": "Do t you just click them"
                            }
                        ]
                    }
                ]
            }
        ]
    },
    {
        "client_msg_id": "27de136f-e401-447d-9ea1-4135fbafa1e3",
        "type": "message",
        "text": "<@U018QFKN44W> ^ pretty sure Robbie's right",
        "user": "U010DDZ3FJR",
        "ts": "1599850837.001600",
        "team": "TCR2U6UEM",
        "user_team": "TCR2U6UEM",
        "source_team": "TCR2U6UEM",
        "user_profile": {
            "avatar_hash": "fda0a36a8605",
            "image_72": "https:\/\/avatars.slack-edge.com\/2020-09-18\/1386993799393_fda0a36a86053c692b20_72.jpg",
            "first_name": "Luke",
            "real_name": "Luke Aschenbrenner",
            "display_name": "Luke Aschenbrenner",
            "team": "TCR2U6UEM",
            "name": "ashbren21",
            "is_restricted": false,
            "is_ultra_restricted": false
        },
        "blocks": [
            {
                "type": "rich_text",
                "block_id": "z8XuZ",
                "elements": [
                    {
                        "type": "rich_text_section",
                        "elements": [
                            {
                                "type": "user",
                                "user_id": "U018QFKN44W"
                            },
                            {
                                "type": "text",
                                "text": " ^ pretty sure Robbie's right"
                            }
                        ]
                    }
                ]
            }
        ]
    },
    {
        "client_msg_id": "3a6713fa-fe59-4ec8-aa76-b4cd4a4a05c6",
        "type": "message",
        "text": "also Robbie you dropped this\nn'",
        "user": "U010DDZ3FJR",
        "ts": "1599850868.002000",
        "team": "TCR2U6UEM",
        "user_team": "TCR2U6UEM",
        "source_team": "TCR2U6UEM",
        "user_profile": {
            "avatar_hash": "fda0a36a8605",
            "image_72": "https:\/\/avatars.slack-edge.com\/2020-09-18\/1386993799393_fda0a36a86053c692b20_72.jpg",
            "first_name": "Luke",
            "real_name": "Luke Aschenbrenner",
            "display_name": "Luke Aschenbrenner",
            "team": "TCR2U6UEM",
            "name": "ashbren21",
            "is_restricted": false,
            "is_ultra_restricted": false
        },
        "blocks": [
            {
                "type": "rich_text",
                "block_id": "W5P",
                "elements": [
                    {
                        "type": "rich_text_section",
                        "elements": [
                            {
                                "type": "text",
                                "text": "also Robbie you dropped this\nn'"
                            }
                        ]
                    }
                ]
            }
        ]
    },
    {
        "client_msg_id": "2ad7e22c-cabf-45c8-bd66-5f9513f8f0a5",
        "type": "message",
        "text": "Datn",
        "user": "U016G7WR3KJ",
        "ts": "1599850893.002400",
        "team": "TCR2U6UEM",
        "user_team": "TCR2U6UEM",
        "source_team": "TCR2U6UEM",
        "user_profile": {
            "avatar_hash": "bbe6b64d1e6f",
            "image_72": "https:\/\/avatars.slack-edge.com\/2020-09-12\/1359637227778_bbe6b64d1e6f191982dd_72.jpg",
            "first_name": "Robbie",
            "real_name": "Robbie Thibodeau",
            "display_name": "Robbie Thibodeau",
            "team": "TCR2U6UEM",
            "name": "rgtthibodeau",
            "is_restricted": false,
            "is_ultra_restricted": false
        },
        "blocks": [
            {
                "type": "rich_text",
                "block_id": "8NTr",
                "elements": [
                    {
                        "type": "rich_text_section",
                        "elements": [
                            {
                                "type": "text",
                                "text": "Datn"
                            }
                        ]
                    }
                ]
            }
        ]
    },
    {
        "client_msg_id": "79989134-9f11-40e2-869b-30bf0819e6c4",
        "type": "message",
        "text": "Dark",
        "user": "U016G7WR3KJ",
        "ts": "1599850895.002600",
        "team": "TCR2U6UEM",
        "user_team": "TCR2U6UEM",
        "source_team": "TCR2U6UEM",
        "user_profile": {
            "avatar_hash": "bbe6b64d1e6f",
            "image_72": "https:\/\/avatars.slack-edge.com\/2020-09-12\/1359637227778_bbe6b64d1e6f191982dd_72.jpg",
            "first_name": "Robbie",
            "real_name": "Robbie Thibodeau",
            "display_name": "Robbie Thibodeau",
            "team": "TCR2U6UEM",
            "name": "rgtthibodeau",
            "is_restricted": false,
            "is_ultra_restricted": false
        },
        "blocks": [
            {
                "type": "rich_text",
                "block_id": "L87\/",
                "elements": [
                    {
                        "type": "rich_text_section",
                        "elements": [
                            {
                                "type": "text",
                                "text": "Dark"
                            }
                        ]
                    }
                ]
            }
        ]
    },
    {
        "client_msg_id": "2c14314c-42a7-41d3-9fdb-feba0b04c07b",
        "type": "message",
        "text": "Darn",
        "user": "U016G7WR3KJ",
        "ts": "1599850898.002700",
        "team": "TCR2U6UEM",
        "user_team": "TCR2U6UEM",
        "source_team": "TCR2U6UEM",
        "user_profile": {
            "avatar_hash": "bbe6b64d1e6f",
            "image_72": "https:\/\/avatars.slack-edge.com\/2020-09-12\/1359637227778_bbe6b64d1e6f191982dd_72.jpg",
            "first_name": "Robbie",
            "real_name": "Robbie Thibodeau",
            "display_name": "Robbie Thibodeau",
            "team": "TCR2U6UEM",
            "name": "rgtthibodeau",
            "is_restricted": false,
            "is_ultra_restricted": false
        },
        "blocks": [
            {
                "type": "rich_text",
                "block_id": "\/LZf",
                "elements": [
                    {
                        "type": "rich_text_section",
                        "elements": [
                            {
                                "type": "text",
                                "text": "Darn"
                            }
                        ]
                    }
                ]
            }
        ],
        "reactions": [
            {
                "name": "watermelon",
                "users": [
                    "U010DDZ3FJR",
                    "U0193D42LHJ"
                ],
                "count": 2
            }
        ]
    },
    {
        "type": "message",
        "subtype": "bot_message",
        "text": "Luke Aschenbrenner *jibbled in* via Slack ",
        "ts": "1599851142.003000",
        "bot_id": "B010G42636Z"
    },
    {
        "client_msg_id": "6243df41-d264-4a26-8c1f-c1a3853bfb1e",
        "type": "message",
        "text": "ok good that still works, you all might need to mute this channel by the way for when we actually use it cuz otherwise it'll get annoying",
        "user": "U010DDZ3FJR",
        "ts": "1599851166.003500",
        "team": "TCR2U6UEM",
        "user_team": "TCR2U6UEM",
        "source_team": "TCR2U6UEM",
        "user_profile": {
            "avatar_hash": "fda0a36a8605",
            "image_72": "https:\/\/avatars.slack-edge.com\/2020-09-18\/1386993799393_fda0a36a86053c692b20_72.jpg",
            "first_name": "Luke",
            "real_name": "Luke Aschenbrenner",
            "display_name": "Luke Aschenbrenner",
            "team": "TCR2U6UEM",
            "name": "ashbren21",
            "is_restricted": false,
            "is_ultra_restricted": false
        },
        "blocks": [
            {
                "type": "rich_text",
                "block_id": "fgz",
                "elements": [
                    {
                        "type": "rich_text_section",
                        "elements": [
                            {
                                "type": "text",
                                "text": "ok good that still works, you all might need to mute this channel by the way for when we actually use it cuz otherwise it'll get annoying"
                            }
                        ]
                    }
                ]
            }
        ]
    },
    {
        "client_msg_id": "74a14026-fe04-4df2-8c90-0a03561e7502",
        "type": "message",
        "text": "What doe sit do",
        "user": "U016G7WR3KJ",
        "ts": "1599851742.003900",
        "team": "TCR2U6UEM",
        "user_team": "TCR2U6UEM",
        "source_team": "TCR2U6UEM",
        "user_profile": {
            "avatar_hash": "bbe6b64d1e6f",
            "image_72": "https:\/\/avatars.slack-edge.com\/2020-09-12\/1359637227778_bbe6b64d1e6f191982dd_72.jpg",
            "first_name": "Robbie",
            "real_name": "Robbie Thibodeau",
            "display_name": "Robbie Thibodeau",
            "team": "TCR2U6UEM",
            "name": "rgtthibodeau",
            "is_restricted": false,
            "is_ultra_restricted": false
        },
        "blocks": [
            {
                "type": "rich_text",
                "block_id": "KWD",
                "elements": [
                    {
                        "type": "rich_text_section",
                        "elements": [
                            {
                                "type": "text",
                                "text": "What doe sit do"
                            }
                        ]
                    }
                ]
            }
        ]
    },
    {
        "client_msg_id": "c9d099f1-5226-442f-ae8f-b36c086b719e",
        "type": "message",
        "text": "<@U016G7WR3KJ> Ms. Mons said she wanted a way to keep track of attendance at meetings so all you have to do when a meeting starts is go to this channel and type \"\/jibble in\" and then it'll mark you as here",
        "user": "U010DDZ3FJR",
        "ts": "1599852529.005000",
        "team": "TCR2U6UEM",
        "user_team": "TCR2U6UEM",
        "source_team": "TCR2U6UEM",
        "user_profile": {
            "avatar_hash": "fda0a36a8605",
            "image_72": "https:\/\/avatars.slack-edge.com\/2020-09-18\/1386993799393_fda0a36a86053c692b20_72.jpg",
            "first_name": "Luke",
            "real_name": "Luke Aschenbrenner",
            "display_name": "Luke Aschenbrenner",
            "team": "TCR2U6UEM",
            "name": "ashbren21",
            "is_restricted": false,
            "is_ultra_restricted": false
        },
        "blocks": [
            {
                "type": "rich_text",
                "block_id": "i0cMg",
                "elements": [
                    {
                        "type": "rich_text_section",
                        "elements": [
                            {
                                "type": "user",
                                "user_id": "U016G7WR3KJ"
                            },
                            {
                                "type": "text",
                                "text": " Ms. Mons said she wanted a way to keep track of attendance at meetings so all you have to do when a meeting starts is go to this channel and type \"\/jibble in\" and then it'll mark you as here"
                            }
                        ]
                    }
                ]
            }
        ]
    },
    {
        "client_msg_id": "84099944-4a1f-4427-8ea2-46696aa5def7",
        "type": "message",
        "text": "Ah",
        "user": "U016G7WR3KJ",
        "ts": "1599852637.005200",
        "team": "TCR2U6UEM",
        "user_team": "TCR2U6UEM",
        "source_team": "TCR2U6UEM",
        "user_profile": {
            "avatar_hash": "bbe6b64d1e6f",
            "image_72": "https:\/\/avatars.slack-edge.com\/2020-09-12\/1359637227778_bbe6b64d1e6f191982dd_72.jpg",
            "first_name": "Robbie",
            "real_name": "Robbie Thibodeau",
            "display_name": "Robbie Thibodeau",
            "team": "TCR2U6UEM",
            "name": "rgtthibodeau",
            "is_restricted": false,
            "is_ultra_restricted": false
        },
        "blocks": [
            {
                "type": "rich_text",
                "block_id": "4CP8",
                "elements": [
                    {
                        "type": "rich_text_section",
                        "elements": [
                            {
                                "type": "text",
                                "text": "Ah"
                            }
                        ]
                    }
                ]
            }
        ]
    },
    {
        "client_msg_id": "22F875C9-317A-4525-A1E3-F49CEC544943",
        "type": "message",
        "text": "Can we all just acknowledge now garbage of a name “jibble” is",
        "user": "U018X7N6MMG",
        "ts": "1599853630.005900",
        "team": "TCR2U6UEM",
        "user_team": "TCR2U6UEM",
        "source_team": "TCR2U6UEM",
        "user_profile": {
            "avatar_hash": "ba89825d3b7b",
            "image_72": "https:\/\/avatars.slack-edge.com\/2020-09-11\/1355949232709_ba89825d3b7bcf995dc9_72.png",
            "first_name": "Keith",
            "real_name": "Keith Friestad",
            "display_name": "",
            "team": "TCR2U6UEM",
            "name": "keith.friestad",
            "is_restricted": false,
            "is_ultra_restricted": false
        },
        "blocks": [
            {
                "type": "rich_text",
                "block_id": "kp3",
                "elements": [
                    {
                        "type": "rich_text_section",
                        "elements": [
                            {
                                "type": "text",
                                "text": "Can we all just acknowledge now garbage of a name “jibble” is"
                            }
                        ]
                    }
                ]
            }
        ]
    },
    {
        "client_msg_id": "4db954d5-484d-4c42-b2b3-737750a95808",
        "type": "message",
        "text": "I was thinking that",
        "user": "U016G7WR3KJ",
        "ts": "1599853703.006200",
        "team": "TCR2U6UEM",
        "user_team": "TCR2U6UEM",
        "source_team": "TCR2U6UEM",
        "user_profile": {
            "avatar_hash": "bbe6b64d1e6f",
            "image_72": "https:\/\/avatars.slack-edge.com\/2020-09-12\/1359637227778_bbe6b64d1e6f191982dd_72.jpg",
            "first_name": "Robbie",
            "real_name": "Robbie Thibodeau",
            "display_name": "Robbie Thibodeau",
            "team": "TCR2U6UEM",
            "name": "rgtthibodeau",
            "is_restricted": false,
            "is_ultra_restricted": false
        },
        "blocks": [
            {
                "type": "rich_text",
                "block_id": "tj8y",
                "elements": [
                    {
                        "type": "rich_text_section",
                        "elements": [
                            {
                                "type": "text",
                                "text": "I was thinking that"
                            }
                        ]
                    }
                ]
            }
        ]
    },
    {
        "client_msg_id": "1508a9d6-168c-4026-aea8-ff9d94950359",
        "type": "message",
        "text": "There has to be a better name",
        "user": "U016G7WR3KJ",
        "ts": "1599853716.006700",
        "team": "TCR2U6UEM",
        "user_team": "TCR2U6UEM",
        "source_team": "TCR2U6UEM",
        "user_profile": {
            "avatar_hash": "bbe6b64d1e6f",
            "image_72": "https:\/\/avatars.slack-edge.com\/2020-09-12\/1359637227778_bbe6b64d1e6f191982dd_72.jpg",
            "first_name": "Robbie",
            "real_name": "Robbie Thibodeau",
            "display_name": "Robbie Thibodeau",
            "team": "TCR2U6UEM",
            "name": "rgtthibodeau",
            "is_restricted": false,
            "is_ultra_restricted": false
        },
        "blocks": [
            {
                "type": "rich_text",
                "block_id": "70ay",
                "elements": [
                    {
                        "type": "rich_text_section",
                        "elements": [
                            {
                                "type": "text",
                                "text": "There has to be a better name"
                            }
                        ]
                    }
                ]
            }
        ]
    },
    {
        "client_msg_id": "ed67810a-9638-44f9-a46f-9d01b8206d01",
        "type": "message",
        "text": "Yeah it's garbage but I can't change it lol",
        "user": "U010DDZ3FJR",
        "ts": "1599854262.007200",
        "team": "TCR2U6UEM",
        "user_team": "TCR2U6UEM",
        "source_team": "TCR2U6UEM",
        "user_profile": {
            "avatar_hash": "fda0a36a8605",
            "image_72": "https:\/\/avatars.slack-edge.com\/2020-09-18\/1386993799393_fda0a36a86053c692b20_72.jpg",
            "first_name": "Luke",
            "real_name": "Luke Aschenbrenner",
            "display_name": "Luke Aschenbrenner",
            "team": "TCR2U6UEM",
            "name": "ashbren21",
            "is_restricted": false,
            "is_ultra_restricted": false
        },
        "blocks": [
            {
                "type": "rich_text",
                "block_id": "Cuqn5",
                "elements": [
                    {
                        "type": "rich_text_section",
                        "elements": [
                            {
                                "type": "text",
                                "text": "Yeah it's garbage but I can't change it lol"
                            }
                        ]
                    }
                ]
            }
        ]
    },
    {
        "type": "message",
        "subtype": "bot_message",
        "text": "Luke Aschenbrenner *jibbled out* via Auto Jibble Out ",
        "ts": "1599854743.007300",
        "bot_id": "B010G42636Z"
    },
    {
        "client_msg_id": "80011A55-6B06-478B-AE78-009F45E0CC3B",
        "type": "message",
        "text": "Jibble ",
        "user": "U018QFKN44W",
        "ts": "1599872657.007600",
        "team": "TCR2U6UEM",
        "user_team": "TCR2U6UEM",
        "source_team": "TCR2U6UEM",
        "user_profile": {
            "avatar_hash": "032f80dfd458",
            "image_72": "https:\/\/avatars.slack-edge.com\/2020-09-11\/1371096170705_032f80dfd458ccdaccbe_72.png",
            "first_name": "Cecilia",
            "real_name": "Cecilia Clark",
            "display_name": "Ceci",
            "team": "TCR2U6UEM",
            "name": "cecla22",
            "is_restricted": false,
            "is_ultra_restricted": false
        },
        "blocks": [
            {
                "type": "rich_text",
                "block_id": "xCxj",
                "elements": [
                    {
                        "type": "rich_text_section",
                        "elements": [
                            {
                                "type": "text",
                                "text": "Jibble "
                            }
                        ]
                    }
                ]
            }
        ]
    }
]