[
    {
        "type": "message",
        "subtype": "bot_message",
        "text": "Brian Morris *jibbled in* via Slack ",
        "ts": "1603920103.000200",
        "bot_id": "B010G42636Z"
    },
    {
        "type": "message",
        "subtype": "bot_message",
        "text": "Nathan Bradford *jibbled in* via Slack ",
        "ts": "1603920128.000500",
        "bot_id": "B010G42636Z"
    },
    {
        "type": "message",
        "subtype": "bot_message",
        "text": "Fergie Fergie *jibbled in* via Slack ",
        "ts": "1603920163.000700",
        "bot_id": "B010G42636Z"
    },
    {
        "type": "message",
        "subtype": "bot_message",
        "text": "Nolan Vibhakar *jibbled in* via Slack ",
        "ts": "1603920253.001000",
        "bot_id": "B010G42636Z"
    },
    {
        "type": "message",
        "subtype": "bot_message",
        "text": "Brian Morris *jibbled out* via Auto Jibble Out ",
        "ts": "1603923699.001100",
        "bot_id": "B010G42636Z"
    },
    {
        "type": "message",
        "subtype": "bot_message",
        "text": "Nathan Bradford *jibbled out* via Auto Jibble Out ",
        "ts": "1603923729.001200",
        "bot_id": "B010G42636Z"
    },
    {
        "type": "message",
        "subtype": "bot_message",
        "text": "Fergie Fergie *jibbled out* via Auto Jibble Out ",
        "ts": "1603923764.001300",
        "bot_id": "B010G42636Z"
    },
    {
        "type": "message",
        "subtype": "bot_message",
        "text": "Nolan Vibhakar *jibbled out* via Auto Jibble Out ",
        "ts": "1603923854.001400",
        "bot_id": "B010G42636Z"
    }
]