[
    {
        "type": "message",
        "subtype": "channel_join",
        "ts": "1584724654.000200",
        "user": "U010DDZ3FJR",
        "text": "<@U010DDZ3FJR> has joined the channel"
    },
    {
        "type": "message",
        "subtype": "channel_purpose",
        "ts": "1584724654.000300",
        "user": "U010DDZ3FJR",
        "text": "<@U010DDZ3FJR> set the channel purpose: Sign in at team meetings!",
        "purpose": "Sign in at team meetings!"
    },
    {
        "type": "message",
        "subtype": "bot_add",
        "text": "added an integration to this channel: <https:\/\/rawbaconrobotics.slack.com\/services\/B0104HGJS1H|Parabol>",
        "user": "U010DDZ3FJR",
        "bot_id": "B0104HGJS1H",
        "bot_link": "<https:\/\/rawbaconrobotics.slack.com\/services\/B0104HGJS1H|Parabol>",
        "ts": "1584738987.000100"
    },
    {
        "type": "message",
        "subtype": "bot_message",
        "text": "Raw Bacon 2020-2021 has started a meeting!\n To join, click here: <https:\/\/action.parabol.co\/meet\/3Z3EWk10c_>",
        "ts": "1584740273.000200",
        "username": "Parabol",
        "bot_id": "B010FHUMD6Y",
        "attachments": [
            {
                "title": "Free Online Retrospectives | Parabol",
                "title_link": "https:\/\/action.parabol.co\/meet\/3Z3EWk10c_",
                "text": "Parabol is a free online retrospective tool. Try it without creating an account. Parabol features custom templates, powerful analytics, multi-user grouping, rich text editing, integrations, and gorgeous meeting summaries. Tasks are assigned and tracked so your team can continuously improve.",
                "fallback": "Free Online Retrospectives | Parabol",
                "from_url": "https:\/\/action.parabol.co\/meet\/3Z3EWk10c_",
                "service_icon": "https:\/\/action.parabol.co\/favicon.ico",
                "service_name": "action.parabol.co",
                "id": 1,
                "original_url": "https:\/\/action.parabol.co\/meet\/3Z3EWk10c_"
            }
        ],
        "edited": {
            "user": "B010FHUMD6Y",
            "ts": "1584740274.000000"
        }
    },
    {
        "type": "message",
        "subtype": "bot_message",
        "text": "The meeting for Raw Bacon 2020-2021 has ended!\n Check out the summary here: <https:\/\/action.parabol.co\/new-summary\/3Z3EWk10c_>",
        "ts": "1584740332.000400",
        "username": "Parabol",
        "bot_id": "B010FHUMD6Y",
        "attachments": [
            {
                "title": "Free Online Retrospectives | Parabol",
                "title_link": "https:\/\/action.parabol.co\/new-summary\/3Z3EWk10c_",
                "text": "Parabol is a free online retrospective tool. Try it without creating an account. Parabol features custom templates, powerful analytics, multi-user grouping, rich text editing, integrations, and gorgeous meeting summaries. Tasks are assigned and tracked so your team can continuously improve.",
                "fallback": "Free Online Retrospectives | Parabol",
                "from_url": "https:\/\/action.parabol.co\/new-summary\/3Z3EWk10c_",
                "service_icon": "https:\/\/action.parabol.co\/favicon.ico",
                "service_name": "action.parabol.co",
                "id": 1,
                "original_url": "https:\/\/action.parabol.co\/new-summary\/3Z3EWk10c_"
            }
        ],
        "edited": {
            "user": "B010FHUMD6Y",
            "ts": "1584740333.000000"
        }
    },
    {
        "client_msg_id": "55db8990-c947-4448-8fc0-8687128dabfe",
        "type": "message",
        "text": "well that sucked",
        "user": "U010DDZ3FJR",
        "ts": "1584740388.000700",
        "team": "TCR2U6UEM",
        "user_team": "TCR2U6UEM",
        "source_team": "TCR2U6UEM",
        "user_profile": {
            "avatar_hash": "fda0a36a8605",
            "image_72": "https:\/\/avatars.slack-edge.com\/2020-09-18\/1386993799393_fda0a36a86053c692b20_72.jpg",
            "first_name": "Luke",
            "real_name": "Luke Aschenbrenner",
            "display_name": "Luke Aschenbrenner",
            "team": "TCR2U6UEM",
            "name": "ashbren21",
            "is_restricted": false,
            "is_ultra_restricted": false
        },
        "blocks": [
            {
                "type": "rich_text",
                "block_id": "0Fyv",
                "elements": [
                    {
                        "type": "rich_text_section",
                        "elements": [
                            {
                                "type": "text",
                                "text": "well that sucked"
                            }
                        ]
                    }
                ]
            }
        ]
    },
    {
        "type": "message",
        "subtype": "bot_add",
        "text": "added an integration to this channel: <https:\/\/rawbaconrobotics.slack.com\/services\/B010G42636Z|Jibble>",
        "user": "U010DDZ3FJR",
        "bot_id": "B010G42636Z",
        "bot_link": "<https:\/\/rawbaconrobotics.slack.com\/services\/B010G42636Z|Jibble>",
        "ts": "1584740500.000800"
    },
    {
        "client_msg_id": "f939ccb0-d8b1-4592-a616-a59a649aff98",
        "type": "message",
        "text": "jibble join \\\\\\ jibble invite all",
        "user": "U010DDZ3FJR",
        "ts": "1584741151.001200",
        "team": "TCR2U6UEM",
        "user_team": "TCR2U6UEM",
        "source_team": "TCR2U6UEM",
        "user_profile": {
            "avatar_hash": "fda0a36a8605",
            "image_72": "https:\/\/avatars.slack-edge.com\/2020-09-18\/1386993799393_fda0a36a86053c692b20_72.jpg",
            "first_name": "Luke",
            "real_name": "Luke Aschenbrenner",
            "display_name": "Luke Aschenbrenner",
            "team": "TCR2U6UEM",
            "name": "ashbren21",
            "is_restricted": false,
            "is_ultra_restricted": false
        },
        "blocks": [
            {
                "type": "rich_text",
                "block_id": "lIDD",
                "elements": [
                    {
                        "type": "rich_text_section",
                        "elements": [
                            {
                                "type": "text",
                                "text": "jibble join \\\\\\ jibble invite all"
                            }
                        ]
                    }
                ]
            }
        ]
    },
    {
        "type": "message",
        "subtype": "bot_message",
        "text": "Luke Aschenbrenner *jibbled in* via Slack ",
        "ts": "1584741175.001500",
        "bot_id": "B010G42636Z"
    },
    {
        "client_msg_id": "bdad3846-97d1-46e5-bee0-bc47034a8b32",
        "type": "message",
        "text": "cool",
        "user": "U010DDZ3FJR",
        "ts": "1584741243.001700",
        "team": "TCR2U6UEM",
        "user_team": "TCR2U6UEM",
        "source_team": "TCR2U6UEM",
        "user_profile": {
            "avatar_hash": "fda0a36a8605",
            "image_72": "https:\/\/avatars.slack-edge.com\/2020-09-18\/1386993799393_fda0a36a86053c692b20_72.jpg",
            "first_name": "Luke",
            "real_name": "Luke Aschenbrenner",
            "display_name": "Luke Aschenbrenner",
            "team": "TCR2U6UEM",
            "name": "ashbren21",
            "is_restricted": false,
            "is_ultra_restricted": false
        },
        "blocks": [
            {
                "type": "rich_text",
                "block_id": "V1IgU",
                "elements": [
                    {
                        "type": "rich_text_section",
                        "elements": [
                            {
                                "type": "text",
                                "text": "cool"
                            }
                        ]
                    }
                ]
            }
        ]
    },
    {
        "client_msg_id": "a421c243-d436-4eb5-b9a0-9414b9ff21e2",
        "type": "message",
        "text": "Jibble is a bot for attendance tracking.\n\nTo join individually: `\/jibble join`\n(Jibble \"owner\") to invite everyone in the Slack: `\/jibble invite all`\n&gt; *Usage*:\n&gt; \n*`\/jibble in`*\n• Automatically \"signs out\" after 1 hour so that in the timesheet total hours = total days present\n&gt; *Limitations:*\n&gt; \nData is only stored with the free plan on Jibble's servers for 2 months. You can click on the timesheet section on their website for the previous month and screenshot all the data though. Data can only be exported with paid plans.\n_*TO DO:*_ Maybe consider getting a paid plan?",
        "user": "U010DDZ3FJR",
        "ts": "1584741312.002700",
        "team": "TCR2U6UEM",
        "user_team": "TCR2U6UEM",
        "source_team": "TCR2U6UEM",
        "user_profile": {
            "avatar_hash": "fda0a36a8605",
            "image_72": "https:\/\/avatars.slack-edge.com\/2020-09-18\/1386993799393_fda0a36a86053c692b20_72.jpg",
            "first_name": "Luke",
            "real_name": "Luke Aschenbrenner",
            "display_name": "Luke Aschenbrenner",
            "team": "TCR2U6UEM",
            "name": "ashbren21",
            "is_restricted": false,
            "is_ultra_restricted": false
        },
        "edited": {
            "user": "U010DDZ3FJR",
            "ts": "1584748117.000000"
        },
        "blocks": [
            {
                "type": "rich_text",
                "block_id": "ISzO1",
                "elements": [
                    {
                        "type": "rich_text_section",
                        "elements": [
                            {
                                "type": "text",
                                "text": "Jibble is a bot for attendance tracking.\n\nTo join individually:"
                            },
                            {
                                "type": "text",
                                "text": " \/jibble join",
                                "style": {
                                    "code": true
                                }
                            },
                            {
                                "type": "text",
                                "text": "\n(Jibble \"owner\") to invite everyone in the Slack: "
                            },
                            {
                                "type": "text",
                                "text": "\/jibble invite all",
                                "style": {
                                    "code": true
                                }
                            },
                            {
                                "type": "text",
                                "text": "\n"
                            }
                        ]
                    },
                    {
                        "type": "rich_text_quote",
                        "elements": [
                            {
                                "type": "text",
                                "text": "Usage",
                                "style": {
                                    "bold": true
                                }
                            },
                            {
                                "type": "text",
                                "text": ":\n"
                            }
                        ]
                    },
                    {
                        "type": "rich_text_section",
                        "elements": [
                            {
                                "type": "text",
                                "text": "\/jibble in",
                                "style": {
                                    "bold": true,
                                    "code": true
                                }
                            },
                            {
                                "type": "text",
                                "text": "\n"
                            }
                        ]
                    },
                    {
                        "type": "rich_text_list",
                        "elements": [
                            {
                                "type": "rich_text_section",
                                "elements": [
                                    {
                                        "type": "text",
                                        "text": "Automatically \"signs out\" after 1 hour so that in the timesheet total hours = total days present"
                                    }
                                ]
                            }
                        ],
                        "style": "bullet",
                        "indent": 0
                    },
                    {
                        "type": "rich_text_quote",
                        "elements": [
                            {
                                "type": "text",
                                "text": "Limitations:",
                                "style": {
                                    "bold": true
                                }
                            },
                            {
                                "type": "text",
                                "text": "\n"
                            }
                        ]
                    },
                    {
                        "type": "rich_text_section",
                        "elements": [
                            {
                                "type": "text",
                                "text": "Data is only stored with the free plan on Jibble's servers for 2 months. You can click on the timesheet section on their website for the previous month and screenshot all the data though. Data can only be exported with paid plans.\n"
                            },
                            {
                                "type": "text",
                                "text": "TO DO: ",
                                "style": {
                                    "bold": true,
                                    "italic": true
                                }
                            },
                            {
                                "type": "text",
                                "text": "Maybe consider getting a paid plan?"
                            }
                        ]
                    }
                ]
            }
        ]
    },
    {
        "type": "message",
        "subtype": "bot_message",
        "text": "Luke Aschenbrenner *jibbled out* via Auto Jibble Out ",
        "ts": "1584744776.003100",
        "bot_id": "B010G42636Z"
    },
    {
        "type": "message",
        "subtype": "channel_topic",
        "ts": "1584748359.000700",
        "user": "U010DDZ3FJR",
        "text": "<@U010DDZ3FJR> set the channel topic: Use \"\/jibble in\" to sign in each meeting.",
        "topic": "Use \"\/jibble in\" to sign in each meeting."
    }
]