[
    {
        "type": "message",
        "subtype": "bot_message",
        "text": "Luke Aschenbrenner *jibbled in* via Slack ",
        "ts": "1602623604.000300",
        "bot_id": "B010G42636Z"
    },
    {
        "type": "message",
        "subtype": "bot_message",
        "text": "Keith Friestad *jibbled in* via Slack ",
        "ts": "1602623639.000900",
        "bot_id": "B010G42636Z"
    },
    {
        "type": "message",
        "subtype": "bot_message",
        "text": "Fergie Fergie *jibbled in* via Slack ",
        "ts": "1602623649.001100",
        "bot_id": "B010G42636Z"
    },
    {
        "type": "message",
        "subtype": "bot_message",
        "text": "Robbie Thibodeau *jibbled in* via Slack ",
        "ts": "1602623669.001400",
        "bot_id": "B010G42636Z"
    },
    {
        "type": "message",
        "subtype": "bot_message",
        "text": "Brian Morris *jibbled in* via Slack ",
        "ts": "1602623674.001500",
        "bot_id": "B010G42636Z"
    },
    {
        "type": "message",
        "subtype": "bot_message",
        "text": "Luke Aschenbrenner *jibbled out* via Auto Jibble Out ",
        "ts": "1602627205.001900",
        "bot_id": "B010G42636Z"
    },
    {
        "type": "message",
        "subtype": "bot_message",
        "text": "Nolan Vibhakar *jibbled in* via Slack ",
        "ts": "1602627235.002200",
        "bot_id": "B010G42636Z"
    },
    {
        "type": "message",
        "subtype": "bot_message",
        "text": "Keith Friestad *jibbled out* via Auto Jibble Out ",
        "ts": "1602627240.002300",
        "bot_id": "B010G42636Z"
    },
    {
        "type": "message",
        "subtype": "bot_message",
        "text": "Fergie Fergie *jibbled out* via Auto Jibble Out ",
        "ts": "1602627250.002400",
        "bot_id": "B010G42636Z"
    },
    {
        "type": "message",
        "subtype": "bot_message",
        "text": "Robbie Thibodeau *jibbled out* via Auto Jibble Out ",
        "ts": "1602627265.002500",
        "bot_id": "B010G42636Z"
    },
    {
        "type": "message",
        "subtype": "bot_message",
        "text": "Brian Morris *jibbled out* via Auto Jibble Out ",
        "ts": "1602627275.002600",
        "bot_id": "B010G42636Z"
    },
    {
        "type": "message",
        "subtype": "bot_message",
        "text": "Nathan Bradford *jibbled out* via Slack ",
        "ts": "1602627295.002800",
        "bot_id": "B010G42636Z"
    },
    {
        "type": "message",
        "subtype": "bot_message",
        "text": "Nolan Vibhakar *jibbled out* via Slack ",
        "ts": "1602630745.003000",
        "bot_id": "B010G42636Z"
    },
    {
        "type": "message",
        "subtype": "bot_message",
        "text": "Ashley Sheehan *jibbled out* via Slack ",
        "ts": "1602631570.003200",
        "bot_id": "B010G42636Z"
    }
]