[
    {
        "type": "message",
        "subtype": "bot_message",
        "text": "Brian Morris *jibbled in* via Slack ",
        "ts": "1603315326.001000",
        "bot_id": "B010G42636Z"
    },
    {
        "type": "message",
        "subtype": "bot_message",
        "text": "Fergie Fergie *jibbled in* via Slack ",
        "ts": "1603315536.001300",
        "bot_id": "B010G42636Z"
    },
    {
        "type": "message",
        "subtype": "bot_message",
        "text": "Nolan Vibhakar *jibbled in* via Slack ",
        "ts": "1603315621.001600",
        "bot_id": "B010G42636Z"
    },
    {
        "type": "message",
        "subtype": "bot_message",
        "text": "Keith Friestad *jibbled in* via Slack ",
        "ts": "1603315831.001700",
        "bot_id": "B010G42636Z"
    },
    {
        "type": "message",
        "subtype": "bot_message",
        "text": "Brian Morris *jibbled out* via Auto Jibble Out ",
        "ts": "1603318927.001800",
        "bot_id": "B010G42636Z"
    },
    {
        "type": "message",
        "subtype": "bot_message",
        "text": "Fergie Fergie *jibbled out* via Auto Jibble Out ",
        "ts": "1603319137.001900",
        "bot_id": "B010G42636Z"
    },
    {
        "type": "message",
        "subtype": "bot_message",
        "text": "Nolan Vibhakar *jibbled out* via Auto Jibble Out ",
        "ts": "1603319217.002000",
        "bot_id": "B010G42636Z"
    },
    {
        "type": "message",
        "subtype": "bot_message",
        "text": "Keith Friestad *jibbled out* via Auto Jibble Out ",
        "ts": "1603319432.002100",
        "bot_id": "B010G42636Z"
    }
]