[
    {
        "client_msg_id": "e8499511-79ce-4d70-b7ea-037394efe2e4",
        "type": "message",
        "text": "<@U018X7N6MMG> are you going to set up the event for tomorrow",
        "user": "U016G7WR3KJ",
        "ts": "1602640057.000700",
        "team": "TCR2U6UEM",
        "user_team": "TCR2U6UEM",
        "source_team": "TCR2U6UEM",
        "user_profile": {
            "avatar_hash": "bbe6b64d1e6f",
            "image_72": "https:\/\/avatars.slack-edge.com\/2020-09-12\/1359637227778_bbe6b64d1e6f191982dd_72.jpg",
            "first_name": "Robbie",
            "real_name": "Robbie Thibodeau",
            "display_name": "Robbie Thibodeau",
            "team": "TCR2U6UEM",
            "name": "rgtthibodeau",
            "is_restricted": false,
            "is_ultra_restricted": false
        },
        "blocks": [
            {
                "type": "rich_text",
                "block_id": "=K3",
                "elements": [
                    {
                        "type": "rich_text_section",
                        "elements": [
                            {
                                "type": "user",
                                "user_id": "U018X7N6MMG"
                            },
                            {
                                "type": "text",
                                "text": " are you going to set up the event for tomorrow"
                            }
                        ]
                    }
                ]
            }
        ]
    },
    {
        "client_msg_id": "2e0f3cd5-8f29-4790-9a67-75661b907fc7",
        "type": "message",
        "text": "<https:\/\/www.signupgenius.com\/go\/10C0D48AAA62AABF5C61-inventory|https:\/\/www.signupgenius.com\/go\/10C0D48AAA62AABF5C61-inventory> this was a pain",
        "user": "U016G7WR3KJ",
        "ts": "1602647665.001300",
        "team": "TCR2U6UEM",
        "user_team": "TCR2U6UEM",
        "source_team": "TCR2U6UEM",
        "user_profile": {
            "avatar_hash": "bbe6b64d1e6f",
            "image_72": "https:\/\/avatars.slack-edge.com\/2020-09-12\/1359637227778_bbe6b64d1e6f191982dd_72.jpg",
            "first_name": "Robbie",
            "real_name": "Robbie Thibodeau",
            "display_name": "Robbie Thibodeau",
            "team": "TCR2U6UEM",
            "name": "rgtthibodeau",
            "is_restricted": false,
            "is_ultra_restricted": false
        },
        "attachments": [
            {
                "title": "Inventory 10-14",
                "title_link": "https:\/\/www.signupgenius.com\/go\/10C0D48AAA62AABF5C61-inventory",
                "text": "Please review the available slots below and click on the button to sign up. Thank you!",
                "fallback": "Inventory 10-14",
                "image_url": "https:\/\/www.signupgenius.com\/images\/theme\/0A6519346CB6C747FFE1EC3F82DA4505_0.jpg",
                "from_url": "https:\/\/www.signupgenius.com\/go\/10C0D48AAA62AABF5C61-inventory",
                "image_width": 325,
                "image_height": 244,
                "image_bytes": 5635,
                "service_icon": "https:\/\/www.signupgenius.com\/favicon.ico",
                "service_name": "signupgenius.com",
                "id": 1,
                "original_url": "https:\/\/www.signupgenius.com\/go\/10C0D48AAA62AABF5C61-inventory"
            }
        ],
        "blocks": [
            {
                "type": "rich_text",
                "block_id": "M+H",
                "elements": [
                    {
                        "type": "rich_text_section",
                        "elements": [
                            {
                                "type": "link",
                                "url": "https:\/\/www.signupgenius.com\/go\/10C0D48AAA62AABF5C61-inventory",
                                "text": "https:\/\/www.signupgenius.com\/go\/10C0D48AAA62AABF5C61-inventory"
                            },
                            {
                                "type": "text",
                                "text": " this was a pain"
                            }
                        ]
                    }
                ]
            }
        ]
    }
]