[
    {
        "client_msg_id": "ea4ac7ff-ddca-4d90-a416-a59b8aef45e6",
        "type": "message",
        "text": "when are you going to be there until? <@U016G7WR3KJ>",
        "user": "U010DDZ3FJR",
        "ts": "1602524116.010400",
        "team": "TCR2U6UEM",
        "user_team": "TCR2U6UEM",
        "source_team": "TCR2U6UEM",
        "user_profile": {
            "avatar_hash": "fda0a36a8605",
            "image_72": "https:\/\/avatars.slack-edge.com\/2020-09-18\/1386993799393_fda0a36a86053c692b20_72.jpg",
            "first_name": "Luke",
            "real_name": "Luke Aschenbrenner",
            "display_name": "Luke Aschenbrenner",
            "team": "TCR2U6UEM",
            "name": "ashbren21",
            "is_restricted": false,
            "is_ultra_restricted": false
        },
        "blocks": [
            {
                "type": "rich_text",
                "block_id": "OIl",
                "elements": [
                    {
                        "type": "rich_text_section",
                        "elements": [
                            {
                                "type": "text",
                                "text": "when are you going to be there until? "
                            },
                            {
                                "type": "user",
                                "user_id": "U016G7WR3KJ"
                            }
                        ]
                    }
                ]
            }
        ]
    },
    {
        "client_msg_id": "178867ff-7338-4a3d-aafc-82e4b6c3254e",
        "type": "message",
        "text": "Probably 12",
        "user": "U016G7WR3KJ",
        "ts": "1602524166.010800",
        "team": "TCR2U6UEM",
        "user_team": "TCR2U6UEM",
        "source_team": "TCR2U6UEM",
        "user_profile": {
            "avatar_hash": "bbe6b64d1e6f",
            "image_72": "https:\/\/avatars.slack-edge.com\/2020-09-12\/1359637227778_bbe6b64d1e6f191982dd_72.jpg",
            "first_name": "Robbie",
            "real_name": "Robbie Thibodeau",
            "display_name": "Robbie Thibodeau",
            "team": "TCR2U6UEM",
            "name": "rgtthibodeau",
            "is_restricted": false,
            "is_ultra_restricted": false
        },
        "blocks": [
            {
                "type": "rich_text",
                "block_id": "F5j",
                "elements": [
                    {
                        "type": "rich_text_section",
                        "elements": [
                            {
                                "type": "text",
                                "text": "Probably 12"
                            }
                        ]
                    }
                ]
            }
        ]
    },
    {
        "client_msg_id": "3ab3ffe3-f136-4bfa-b724-18efaf36ba5c",
        "type": "message",
        "text": "Ok then I'll just be there alone, no biggie",
        "user": "U010DDZ3FJR",
        "ts": "1602527979.011300",
        "team": "TCR2U6UEM",
        "user_team": "TCR2U6UEM",
        "source_team": "TCR2U6UEM",
        "user_profile": {
            "avatar_hash": "fda0a36a8605",
            "image_72": "https:\/\/avatars.slack-edge.com\/2020-09-18\/1386993799393_fda0a36a86053c692b20_72.jpg",
            "first_name": "Luke",
            "real_name": "Luke Aschenbrenner",
            "display_name": "Luke Aschenbrenner",
            "team": "TCR2U6UEM",
            "name": "ashbren21",
            "is_restricted": false,
            "is_ultra_restricted": false
        },
        "blocks": [
            {
                "type": "rich_text",
                "block_id": "G1Ub0",
                "elements": [
                    {
                        "type": "rich_text_section",
                        "elements": [
                            {
                                "type": "text",
                                "text": "Ok then I'll just be there alone, no biggie"
                            }
                        ]
                    }
                ]
            }
        ]
    }
]