[
    {
        "type": "message",
        "text": "<@U0193D42LHJ> Polycarbonate dimensions",
        "files": [
            {
                "id": "F01DK3B52BV",
                "created": 1603922978,
                "timestamp": 1603922978,
                "name": "image.png",
                "title": "image.png",
                "mimetype": "image\/png",
                "filetype": "png",
                "pretty_type": "PNG",
                "user": "U018URES8KV",
                "editable": false,
                "size": 401771,
                "mode": "hosted",
                "is_external": false,
                "external_type": "",
                "is_public": true,
                "public_url_shared": false,
                "display_as_bot": false,
                "username": "",
                "url_private": "https:\/\/files.slack.com\/files-pri\/TCR2U6UEM-F01DK3B52BV\/image.png?t=xoxe-433096232497-1684125439971-1696548615153-cd1d3d402b441a7d6039d167da7d37bd",
                "url_private_download": "https:\/\/files.slack.com\/files-pri\/TCR2U6UEM-F01DK3B52BV\/download\/image.png?t=xoxe-433096232497-1684125439971-1696548615153-cd1d3d402b441a7d6039d167da7d37bd",
                "thumb_64": "https:\/\/files.slack.com\/files-tmb\/TCR2U6UEM-F01DK3B52BV-bd17e4472a\/image_64.png?t=xoxe-433096232497-1684125439971-1696548615153-cd1d3d402b441a7d6039d167da7d37bd",
                "thumb_80": "https:\/\/files.slack.com\/files-tmb\/TCR2U6UEM-F01DK3B52BV-bd17e4472a\/image_80.png?t=xoxe-433096232497-1684125439971-1696548615153-cd1d3d402b441a7d6039d167da7d37bd",
                "thumb_360": "https:\/\/files.slack.com\/files-tmb\/TCR2U6UEM-F01DK3B52BV-bd17e4472a\/image_360.png?t=xoxe-433096232497-1684125439971-1696548615153-cd1d3d402b441a7d6039d167da7d37bd",
                "thumb_360_w": 360,
                "thumb_360_h": 237,
                "thumb_480": "https:\/\/files.slack.com\/files-tmb\/TCR2U6UEM-F01DK3B52BV-bd17e4472a\/image_480.png?t=xoxe-433096232497-1684125439971-1696548615153-cd1d3d402b441a7d6039d167da7d37bd",
                "thumb_480_w": 480,
                "thumb_480_h": 316,
                "thumb_160": "https:\/\/files.slack.com\/files-tmb\/TCR2U6UEM-F01DK3B52BV-bd17e4472a\/image_160.png?t=xoxe-433096232497-1684125439971-1696548615153-cd1d3d402b441a7d6039d167da7d37bd",
                "thumb_720": "https:\/\/files.slack.com\/files-tmb\/TCR2U6UEM-F01DK3B52BV-bd17e4472a\/image_720.png?t=xoxe-433096232497-1684125439971-1696548615153-cd1d3d402b441a7d6039d167da7d37bd",
                "thumb_720_w": 720,
                "thumb_720_h": 473,
                "thumb_800": "https:\/\/files.slack.com\/files-tmb\/TCR2U6UEM-F01DK3B52BV-bd17e4472a\/image_800.png?t=xoxe-433096232497-1684125439971-1696548615153-cd1d3d402b441a7d6039d167da7d37bd",
                "thumb_800_w": 800,
                "thumb_800_h": 526,
                "thumb_960": "https:\/\/files.slack.com\/files-tmb\/TCR2U6UEM-F01DK3B52BV-bd17e4472a\/image_960.png?t=xoxe-433096232497-1684125439971-1696548615153-cd1d3d402b441a7d6039d167da7d37bd",
                "thumb_960_w": 960,
                "thumb_960_h": 631,
                "original_w": 1013,
                "original_h": 666,
                "thumb_tiny": "AwAfADCnSgUuTTgTimITApMU8Ek0hJBpgNpKcTkU2kAtKKSigB3SikzRmncANJS0lID\/2Q==",
                "permalink": "https:\/\/rawbaconrobotics.slack.com\/files\/U018URES8KV\/F01DK3B52BV\/image.png",
                "permalink_public": "https:\/\/slack-files.com\/TCR2U6UEM-F01DK3B52BV-48e2318261",
                "is_starred": false,
                "has_rich_preview": false
            }
        ],
        "upload": false,
        "blocks": [
            {
                "type": "rich_text",
                "block_id": "J7G",
                "elements": [
                    {
                        "type": "rich_text_section",
                        "elements": [
                            {
                                "type": "user",
                                "user_id": "U0193D42LHJ"
                            },
                            {
                                "type": "text",
                                "text": " Polycarbonate dimensions"
                            }
                        ]
                    }
                ]
            }
        ],
        "user": "U018URES8KV",
        "display_as_bot": false,
        "ts": "1603922985.000300"
    },
    {
        "client_msg_id": "EF0644D1-D889-457C-906D-04422B6320A7",
        "type": "message",
        "text": "Hey guys I shared the design overview template with all of you ",
        "user": "U018QFKN44W",
        "ts": "1603926497.001200",
        "team": "TCR2U6UEM",
        "user_team": "TCR2U6UEM",
        "source_team": "TCR2U6UEM",
        "user_profile": {
            "avatar_hash": "032f80dfd458",
            "image_72": "https:\/\/avatars.slack-edge.com\/2020-09-11\/1371096170705_032f80dfd458ccdaccbe_72.png",
            "first_name": "Cecilia",
            "real_name": "Cecilia Clark",
            "display_name": "Ceci",
            "team": "TCR2U6UEM",
            "name": "cecla22",
            "is_restricted": false,
            "is_ultra_restricted": false
        },
        "blocks": [
            {
                "type": "rich_text",
                "block_id": "hbgFO",
                "elements": [
                    {
                        "type": "rich_text_section",
                        "elements": [
                            {
                                "type": "text",
                                "text": "Hey guys I shared the design overview template with all of you "
                            }
                        ]
                    }
                ]
            }
        ]
    },
    {
        "client_msg_id": "6160074B-8039-4BBD-97B8-88FCC37DFD79",
        "type": "message",
        "text": "Ashley I don’t know you’re Emily you are the only one I’m missing ",
        "user": "U018QFKN44W",
        "ts": "1603926513.001800",
        "team": "TCR2U6UEM",
        "user_team": "TCR2U6UEM",
        "source_team": "TCR2U6UEM",
        "user_profile": {
            "avatar_hash": "032f80dfd458",
            "image_72": "https:\/\/avatars.slack-edge.com\/2020-09-11\/1371096170705_032f80dfd458ccdaccbe_72.png",
            "first_name": "Cecilia",
            "real_name": "Cecilia Clark",
            "display_name": "Ceci",
            "team": "TCR2U6UEM",
            "name": "cecla22",
            "is_restricted": false,
            "is_ultra_restricted": false
        },
        "blocks": [
            {
                "type": "rich_text",
                "block_id": "sBM3s",
                "elements": [
                    {
                        "type": "rich_text_section",
                        "elements": [
                            {
                                "type": "text",
                                "text": "Ashley I don’t know you’re Emily you are the only one I’m missing "
                            }
                        ]
                    }
                ]
            }
        ]
    },
    {
        "client_msg_id": "D2FE5373-B5FC-4947-89C4-BDE66D16DB66",
        "type": "message",
        "text": "For now I think you all should just write about your prototypes and if you need help I’m here ",
        "user": "U018QFKN44W",
        "ts": "1603926539.002600",
        "team": "TCR2U6UEM",
        "user_team": "TCR2U6UEM",
        "source_team": "TCR2U6UEM",
        "user_profile": {
            "avatar_hash": "032f80dfd458",
            "image_72": "https:\/\/avatars.slack-edge.com\/2020-09-11\/1371096170705_032f80dfd458ccdaccbe_72.png",
            "first_name": "Cecilia",
            "real_name": "Cecilia Clark",
            "display_name": "Ceci",
            "team": "TCR2U6UEM",
            "name": "cecla22",
            "is_restricted": false,
            "is_ultra_restricted": false
        },
        "blocks": [
            {
                "type": "rich_text",
                "block_id": "xry",
                "elements": [
                    {
                        "type": "rich_text_section",
                        "elements": [
                            {
                                "type": "text",
                                "text": "For now I think you all should just write about your prototypes and if you need help I’m here "
                            }
                        ]
                    }
                ]
            }
        ]
    },
    {
        "client_msg_id": "7FC5005D-1537-46AC-8E72-8D9F5E5C6ECF",
        "type": "message",
        "text": "<@U0193D42LHJ> were you going to do the chassis?",
        "user": "U018X7N6MMG",
        "ts": "1603926916.003600",
        "team": "TCR2U6UEM",
        "user_team": "TCR2U6UEM",
        "source_team": "TCR2U6UEM",
        "user_profile": {
            "avatar_hash": "ba89825d3b7b",
            "image_72": "https:\/\/avatars.slack-edge.com\/2020-09-11\/1355949232709_ba89825d3b7bcf995dc9_72.png",
            "first_name": "Keith",
            "real_name": "Keith Friestad",
            "display_name": "",
            "team": "TCR2U6UEM",
            "name": "keith.friestad",
            "is_restricted": false,
            "is_ultra_restricted": false
        },
        "blocks": [
            {
                "type": "rich_text",
                "block_id": "GlO",
                "elements": [
                    {
                        "type": "rich_text_section",
                        "elements": [
                            {
                                "type": "user",
                                "user_id": "U0193D42LHJ"
                            },
                            {
                                "type": "text",
                                "text": " were you going to do the chassis?"
                            }
                        ]
                    }
                ]
            }
        ]
    },
    {
        "client_msg_id": "b184a36a-a0f2-46d0-bd38-26c1a4745c34",
        "type": "message",
        "text": "sure, I can do that part",
        "user": "U0193D42LHJ",
        "ts": "1603927037.003800",
        "team": "TCR2U6UEM",
        "user_team": "TCR2U6UEM",
        "source_team": "TCR2U6UEM",
        "user_profile": {
            "avatar_hash": "ac92a4993882",
            "image_72": "https:\/\/avatars.slack-edge.com\/2020-09-18\/1380577414884_ac92a4993882a5db4876_72.png",
            "first_name": "Elliot",
            "real_name": "Elliot Schmidt",
            "display_name": "Elliot",
            "team": "TCR2U6UEM",
            "name": "elliotschmidt2002",
            "is_restricted": false,
            "is_ultra_restricted": false
        },
        "blocks": [
            {
                "type": "rich_text",
                "block_id": "HaHx",
                "elements": [
                    {
                        "type": "rich_text_section",
                        "elements": [
                            {
                                "type": "text",
                                "text": "sure, I can do that part"
                            }
                        ]
                    }
                ]
            }
        ]
    },
    {
        "client_msg_id": "24deef64-1378-465f-acbe-54da365b0056",
        "type": "message",
        "text": "Elliot if you're working on the chassis bars I can cut out the polycarbonate with Crawford on Tuesday or whenever he's gonna be there",
        "user": "U018URES8KV",
        "ts": "1603927331.004600",
        "team": "TCR2U6UEM",
        "user_team": "TCR2U6UEM",
        "source_team": "TCR2U6UEM",
        "user_profile": {
            "avatar_hash": "1b6b64ea950d",
            "image_72": "https:\/\/avatars.slack-edge.com\/2020-09-18\/1380553169540_1b6b64ea950dd455ff25_72.jpg",
            "first_name": "Adam",
            "real_name": "Adam Holmes",
            "display_name": "Adam Holmes",
            "team": "TCR2U6UEM",
            "name": "adamup555",
            "is_restricted": false,
            "is_ultra_restricted": false
        },
        "blocks": [
            {
                "type": "rich_text",
                "block_id": "va0",
                "elements": [
                    {
                        "type": "rich_text_section",
                        "elements": [
                            {
                                "type": "text",
                                "text": "Elliot if you're working on the chassis bars I can cut out the polycarbonate with Crawford on Tuesday or whenever he's gonna be there"
                            }
                        ]
                    }
                ]
            }
        ]
    },
    {
        "client_msg_id": "07403e42-3919-4dc4-80ab-b5fd4310da17",
        "type": "message",
        "text": "It won't be as pretty but it'll work",
        "user": "U018URES8KV",
        "ts": "1603927347.005400",
        "team": "TCR2U6UEM",
        "user_team": "TCR2U6UEM",
        "source_team": "TCR2U6UEM",
        "user_profile": {
            "avatar_hash": "1b6b64ea950d",
            "image_72": "https:\/\/avatars.slack-edge.com\/2020-09-18\/1380553169540_1b6b64ea950dd455ff25_72.jpg",
            "first_name": "Adam",
            "real_name": "Adam Holmes",
            "display_name": "Adam Holmes",
            "team": "TCR2U6UEM",
            "name": "adamup555",
            "is_restricted": false,
            "is_ultra_restricted": false
        },
        "blocks": [
            {
                "type": "rich_text",
                "block_id": "EV\/",
                "elements": [
                    {
                        "type": "rich_text_section",
                        "elements": [
                            {
                                "type": "text",
                                "text": "It won't be as pretty but it'll work"
                            }
                        ]
                    }
                ]
            }
        ]
    },
    {
        "client_msg_id": "8f5aed25-befd-4ec0-b50a-bd6cb96104f6",
        "type": "message",
        "text": "you can if you want, I don't really care",
        "user": "U0193D42LHJ",
        "ts": "1603927350.005500",
        "team": "TCR2U6UEM",
        "user_team": "TCR2U6UEM",
        "source_team": "TCR2U6UEM",
        "user_profile": {
            "avatar_hash": "ac92a4993882",
            "image_72": "https:\/\/avatars.slack-edge.com\/2020-09-18\/1380577414884_ac92a4993882a5db4876_72.png",
            "first_name": "Elliot",
            "real_name": "Elliot Schmidt",
            "display_name": "Elliot",
            "team": "TCR2U6UEM",
            "name": "elliotschmidt2002",
            "is_restricted": false,
            "is_ultra_restricted": false
        },
        "blocks": [
            {
                "type": "rich_text",
                "block_id": "Oqp",
                "elements": [
                    {
                        "type": "rich_text_section",
                        "elements": [
                            {
                                "type": "text",
                                "text": "you can if you want, I don't really care"
                            }
                        ]
                    }
                ]
            }
        ]
    },
    {
        "client_msg_id": "e668cfa7-98fc-40c5-9473-2ae7c3bf5b14",
        "type": "message",
        "text": "<https:\/\/www.gobilda.com\/2-pos-jst-vh-mh-fc-to-3-5mm-bullet-mh-fc-adaptor-100mm-length\/>",
        "user": "U018X7N6MMG",
        "ts": "1603947662.005700",
        "team": "TCR2U6UEM",
        "user_team": "TCR2U6UEM",
        "source_team": "TCR2U6UEM",
        "user_profile": {
            "avatar_hash": "ba89825d3b7b",
            "image_72": "https:\/\/avatars.slack-edge.com\/2020-09-11\/1355949232709_ba89825d3b7bcf995dc9_72.png",
            "first_name": "Keith",
            "real_name": "Keith Friestad",
            "display_name": "",
            "team": "TCR2U6UEM",
            "name": "keith.friestad",
            "is_restricted": false,
            "is_ultra_restricted": false
        },
        "blocks": [
            {
                "type": "rich_text",
                "block_id": "DFA+",
                "elements": [
                    {
                        "type": "rich_text_section",
                        "elements": [
                            {
                                "type": "link",
                                "url": "https:\/\/www.gobilda.com\/2-pos-jst-vh-mh-fc-to-3-5mm-bullet-mh-fc-adaptor-100mm-length\/"
                            }
                        ]
                    }
                ]
            }
        ]
    },
    {
        "client_msg_id": "d5e7aad2-89ca-4dba-8dd8-0fbc3861c618",
        "type": "message",
        "text": "<@U016G7WR3KJ>",
        "user": "U018X7N6MMG",
        "ts": "1603947669.005900",
        "team": "TCR2U6UEM",
        "user_team": "TCR2U6UEM",
        "source_team": "TCR2U6UEM",
        "user_profile": {
            "avatar_hash": "ba89825d3b7b",
            "image_72": "https:\/\/avatars.slack-edge.com\/2020-09-11\/1355949232709_ba89825d3b7bcf995dc9_72.png",
            "first_name": "Keith",
            "real_name": "Keith Friestad",
            "display_name": "",
            "team": "TCR2U6UEM",
            "name": "keith.friestad",
            "is_restricted": false,
            "is_ultra_restricted": false
        },
        "blocks": [
            {
                "type": "rich_text",
                "block_id": "6ziR",
                "elements": [
                    {
                        "type": "rich_text_section",
                        "elements": [
                            {
                                "type": "user",
                                "user_id": "U016G7WR3KJ"
                            }
                        ]
                    }
                ]
            }
        ]
    },
    {
        "client_msg_id": "125bd12c-3ce2-427a-9735-57c93badd9aa",
        "type": "message",
        "text": "What is this for",
        "user": "U016G7WR3KJ",
        "ts": "1603948355.006100",
        "team": "TCR2U6UEM",
        "user_team": "TCR2U6UEM",
        "source_team": "TCR2U6UEM",
        "user_profile": {
            "avatar_hash": "bbe6b64d1e6f",
            "image_72": "https:\/\/avatars.slack-edge.com\/2020-09-12\/1359637227778_bbe6b64d1e6f191982dd_72.jpg",
            "first_name": "Robbie",
            "real_name": "Robbie Thibodeau",
            "display_name": "Robbie Thibodeau",
            "team": "TCR2U6UEM",
            "name": "rgtthibodeau",
            "is_restricted": false,
            "is_ultra_restricted": false
        },
        "blocks": [
            {
                "type": "rich_text",
                "block_id": "sPl",
                "elements": [
                    {
                        "type": "rich_text_section",
                        "elements": [
                            {
                                "type": "text",
                                "text": "What is this for"
                            }
                        ]
                    }
                ]
            }
        ]
    },
    {
        "client_msg_id": "7F627B4C-1D95-4CA6-81B7-6AB1EEC0FD5A",
        "type": "message",
        "text": "You said Elliot made those",
        "user": "U018X7N6MMG",
        "ts": "1603948365.006400",
        "team": "TCR2U6UEM",
        "user_team": "TCR2U6UEM",
        "source_team": "TCR2U6UEM",
        "user_profile": {
            "avatar_hash": "ba89825d3b7b",
            "image_72": "https:\/\/avatars.slack-edge.com\/2020-09-11\/1355949232709_ba89825d3b7bcf995dc9_72.png",
            "first_name": "Keith",
            "real_name": "Keith Friestad",
            "display_name": "",
            "team": "TCR2U6UEM",
            "name": "keith.friestad",
            "is_restricted": false,
            "is_ultra_restricted": false
        },
        "blocks": [
            {
                "type": "rich_text",
                "block_id": "+IEp",
                "elements": [
                    {
                        "type": "rich_text_section",
                        "elements": [
                            {
                                "type": "text",
                                "text": "You said Elliot made those"
                            }
                        ]
                    }
                ]
            }
        ]
    },
    {
        "client_msg_id": "0ba8611b-2cd3-4e46-9198-a604da03ee2c",
        "type": "message",
        "text": "No I didnt",
        "user": "U016G7WR3KJ",
        "ts": "1603948373.006600",
        "team": "TCR2U6UEM",
        "user_team": "TCR2U6UEM",
        "source_team": "TCR2U6UEM",
        "user_profile": {
            "avatar_hash": "bbe6b64d1e6f",
            "image_72": "https:\/\/avatars.slack-edge.com\/2020-09-12\/1359637227778_bbe6b64d1e6f191982dd_72.jpg",
            "first_name": "Robbie",
            "real_name": "Robbie Thibodeau",
            "display_name": "Robbie Thibodeau",
            "team": "TCR2U6UEM",
            "name": "rgtthibodeau",
            "is_restricted": false,
            "is_ultra_restricted": false
        },
        "blocks": [
            {
                "type": "rich_text",
                "block_id": "TK7nS",
                "elements": [
                    {
                        "type": "rich_text_section",
                        "elements": [
                            {
                                "type": "text",
                                "text": "No I didnt"
                            }
                        ]
                    }
                ]
            }
        ]
    },
    {
        "client_msg_id": "db33fc96-ac1f-4771-93de-5b4c6628bedb",
        "type": "message",
        "text": "I said he made one of them",
        "user": "U016G7WR3KJ",
        "ts": "1603948381.007000",
        "team": "TCR2U6UEM",
        "user_team": "TCR2U6UEM",
        "source_team": "TCR2U6UEM",
        "user_profile": {
            "avatar_hash": "bbe6b64d1e6f",
            "image_72": "https:\/\/avatars.slack-edge.com\/2020-09-12\/1359637227778_bbe6b64d1e6f191982dd_72.jpg",
            "first_name": "Robbie",
            "real_name": "Robbie Thibodeau",
            "display_name": "Robbie Thibodeau",
            "team": "TCR2U6UEM",
            "name": "rgtthibodeau",
            "is_restricted": false,
            "is_ultra_restricted": false
        },
        "blocks": [
            {
                "type": "rich_text",
                "block_id": "RnQ4h",
                "elements": [
                    {
                        "type": "rich_text_section",
                        "elements": [
                            {
                                "type": "text",
                                "text": "I said he made one of them"
                            }
                        ]
                    }
                ]
            }
        ]
    },
    {
        "client_msg_id": "55921c32-5e1f-411e-afa1-f23ed9f3fc68",
        "type": "message",
        "text": "I could make them",
        "user": "U0193D42LHJ",
        "ts": "1603948385.007300",
        "team": "TCR2U6UEM",
        "user_team": "TCR2U6UEM",
        "source_team": "TCR2U6UEM",
        "user_profile": {
            "avatar_hash": "ac92a4993882",
            "image_72": "https:\/\/avatars.slack-edge.com\/2020-09-18\/1380577414884_ac92a4993882a5db4876_72.png",
            "first_name": "Elliot",
            "real_name": "Elliot Schmidt",
            "display_name": "Elliot",
            "team": "TCR2U6UEM",
            "name": "elliotschmidt2002",
            "is_restricted": false,
            "is_ultra_restricted": false
        },
        "blocks": [
            {
                "type": "rich_text",
                "block_id": "Jiw",
                "elements": [
                    {
                        "type": "rich_text_section",
                        "elements": [
                            {
                                "type": "text",
                                "text": "I could make them"
                            }
                        ]
                    }
                ]
            }
        ]
    },
    {
        "client_msg_id": "F885A375-CB77-402E-88B1-D83CF5BA7D98",
        "type": "message",
        "text": "I made one to xt30",
        "user": "U018X7N6MMG",
        "ts": "1603948401.008100",
        "team": "TCR2U6UEM",
        "user_team": "TCR2U6UEM",
        "source_team": "TCR2U6UEM",
        "user_profile": {
            "avatar_hash": "ba89825d3b7b",
            "image_72": "https:\/\/avatars.slack-edge.com\/2020-09-11\/1355949232709_ba89825d3b7bcf995dc9_72.png",
            "first_name": "Keith",
            "real_name": "Keith Friestad",
            "display_name": "",
            "team": "TCR2U6UEM",
            "name": "keith.friestad",
            "is_restricted": false,
            "is_ultra_restricted": false
        },
        "blocks": [
            {
                "type": "rich_text",
                "block_id": "K49",
                "elements": [
                    {
                        "type": "rich_text_section",
                        "elements": [
                            {
                                "type": "text",
                                "text": "I made one to xt30"
                            }
                        ]
                    }
                ]
            }
        ]
    },
    {
        "client_msg_id": "9c8bd82c-2ea2-4020-a773-81a6a6653981",
        "type": "message",
        "text": "You modified one last year and then put isn't back together",
        "user": "U016G7WR3KJ",
        "ts": "1603948402.008200",
        "team": "TCR2U6UEM",
        "user_team": "TCR2U6UEM",
        "source_team": "TCR2U6UEM",
        "user_profile": {
            "avatar_hash": "bbe6b64d1e6f",
            "image_72": "https:\/\/avatars.slack-edge.com\/2020-09-12\/1359637227778_bbe6b64d1e6f191982dd_72.jpg",
            "first_name": "Robbie",
            "real_name": "Robbie Thibodeau",
            "display_name": "Robbie Thibodeau",
            "team": "TCR2U6UEM",
            "name": "rgtthibodeau",
            "is_restricted": false,
            "is_ultra_restricted": false
        },
        "blocks": [
            {
                "type": "rich_text",
                "block_id": "5PWm",
                "elements": [
                    {
                        "type": "rich_text_section",
                        "elements": [
                            {
                                "type": "text",
                                "text": "You modified one last year and then put isn't back together"
                            }
                        ]
                    }
                ]
            }
        ]
    },
    {
        "client_msg_id": "3fe8fd09-973f-48e4-87d9-ec6fe77baaf2",
        "type": "message",
        "text": "Its covered in heatshrik",
        "user": "U016G7WR3KJ",
        "ts": "1603948416.008700",
        "team": "TCR2U6UEM",
        "user_team": "TCR2U6UEM",
        "source_team": "TCR2U6UEM",
        "user_profile": {
            "avatar_hash": "bbe6b64d1e6f",
            "image_72": "https:\/\/avatars.slack-edge.com\/2020-09-12\/1359637227778_bbe6b64d1e6f191982dd_72.jpg",
            "first_name": "Robbie",
            "real_name": "Robbie Thibodeau",
            "display_name": "Robbie Thibodeau",
            "team": "TCR2U6UEM",
            "name": "rgtthibodeau",
            "is_restricted": false,
            "is_ultra_restricted": false
        },
        "blocks": [
            {
                "type": "rich_text",
                "block_id": "tN\/h",
                "elements": [
                    {
                        "type": "rich_text_section",
                        "elements": [
                            {
                                "type": "text",
                                "text": "Its covered in heatshrik"
                            }
                        ]
                    }
                ]
            }
        ]
    }
]