[
    {
        "client_msg_id": "CDEACECC-61C4-4D6D-AA90-C38CB094D193",
        "type": "message",
        "text": "Hey do we know when the next FMEA is happening?",
        "user": "U018QFKN44W",
        "ts": "1608504837.000600",
        "team": "TCR2U6UEM",
        "user_team": "TCR2U6UEM",
        "source_team": "TCR2U6UEM",
        "user_profile": {
            "avatar_hash": "032f80dfd458",
            "image_72": "https:\/\/avatars.slack-edge.com\/2020-09-11\/1371096170705_032f80dfd458ccdaccbe_72.png",
            "first_name": "Cecilia",
            "real_name": "Cecilia Clark",
            "display_name": "Ceci",
            "team": "TCR2U6UEM",
            "name": "cecla22",
            "is_restricted": false,
            "is_ultra_restricted": false
        },
        "blocks": [
            {
                "type": "rich_text",
                "block_id": "l8k7",
                "elements": [
                    {
                        "type": "rich_text_section",
                        "elements": [
                            {
                                "type": "text",
                                "text": "Hey do we know when the next FMEA is happening?"
                            }
                        ]
                    }
                ]
            }
        ]
    },
    {
        "client_msg_id": "3be0b821-8bbd-46e6-838d-5677534fb916",
        "type": "message",
        "text": "Probably not for a bit",
        "user": "U018URES8KV",
        "ts": "1608504880.001000",
        "team": "TCR2U6UEM",
        "user_team": "TCR2U6UEM",
        "source_team": "TCR2U6UEM",
        "user_profile": {
            "avatar_hash": "1b6b64ea950d",
            "image_72": "https:\/\/avatars.slack-edge.com\/2020-09-18\/1380553169540_1b6b64ea950dd455ff25_72.jpg",
            "first_name": "Adam",
            "real_name": "Adam Holmes",
            "display_name": "Adam Holmes",
            "team": "TCR2U6UEM",
            "name": "adamup555",
            "is_restricted": false,
            "is_ultra_restricted": false
        },
        "blocks": [
            {
                "type": "rich_text",
                "block_id": "25+fA",
                "elements": [
                    {
                        "type": "rich_text_section",
                        "elements": [
                            {
                                "type": "text",
                                "text": "Probably not for a bit"
                            }
                        ]
                    }
                ]
            }
        ]
    },
    {
        "client_msg_id": "a8ab06f0-08c8-43d6-a1aa-f6e928dcad46",
        "type": "message",
        "text": "We have a lot of things in the works",
        "user": "U018URES8KV",
        "ts": "1608504889.001300",
        "team": "TCR2U6UEM",
        "user_team": "TCR2U6UEM",
        "source_team": "TCR2U6UEM",
        "user_profile": {
            "avatar_hash": "1b6b64ea950d",
            "image_72": "https:\/\/avatars.slack-edge.com\/2020-09-18\/1380553169540_1b6b64ea950dd455ff25_72.jpg",
            "first_name": "Adam",
            "real_name": "Adam Holmes",
            "display_name": "Adam Holmes",
            "team": "TCR2U6UEM",
            "name": "adamup555",
            "is_restricted": false,
            "is_ultra_restricted": false
        },
        "blocks": [
            {
                "type": "rich_text",
                "block_id": "su2Bp",
                "elements": [
                    {
                        "type": "rich_text_section",
                        "elements": [
                            {
                                "type": "text",
                                "text": "We have a lot of things in the works"
                            }
                        ]
                    }
                ]
            }
        ]
    },
    {
        "client_msg_id": "eba3920a-08e7-4974-bba2-595c4f3c8297",
        "type": "message",
        "text": "The next thing will probably be Nathan's hopper, or the launcher and intake",
        "user": "U018URES8KV",
        "ts": "1608504909.002100",
        "team": "TCR2U6UEM",
        "user_team": "TCR2U6UEM",
        "source_team": "TCR2U6UEM",
        "user_profile": {
            "avatar_hash": "1b6b64ea950d",
            "image_72": "https:\/\/avatars.slack-edge.com\/2020-09-18\/1380553169540_1b6b64ea950dd455ff25_72.jpg",
            "first_name": "Adam",
            "real_name": "Adam Holmes",
            "display_name": "Adam Holmes",
            "team": "TCR2U6UEM",
            "name": "adamup555",
            "is_restricted": false,
            "is_ultra_restricted": false
        },
        "blocks": [
            {
                "type": "rich_text",
                "block_id": "zUCuX",
                "elements": [
                    {
                        "type": "rich_text_section",
                        "elements": [
                            {
                                "type": "text",
                                "text": "The next thing will probably be Nathan's hopper, or the launcher and intake"
                            }
                        ]
                    }
                ]
            }
        ]
    },
    {
        "client_msg_id": "81c9d55d-6a20-4dce-882c-d73494717f3e",
        "type": "message",
        "text": "Each of those would be a separate one",
        "user": "U018URES8KV",
        "ts": "1608504918.002500",
        "team": "TCR2U6UEM",
        "user_team": "TCR2U6UEM",
        "source_team": "TCR2U6UEM",
        "user_profile": {
            "avatar_hash": "1b6b64ea950d",
            "image_72": "https:\/\/avatars.slack-edge.com\/2020-09-18\/1380553169540_1b6b64ea950dd455ff25_72.jpg",
            "first_name": "Adam",
            "real_name": "Adam Holmes",
            "display_name": "Adam Holmes",
            "team": "TCR2U6UEM",
            "name": "adamup555",
            "is_restricted": false,
            "is_ultra_restricted": false
        },
        "blocks": [
            {
                "type": "rich_text",
                "block_id": "VpvgM",
                "elements": [
                    {
                        "type": "rich_text_section",
                        "elements": [
                            {
                                "type": "text",
                                "text": "Each of those would be a separate one"
                            }
                        ]
                    }
                ]
            }
        ]
    },
    {
        "client_msg_id": "4233b02f-fb98-4e25-8c76-8af737f4627f",
        "type": "message",
        "text": "The odometry also",
        "user": "U018URES8KV",
        "ts": "1608504924.002700",
        "team": "TCR2U6UEM",
        "user_team": "TCR2U6UEM",
        "source_team": "TCR2U6UEM",
        "user_profile": {
            "avatar_hash": "1b6b64ea950d",
            "image_72": "https:\/\/avatars.slack-edge.com\/2020-09-18\/1380553169540_1b6b64ea950dd455ff25_72.jpg",
            "first_name": "Adam",
            "real_name": "Adam Holmes",
            "display_name": "Adam Holmes",
            "team": "TCR2U6UEM",
            "name": "adamup555",
            "is_restricted": false,
            "is_ultra_restricted": false
        },
        "blocks": [
            {
                "type": "rich_text",
                "block_id": "01Bc",
                "elements": [
                    {
                        "type": "rich_text_section",
                        "elements": [
                            {
                                "type": "text",
                                "text": "The odometry also"
                            }
                        ]
                    }
                ]
            }
        ]
    },
    {
        "client_msg_id": "1657ac3e-2de4-48fd-85e2-2b05a58c5578",
        "type": "message",
        "text": "And if the wobble goal arm is significantly changed",
        "user": "U018URES8KV",
        "ts": "1608504932.003100",
        "team": "TCR2U6UEM",
        "user_team": "TCR2U6UEM",
        "source_team": "TCR2U6UEM",
        "user_profile": {
            "avatar_hash": "1b6b64ea950d",
            "image_72": "https:\/\/avatars.slack-edge.com\/2020-09-18\/1380553169540_1b6b64ea950dd455ff25_72.jpg",
            "first_name": "Adam",
            "real_name": "Adam Holmes",
            "display_name": "Adam Holmes",
            "team": "TCR2U6UEM",
            "name": "adamup555",
            "is_restricted": false,
            "is_ultra_restricted": false
        },
        "edited": {
            "user": "U018URES8KV",
            "ts": "1608504942.000000"
        },
        "blocks": [
            {
                "type": "rich_text",
                "block_id": "GKyej",
                "elements": [
                    {
                        "type": "rich_text_section",
                        "elements": [
                            {
                                "type": "text",
                                "text": "And if the wobble goal arm is significantly changed"
                            }
                        ]
                    }
                ]
            }
        ]
    },
    {
        "client_msg_id": "5029949F-CAD0-4640-B312-23F0263B8349",
        "type": "message",
        "text": "Yea ",
        "user": "U018QFKN44W",
        "ts": "1608505012.003500",
        "team": "TCR2U6UEM",
        "user_team": "TCR2U6UEM",
        "source_team": "TCR2U6UEM",
        "user_profile": {
            "avatar_hash": "032f80dfd458",
            "image_72": "https:\/\/avatars.slack-edge.com\/2020-09-11\/1371096170705_032f80dfd458ccdaccbe_72.png",
            "first_name": "Cecilia",
            "real_name": "Cecilia Clark",
            "display_name": "Ceci",
            "team": "TCR2U6UEM",
            "name": "cecla22",
            "is_restricted": false,
            "is_ultra_restricted": false
        },
        "blocks": [
            {
                "type": "rich_text",
                "block_id": "+UHI",
                "elements": [
                    {
                        "type": "rich_text_section",
                        "elements": [
                            {
                                "type": "text",
                                "text": "Yea "
                            }
                        ]
                    }
                ]
            }
        ]
    }
]