[
    {
        "client_msg_id": "bcd3b16b-2086-493e-9eac-5afe73a7b903",
        "type": "message",
        "text": "So I have the polycarbonate cut, I'm printing the new tpu piece now, and then since we could mount it higher on the robot, now we can put some sort of bracket or cover so when the arm picks up the wobble goal it can't slide back",
        "user": "U018URES8KV",
        "ts": "1609610840.001400",
        "team": "TCR2U6UEM",
        "user_team": "TCR2U6UEM",
        "source_team": "TCR2U6UEM",
        "user_profile": {
            "avatar_hash": "1b6b64ea950d",
            "image_72": "https:\/\/avatars.slack-edge.com\/2020-09-18\/1380553169540_1b6b64ea950dd455ff25_72.jpg",
            "first_name": "Adam",
            "real_name": "Adam Holmes",
            "display_name": "Adam Holmes",
            "team": "TCR2U6UEM",
            "name": "adamup555",
            "is_restricted": false,
            "is_ultra_restricted": false
        },
        "blocks": [
            {
                "type": "rich_text",
                "block_id": "ceu",
                "elements": [
                    {
                        "type": "rich_text_section",
                        "elements": [
                            {
                                "type": "text",
                                "text": "So I have the polycarbonate cut, I'm printing the new tpu piece now, and then since we could mount it higher on the robot, now we can put some sort of bracket or cover so when the arm picks up the wobble goal it can't slide back"
                            }
                        ]
                    }
                ]
            }
        ]
    },
    {
        "client_msg_id": "930FD334-364D-4B7E-BC6A-B3B8D05B4B31",
        "type": "message",
        "text": "Yeah",
        "user": "U018X7N6MMG",
        "ts": "1609611578.001600",
        "team": "TCR2U6UEM",
        "user_team": "TCR2U6UEM",
        "source_team": "TCR2U6UEM",
        "user_profile": {
            "avatar_hash": "ba89825d3b7b",
            "image_72": "https:\/\/avatars.slack-edge.com\/2020-09-11\/1355949232709_ba89825d3b7bcf995dc9_72.png",
            "first_name": "Keith",
            "real_name": "Keith Friestad",
            "display_name": "",
            "team": "TCR2U6UEM",
            "name": "keith.friestad",
            "is_restricted": false,
            "is_ultra_restricted": false
        },
        "blocks": [
            {
                "type": "rich_text",
                "block_id": "TMZD+",
                "elements": [
                    {
                        "type": "rich_text_section",
                        "elements": [
                            {
                                "type": "text",
                                "text": "Yeah"
                            }
                        ]
                    }
                ]
            }
        ]
    },
    {
        "client_msg_id": "B6FE728A-DA1B-4903-B0C3-B4A7887D1CC6",
        "type": "message",
        "text": "If you drop it off at my house I can try to get something built",
        "user": "U018X7N6MMG",
        "ts": "1609611610.002600",
        "team": "TCR2U6UEM",
        "user_team": "TCR2U6UEM",
        "source_team": "TCR2U6UEM",
        "user_profile": {
            "avatar_hash": "ba89825d3b7b",
            "image_72": "https:\/\/avatars.slack-edge.com\/2020-09-11\/1355949232709_ba89825d3b7bcf995dc9_72.png",
            "first_name": "Keith",
            "real_name": "Keith Friestad",
            "display_name": "",
            "team": "TCR2U6UEM",
            "name": "keith.friestad",
            "is_restricted": false,
            "is_ultra_restricted": false
        },
        "blocks": [
            {
                "type": "rich_text",
                "block_id": "1IHQz",
                "elements": [
                    {
                        "type": "rich_text_section",
                        "elements": [
                            {
                                "type": "text",
                                "text": "If you drop it off at my house I can try to get something built"
                            }
                        ]
                    }
                ]
            }
        ]
    },
    {
        "client_msg_id": "10ef2d57-dc93-4dfe-b21e-2db34c80f827",
        "type": "message",
        "text": "I might do that. I do have a couple ideas",
        "user": "U018URES8KV",
        "ts": "1609611628.003100",
        "team": "TCR2U6UEM",
        "user_team": "TCR2U6UEM",
        "source_team": "TCR2U6UEM",
        "user_profile": {
            "avatar_hash": "1b6b64ea950d",
            "image_72": "https:\/\/avatars.slack-edge.com\/2020-09-18\/1380553169540_1b6b64ea950dd455ff25_72.jpg",
            "first_name": "Adam",
            "real_name": "Adam Holmes",
            "display_name": "Adam Holmes",
            "team": "TCR2U6UEM",
            "name": "adamup555",
            "is_restricted": false,
            "is_ultra_restricted": false
        },
        "blocks": [
            {
                "type": "rich_text",
                "block_id": "l7ST",
                "elements": [
                    {
                        "type": "rich_text_section",
                        "elements": [
                            {
                                "type": "text",
                                "text": "I might do that. I do have a couple ideas"
                            }
                        ]
                    }
                ]
            }
        ]
    },
    {
        "client_msg_id": "848bae29-8c55-4f16-b5c1-1d0f52c30f8e",
        "type": "message",
        "text": "I wanna try first tho",
        "user": "U018URES8KV",
        "ts": "1609611635.003400",
        "team": "TCR2U6UEM",
        "user_team": "TCR2U6UEM",
        "source_team": "TCR2U6UEM",
        "user_profile": {
            "avatar_hash": "1b6b64ea950d",
            "image_72": "https:\/\/avatars.slack-edge.com\/2020-09-18\/1380553169540_1b6b64ea950dd455ff25_72.jpg",
            "first_name": "Adam",
            "real_name": "Adam Holmes",
            "display_name": "Adam Holmes",
            "team": "TCR2U6UEM",
            "name": "adamup555",
            "is_restricted": false,
            "is_ultra_restricted": false
        },
        "blocks": [
            {
                "type": "rich_text",
                "block_id": "1ev",
                "elements": [
                    {
                        "type": "rich_text_section",
                        "elements": [
                            {
                                "type": "text",
                                "text": "I wanna try first tho"
                            }
                        ]
                    }
                ]
            }
        ]
    },
    {
        "client_msg_id": "92A52BBF-9925-42D5-980F-E26C7C509A8C",
        "type": "message",
        "text": "Ok just lmk if you need parts",
        "user": "U018X7N6MMG",
        "ts": "1609612865.003500",
        "team": "TCR2U6UEM",
        "user_team": "TCR2U6UEM",
        "source_team": "TCR2U6UEM",
        "user_profile": {
            "avatar_hash": "ba89825d3b7b",
            "image_72": "https:\/\/avatars.slack-edge.com\/2020-09-11\/1355949232709_ba89825d3b7bcf995dc9_72.png",
            "first_name": "Keith",
            "real_name": "Keith Friestad",
            "display_name": "",
            "team": "TCR2U6UEM",
            "name": "keith.friestad",
            "is_restricted": false,
            "is_ultra_restricted": false
        },
        "blocks": [
            {
                "type": "rich_text",
                "block_id": "\/nXn",
                "elements": [
                    {
                        "type": "rich_text_section",
                        "elements": [
                            {
                                "type": "text",
                                "text": "Ok just lmk if you need parts"
                            }
                        ]
                    }
                ]
            }
        ]
    }
]