[
    {
        "client_msg_id": "9d7ad474-af4d-438d-8a98-4af384659441",
        "type": "message",
        "text": "The intake walls are both printed",
        "user": "U018URES8KV",
        "ts": "1610902005.037700",
        "team": "TCR2U6UEM",
        "user_team": "TCR2U6UEM",
        "source_team": "TCR2U6UEM",
        "user_profile": {
            "avatar_hash": "1b6b64ea950d",
            "image_72": "https:\/\/avatars.slack-edge.com\/2020-09-18\/1380553169540_1b6b64ea950dd455ff25_72.jpg",
            "first_name": "Adam",
            "real_name": "Adam Holmes",
            "display_name": "Adam Holmes",
            "team": "TCR2U6UEM",
            "name": "adamup555",
            "is_restricted": false,
            "is_ultra_restricted": false
        },
        "blocks": [
            {
                "type": "rich_text",
                "block_id": "LbaR",
                "elements": [
                    {
                        "type": "rich_text_section",
                        "elements": [
                            {
                                "type": "text",
                                "text": "The intake walls are both printed"
                            }
                        ]
                    }
                ]
            }
        ],
        "reactions": [
            {
                "name": "kamen_pog",
                "users": [
                    "U010DDZ3FJR",
                    "U018URES8KV"
                ],
                "count": 2
            }
        ]
    },
    {
        "client_msg_id": "8aa7e773-8bab-459a-9130-f605c6a64140",
        "type": "message",
        "text": "They're so much better",
        "user": "U018URES8KV",
        "ts": "1610902008.037900",
        "team": "TCR2U6UEM",
        "user_team": "TCR2U6UEM",
        "source_team": "TCR2U6UEM",
        "user_profile": {
            "avatar_hash": "1b6b64ea950d",
            "image_72": "https:\/\/avatars.slack-edge.com\/2020-09-18\/1380553169540_1b6b64ea950dd455ff25_72.jpg",
            "first_name": "Adam",
            "real_name": "Adam Holmes",
            "display_name": "Adam Holmes",
            "team": "TCR2U6UEM",
            "name": "adamup555",
            "is_restricted": false,
            "is_ultra_restricted": false
        },
        "blocks": [
            {
                "type": "rich_text",
                "block_id": "haO",
                "elements": [
                    {
                        "type": "rich_text_section",
                        "elements": [
                            {
                                "type": "text",
                                "text": "They're so much better"
                            }
                        ]
                    }
                ]
            }
        ]
    },
    {
        "client_msg_id": "b6fed42e-64fe-499d-9457-0e2d37f71582",
        "type": "message",
        "text": "Who should I drop them off to?",
        "user": "U018URES8KV",
        "ts": "1610902013.038200",
        "team": "TCR2U6UEM",
        "user_team": "TCR2U6UEM",
        "source_team": "TCR2U6UEM",
        "user_profile": {
            "avatar_hash": "1b6b64ea950d",
            "image_72": "https:\/\/avatars.slack-edge.com\/2020-09-18\/1380553169540_1b6b64ea950dd455ff25_72.jpg",
            "first_name": "Adam",
            "real_name": "Adam Holmes",
            "display_name": "Adam Holmes",
            "team": "TCR2U6UEM",
            "name": "adamup555",
            "is_restricted": false,
            "is_ultra_restricted": false
        },
        "blocks": [
            {
                "type": "rich_text",
                "block_id": "upPD=",
                "elements": [
                    {
                        "type": "rich_text_section",
                        "elements": [
                            {
                                "type": "text",
                                "text": "Who should I drop them off to?"
                            }
                        ]
                    }
                ]
            }
        ]
    },
    {
        "client_msg_id": "143ae805-34c1-4ddd-b1dd-bf84eaa93f35",
        "type": "message",
        "text": "I think Elliot has the chassis?",
        "user": "U010DDZ3FJR",
        "ts": "1610921634.038800",
        "team": "TCR2U6UEM",
        "user_team": "TCR2U6UEM",
        "source_team": "TCR2U6UEM",
        "user_profile": {
            "avatar_hash": "fda0a36a8605",
            "image_72": "https:\/\/avatars.slack-edge.com\/2020-09-18\/1386993799393_fda0a36a86053c692b20_72.jpg",
            "first_name": "Luke",
            "real_name": "Luke Aschenbrenner",
            "display_name": "Luke Aschenbrenner",
            "team": "TCR2U6UEM",
            "name": "ashbren21",
            "is_restricted": false,
            "is_ultra_restricted": false
        },
        "blocks": [
            {
                "type": "rich_text",
                "block_id": "9Vd",
                "elements": [
                    {
                        "type": "rich_text_section",
                        "elements": [
                            {
                                "type": "text",
                                "text": "I think Elliot has the chassis?"
                            }
                        ]
                    }
                ]
            }
        ]
    },
    {
        "client_msg_id": "65548154-8ac9-4f3e-9c37-f19efd266012",
        "type": "message",
        "text": "I have the chassis but not the rest of the intake parts",
        "user": "U0193D42LHJ",
        "ts": "1610922175.039300",
        "team": "TCR2U6UEM",
        "user_team": "TCR2U6UEM",
        "source_team": "TCR2U6UEM",
        "user_profile": {
            "avatar_hash": "ac92a4993882",
            "image_72": "https:\/\/avatars.slack-edge.com\/2020-09-18\/1380577414884_ac92a4993882a5db4876_72.png",
            "first_name": "Elliot",
            "real_name": "Elliot Schmidt",
            "display_name": "Elliot",
            "team": "TCR2U6UEM",
            "name": "elliotschmidt2002",
            "is_restricted": false,
            "is_ultra_restricted": false
        },
        "blocks": [
            {
                "type": "rich_text",
                "block_id": "zyxJ\/",
                "elements": [
                    {
                        "type": "rich_text_section",
                        "elements": [
                            {
                                "type": "text",
                                "text": "I have the chassis but not the rest of the intake parts"
                            }
                        ]
                    }
                ]
            }
        ]
    }
]